[Licensing::Module] Trying to connect to existing licensing client channel...
[Licensing::IpcConnector] Successfully connected to: "LicenseClient-Nasho's Laptop" at "2026-04-18T17:27:32.7007175Z"
Built from '6000.3/staging' branch; Version is '6000.3.2f1 (a9779f353c9b) revision 11106207'; Using compiler version '194234433'; Build Type 'Release'
OS: 'Windows 11  (10.0.22631) 64bit Core' Language: 'en' Physical Memory: 16022 MB
BatchMode: 1, IsHumanControllingUs: 0, StartBugReporterOnCrash: 0, Is64bit: 1
Date: 2026-04-18T17:27:32Z

COMMAND LINE ARGUMENTS:
C:\Program Files\Unity\Hub\Editor\6000.3.2f1\Editor\Unity.exe
-adb2
-batchMode
-noUpm
-name
AssetImportWorker0
-projectPath
C:/Users/Nasho's Laptop/BaroodProject
-logFile
Logs/AssetImportWorker0.log
-srvPort
52372
-licensingIpc
LicenseClient-Nasho's Laptop
-job-worker-count
5
-background-job-worker-count
8
-gc-helper-count
1
-name
AssetImport
Successfully changed project path to: C:/Users/Nasho's Laptop/BaroodProject
C:/Users/Nasho's Laptop/BaroodProject
[UnityMemory] Configuration Parameters - Can be set up in boot.config
    "memorysetup-temp-allocator-size-nav-mesh-worker=65536"
    "memorysetup-temp-allocator-size-audio-worker=65536"
    "memorysetup-temp-allocator-size-gfx=262144"
    "memorysetup-allocator-temp-initial-block-size-main=262144"
    "memorysetup-allocator-temp-initial-block-size-worker=262144"
    "memorysetup-temp-allocator-size-background-worker=32768"
    "memorysetup-temp-allocator-size-job-worker=262144"
    "memorysetup-temp-allocator-size-preload-manager=33554432"
    "memorysetup-temp-allocator-size-gi-baking-worker=262144"
    "memorysetup-temp-allocator-size-gi-baking-worker=262144"
    "memorysetup-temp-allocator-size-gi-baking-worker=262144"
    "memorysetup-temp-allocator-size-gi-baking-worker=262144"
    "memorysetup-temp-allocator-size-gi-baking-worker=262144"
    "memorysetup-bucket-allocator-granularity=16"
    "memorysetup-bucket-allocator-bucket-count=8"
    "memorysetup-bucket-allocator-block-size=33554432"
    "memorysetup-bucket-allocator-block-count=8"
    "memorysetup-main-allocator-block-size=16777216"
    "memorysetup-thread-allocator-block-size=16777216"
    "memorysetup-gfx-main-allocator-block-size=16777216"
    "memorysetup-gfx-thread-allocator-block-size=16777216"
    "memorysetup-cache-allocator-block-size=4194304"
    "memorysetup-typetree-allocator-block-size=2097152"
    "memorysetup-profiler-bucket-allocator-granularity=16"
    "memorysetup-profiler-bucket-allocator-bucket-count=8"
    "memorysetup-profiler-bucket-allocator-block-size=33554432"
    "memorysetup-profiler-bucket-allocator-block-count=8"
    "memorysetup-profiler-allocator-block-size=16777216"
    "memorysetup-profiler-editor-allocator-block-size=1048576"
    "memorysetup-temp-allocator-size-main=16777216"
    "memorysetup-job-temp-allocator-block-size=2097152"
    "memorysetup-job-temp-allocator-block-size-background=1048576"
    "memorysetup-job-temp-allocator-reduction-small-platforms=262144"
    "memorysetup-temp-allocator-size-cloud-worker=32768"
Player connection [5544]  Target information:

Player connection [5544]  * "[IP] 192.168.56.1 [Port] 0 [Flags] 2 [Guid] 2399203360 [EditorId] 2399203360 [Version] 1048832 [Id] WindowsEditor(7,Nashos-Laptop) [Debug] 1 [PackageName] WindowsEditor [ProjectName] Editor" 

Player connection [5544]  * "[IP] 172.28.64.1 [Port] 0 [Flags] 2 [Guid] 2399203360 [EditorId] 2399203360 [Version] 1048832 [Id] WindowsEditor(7,Nashos-Laptop) [Debug] 1 [PackageName] WindowsEditor [ProjectName] Editor" 

Player connection [5544]  * "[IP] 192.168.1.15 [Port] 0 [Flags] 2 [Guid] 2399203360 [EditorId] 2399203360 [Version] 1048832 [Id] WindowsEditor(7,Nashos-Laptop) [Debug] 1 [PackageName] WindowsEditor [ProjectName] Editor" 

Player connection [5544] Host joined multi-casting on [225.0.0.222:54997]...
Player connection [5544] Host joined alternative multi-casting on [225.0.0.222:34997]...
JobSystem: Creating JobQueue using job-worker-count value 5
Input System module state changed to: Initialized.
[Physics::Module] Initialized fallback backend.
[Physics::Module] Id: 0xdecafbad
Library Redirect Path: Library/
[Physics::Module] Selected backend.
[Physics::Module] Name: PhysX
[Physics::Module] Id: 0xf2b8ea05
[Physics::Module] SDK Version: 4.1.2
[Physics::Module] Integration Version: 1.0.0
[Physics::Module] Threading Mode: Multi-Threaded
Refreshing native plugins compatible for Editor in 195.56 ms, found 4 plugins.
Preloading 1 native plugins for Editor in 19.02 ms.
Initialize engine version: 6000.3.2f1 (a9779f353c9b)
[Subsystems] Discovering subsystems at path C:/Program Files/Unity/Hub/Editor/6000.3.2f1/Editor/Data/Resources/UnitySubsystems
[Subsystems] Discovering subsystems at path C:/Users/Nasho's Laptop/BaroodProject/Assets
GfxDevice: creating device client; kGfxThreadingModeNonThreaded
Direct3D:
    Version:  Direct3D 11.0 [level 11.1]
    Renderer: NVIDIA GeForce RTX 3050 Laptop GPU (ID=0x25a2)
    Vendor:   NVIDIA
    VRAM:     3962 MB
    Driver:   32.0.15.9174
[Licensing::Client] Handshaking with LicensingClient:
  Version:                 1.17.4+4293ba1
  Session Id:              f1480238acd343f69d256302e7e49f12
  Correlation Id:          b710478ac8a57904e87962d5b44555e2
  External correlation Id: 4743221473026328644
  Machine Id:              3pMXqMslrahDS7j/dCPXZgJJwOs=
[Licensing::Module] Successfully connected to LicensingClient on channel: "LicenseClient-Nasho's Laptop" (connect: 0.00s, validation: 0.00s, handshake: 2.40s)
[Licensing::IpcConnector] Successfully connected to: "LicenseClient-Nasho's Laptop-notifications" at "2026-04-18T17:27:35.0994884Z"
[Licensing::Module] Licensing Background thread has ended after 2.40s
Initialize mono
Mono path[0] = 'C:/Program Files/Unity/Hub/Editor/6000.3.2f1/Editor/Data/Managed'
Mono path[1] = 'C:/Program Files/Unity/Hub/Editor/6000.3.2f1/Editor/Data/MonoBleedingEdge/lib/mono/unityjit-win32'
Mono config path = 'C:/Program Files/Unity/Hub/Editor/6000.3.2f1/Editor/Data/MonoBleedingEdge/etc'
Using monoOptions --debugger-agent=transport=dt_socket,embedding=1,server=y,suspend=n,address=127.0.0.1:56724
Begin MonoManager ReloadAssembly
Registering precompiled unity dll's ...
Register platform support module: C:/Program Files/Unity/Hub/Editor/6000.3.2f1/Editor/Data/PlaybackEngines/WebGLSupport/UnityEditor.WebGL.Extensions.dll
Register platform support module: C:/Program Files/Unity/Hub/Editor/6000.3.2f1/Editor/Data/PlaybackEngines/WindowsStandaloneSupport/UnityEditor.WindowsStandalone.Extensions.dll
Registered in 0.014259 seconds.
- Loaded All Assemblies, in 63.122 seconds
Native extension for WindowsStandalone target not found
Native extension for WebGL target not found
Mono: successfully reloaded assembly
- Finished resetting the current domain, in  2.941 seconds
Domain Reload Profiling: 66027ms
	BeginReloadAssembly (59926ms)
		ExecutionOrderSort (0ms)
		DisableScriptedObjects (0ms)
		BackupInstance (0ms)
		ReleaseScriptingObjects (0ms)
		CreateAndSetChildDomain (1ms)
	RebuildCommonClasses (461ms)
	RebuildNativeTypeToScriptingClass (102ms)
	initialDomainReloadingComplete (512ms)
	LoadAllAssembliesAndSetupDomain (2083ms)
		LoadAssemblies (59937ms)
		RebuildTransferFunctionScriptingTraits (0ms)
		AnalyzeDomain (2053ms)
			TypeCache.Refresh (2048ms)
				TypeCache.ScanAssembly (1989ms)
			BuildScriptInfoCaches (0ms)
			ResolveRequiredComponents (1ms)
	FinalizeReload (2943ms)
		ReleaseScriptCaches (0ms)
		RebuildScriptCaches (0ms)
		SetupLoadedEditorAssemblies (2619ms)
			LogAssemblyErrors (0ms)
			InitializePlatformSupportModulesInManaged (321ms)
			SetLoadedEditorAssemblies (26ms)
			BeforeProcessingInitializeOnLoad (1053ms)
			ProcessInitializeOnLoadAttributes (646ms)
			ProcessInitializeOnLoadMethodAttributes (571ms)
			AfterProcessingInitializeOnLoad (0ms)
			EditorAssembliesLoaded (2ms)
		ExecutionOrderSort2 (0ms)
		AwakeInstancesAfterBackupRestoration (0ms)
Script 'Packages/com.unity.ai.assistant/Modules/Unity.AI.Generators.UI/Actions/FeedbackActions.cs' will not be compiled because it exists outside the Assets folder and does not to belong to any assembly definition file.
Script 'Packages/com.unity.ai.assistant/Modules/Unity.AI.Toolkit.Compliance/AssemblyInfo.cs' will not be compiled because it exists outside the Assets folder and does not to belong to any assembly definition file.
Script 'Packages/com.unity.ai.assistant/Modules/Unity.AI.Generators.UI/Windows/GenerationFeedbackWindow.cs' will not be compiled because it exists outside the Assets folder and does not to belong to any assembly definition file.
Script 'Packages/com.unity.ai.assistant/Modules/Unity.AI.Toolkit.GenerationContextMenu/AssemblyInfo.cs' will not be compiled because it exists outside the Assets folder and does not to belong to any assembly definition file.
Script 'Packages/com.unity.ai.assistant/Modules/Unity.AI.Toolkit.Utility/AssemblyInfo.cs' will not be compiled because it exists outside the Assets folder and does not to belong to any assembly definition file.
Script 'Packages/com.unity.ai.assistant/Modules/Unity.AI.Generators.UI/Manipulators/GenerationFeedbackManipulator.cs' will not be compiled because it exists outside the Assets folder and does not to belong to any assembly definition file.
Script 'Packages/com.unity.ai.assistant/Modules/Unity.AI.Mesh/Utilities/MeshPostProcessing.cs' will not be compiled because it exists outside the Assets folder and does not to belong to any assembly definition file.
Script 'Packages/com.unity.ai.assistant/Modules/Unity.AI.Mesh/Windows/MeshSettingsWindow.cs' will not be compiled because it exists outside the Assets folder and does not to belong to any assembly definition file.
Script 'Packages/com.unity.ai.assistant/Modules/Unity.AI.Generators.UI/Contexts/FeedbackSourceContext.cs' will not be compiled because it exists outside the Assets folder and does not to belong to any assembly definition file.
Script 'Packages/com.unity.ai.assistant/Modules/Unity.AI.Mesh/Components/MeshSettings/MeshSettings.cs' will not be compiled because it exists outside the Assets folder and does not to belong to any assembly definition file.
Script 'Packages/com.unity.ai.assistant/Modules/Unity.AI.Mesh/Services/Stores/States/MeshSettingsState.cs' will not be compiled because it exists outside the Assets folder and does not to belong to any assembly definition file.
========================================================================
Worker process is ready to serve import requests
Import Worker Mode flag is 0x00
Script 'Packages/com.unity.ai.assistant/Modules/Unity.AI.Generators.UI/Actions/FeedbackActions.cs' will not be compiled because it exists outside the Assets folder and does not to belong to any assembly definition file.
Script 'Packages/com.unity.ai.assistant/Modules/Unity.AI.Toolkit.Compliance/AssemblyInfo.cs' will not be compiled because it exists outside the Assets folder and does not to belong to any assembly definition file.
Script 'Packages/com.unity.ai.assistant/Modules/Unity.AI.Generators.UI/Windows/GenerationFeedbackWindow.cs' will not be compiled because it exists outside the Assets folder and does not to belong to any assembly definition file.
Script 'Packages/com.unity.ai.assistant/Modules/Unity.AI.Toolkit.GenerationContextMenu/AssemblyInfo.cs' will not be compiled because it exists outside the Assets folder and does not to belong to any assembly definition file.
Script 'Packages/com.unity.ai.assistant/Modules/Unity.AI.Toolkit.Utility/AssemblyInfo.cs' will not be compiled because it exists outside the Assets folder and does not to belong to any assembly definition file.
Script 'Packages/com.unity.ai.assistant/Modules/Unity.AI.Generators.UI/Manipulators/GenerationFeedbackManipulator.cs' will not be compiled because it exists outside the Assets folder and does not to belong to any assembly definition file.
Script 'Packages/com.unity.ai.assistant/Modules/Unity.AI.Mesh/Utilities/MeshPostProcessing.cs' will not be compiled because it exists outside the Assets folder and does not to belong to any assembly definition file.
Script 'Packages/com.unity.ai.assistant/Modules/Unity.AI.Mesh/Windows/MeshSettingsWindow.cs' will not be compiled because it exists outside the Assets folder and does not to belong to any assembly definition file.
Script 'Packages/com.unity.ai.assistant/Modules/Unity.AI.Generators.UI/Contexts/FeedbackSourceContext.cs' will not be compiled because it exists outside the Assets folder and does not to belong to any assembly definition file.
Script 'Packages/com.unity.ai.assistant/Modules/Unity.AI.Mesh/Components/MeshSettings/MeshSettings.cs' will not be compiled because it exists outside the Assets folder and does not to belong to any assembly definition file.
Script 'Packages/com.unity.ai.assistant/Modules/Unity.AI.Mesh/Services/Stores/States/MeshSettingsState.cs' will not be compiled because it exists outside the Assets folder and does not to belong to any assembly definition file.
Script 'Packages/com.unity.ai.assistant/Modules/Unity.AI.Generators.UI/Actions/FeedbackActions.cs' will not be compiled because it exists outside the Assets folder and does not to belong to any assembly definition file.
Script 'Packages/com.unity.ai.assistant/Modules/Unity.AI.Toolkit.Compliance/AssemblyInfo.cs' will not be compiled because it exists outside the Assets folder and does not to belong to any assembly definition file.
Script 'Packages/com.unity.ai.assistant/Modules/Unity.AI.Generators.UI/Windows/GenerationFeedbackWindow.cs' will not be compiled because it exists outside the Assets folder and does not to belong to any assembly definition file.
Script 'Packages/com.unity.ai.assistant/Modules/Unity.AI.Toolkit.GenerationContextMenu/AssemblyInfo.cs' will not be compiled because it exists outside the Assets folder and does not to belong to any assembly definition file.
Script 'Packages/com.unity.ai.assistant/Modules/Unity.AI.Toolkit.Utility/AssemblyInfo.cs' will not be compiled because it exists outside the Assets folder and does not to belong to any assembly definition file.
Script 'Packages/com.unity.ai.assistant/Modules/Unity.AI.Generators.UI/Manipulators/GenerationFeedbackManipulator.cs' will not be compiled because it exists outside the Assets folder and does not to belong to any assembly definition file.
Script 'Packages/com.unity.ai.assistant/Modules/Unity.AI.Mesh/Utilities/MeshPostProcessing.cs' will not be compiled because it exists outside the Assets folder and does not to belong to any assembly definition file.
Script 'Packages/com.unity.ai.assistant/Modules/Unity.AI.Mesh/Windows/MeshSettingsWindow.cs' will not be compiled because it exists outside the Assets folder and does not to belong to any assembly definition file.
Script 'Packages/com.unity.ai.assistant/Modules/Unity.AI.Generators.UI/Contexts/FeedbackSourceContext.cs' will not be compiled because it exists outside the Assets folder and does not to belong to any assembly definition file.
Script 'Packages/com.unity.ai.assistant/Modules/Unity.AI.Mesh/Components/MeshSettings/MeshSettings.cs' will not be compiled because it exists outside the Assets folder and does not to belong to any assembly definition file.
Script 'Packages/com.unity.ai.assistant/Modules/Unity.AI.Mesh/Services/Stores/States/MeshSettingsState.cs' will not be compiled because it exists outside the Assets folder and does not to belong to any assembly definition file.
Begin MonoManager ReloadAssembly
[Licensing::Client] Successfully resolved entitlement details
[Licensing::Module] License group:
  Id: 18968363785902-UnityPersXXXX
  Product: Unity Personal
  Type: Assigned
  Expiration: Unlimited
Duplicate assembly 'System.Runtime.CompilerServices.Unsafe.dll' with different versions detected, using 'Packages/com.unity.ai.assistant/Plugins/Shared/System.Runtime.CompilerServices.Unsafe.dll, AssemblyName=System.Runtime.CompilerServices.Unsafe, Version=6.0.3.0, Culture=neutral, PublicKeyToken=b03f5f7f11d50a3a' and ignoring 'Packages/com.unity.collections/Unity.Collections.Tests/System.Runtime.CompilerServices.Unsafe/System.Runtime.CompilerServices.Unsafe.dll, AssemblyName=System.Runtime.CompilerServices.Unsafe, Version=6.0.0.0, Culture=neutral, PublicKeyToken=b03f5f7f11d50a3a'.Symbol file LoadedFromMemory is not a mono symbol file
Symbol file LoadedFromMemory is not a mono symbol file
- Loaded All Assemblies, in 19.746 seconds
Script 'Packages/com.unity.ai.assistant/Modules/Unity.AI.Generators.UI/Actions/FeedbackActions.cs' will not be compiled because it exists outside the Assets folder and does not to belong to any assembly definition file.
Script 'Packages/com.unity.ai.assistant/Modules/Unity.AI.Toolkit.Compliance/AssemblyInfo.cs' will not be compiled because it exists outside the Assets folder and does not to belong to any assembly definition file.
Script 'Packages/com.unity.ai.assistant/Modules/Unity.AI.Generators.UI/Windows/GenerationFeedbackWindow.cs' will not be compiled because it exists outside the Assets folder and does not to belong to any assembly definition file.
Script 'Packages/com.unity.ai.assistant/Modules/Unity.AI.Toolkit.GenerationContextMenu/AssemblyInfo.cs' will not be compiled because it exists outside the Assets folder and does not to belong to any assembly definition file.
Script 'Packages/com.unity.ai.assistant/Modules/Unity.AI.Toolkit.Utility/AssemblyInfo.cs' will not be compiled because it exists outside the Assets folder and does not to belong to any assembly definition file.
Script 'Packages/com.unity.ai.assistant/Modules/Unity.AI.Generators.UI/Manipulators/GenerationFeedbackManipulator.cs' will not be compiled because it exists outside the Assets folder and does not to belong to any assembly definition file.
Script 'Packages/com.unity.ai.assistant/Modules/Unity.AI.Mesh/Utilities/MeshPostProcessing.cs' will not be compiled because it exists outside the Assets folder and does not to belong to any assembly definition file.
Script 'Packages/com.unity.ai.assistant/Modules/Unity.AI.Mesh/Windows/MeshSettingsWindow.cs' will not be compiled because it exists outside the Assets folder and does not to belong to any assembly definition file.
Script 'Packages/com.unity.ai.assistant/Modules/Unity.AI.Generators.UI/Contexts/FeedbackSourceContext.cs' will not be compiled because it exists outside the Assets folder and does not to belong to any assembly definition file.
Script 'Packages/com.unity.ai.assistant/Modules/Unity.AI.Mesh/Components/MeshSettings/MeshSettings.cs' will not be compiled because it exists outside the Assets folder and does not to belong to any assembly definition file.
Script 'Packages/com.unity.ai.assistant/Modules/Unity.AI.Mesh/Services/Stores/States/MeshSettingsState.cs' will not be compiled because it exists outside the Assets folder and does not to belong to any assembly definition file.
Refreshing native plugins compatible for Editor in 132.27 ms, found 4 plugins.
Native extension for WindowsStandalone target not found
Native extension for WebGL target not found
Script 'Packages/com.unity.ai.assistant/Modules/Unity.AI.Generators.UI/Actions/FeedbackActions.cs' will not be compiled because it exists outside the Assets folder and does not to belong to any assembly definition file.
Script 'Packages/com.unity.ai.assistant/Modules/Unity.AI.Toolkit.Compliance/AssemblyInfo.cs' will not be compiled because it exists outside the Assets folder and does not to belong to any assembly definition file.
Script 'Packages/com.unity.ai.assistant/Modules/Unity.AI.Generators.UI/Windows/GenerationFeedbackWindow.cs' will not be compiled because it exists outside the Assets folder and does not to belong to any assembly definition file.
Script 'Packages/com.unity.ai.assistant/Modules/Unity.AI.Toolkit.GenerationContextMenu/AssemblyInfo.cs' will not be compiled because it exists outside the Assets folder and does not to belong to any assembly definition file.
Script 'Packages/com.unity.ai.assistant/Modules/Unity.AI.Toolkit.Utility/AssemblyInfo.cs' will not be compiled because it exists outside the Assets folder and does not to belong to any assembly definition file.
Script 'Packages/com.unity.ai.assistant/Modules/Unity.AI.Generators.UI/Manipulators/GenerationFeedbackManipulator.cs' will not be compiled because it exists outside the Assets folder and does not to belong to any assembly definition file.
Script 'Packages/com.unity.ai.assistant/Modules/Unity.AI.Mesh/Utilities/MeshPostProcessing.cs' will not be compiled because it exists outside the Assets folder and does not to belong to any assembly definition file.
Script 'Packages/com.unity.ai.assistant/Modules/Unity.AI.Mesh/Windows/MeshSettingsWindow.cs' will not be compiled because it exists outside the Assets folder and does not to belong to any assembly definition file.
Script 'Packages/com.unity.ai.assistant/Modules/Unity.AI.Generators.UI/Contexts/FeedbackSourceContext.cs' will not be compiled because it exists outside the Assets folder and does not to belong to any assembly definition file.
Script 'Packages/com.unity.ai.assistant/Modules/Unity.AI.Mesh/Components/MeshSettings/MeshSettings.cs' will not be compiled because it exists outside the Assets folder and does not to belong to any assembly definition file.
Script 'Packages/com.unity.ai.assistant/Modules/Unity.AI.Mesh/Services/Stores/States/MeshSettingsState.cs' will not be compiled because it exists outside the Assets folder and does not to belong to any assembly definition file.
Package Manager log level set to [2]
[Package Manager] Failed to launch server process. Reason: Unity was launched with the -noUpm command-line argument
[Package Manager] Unable to send message (not connected to server process).
[Package Manager] Cannot connect to Unity Package Manager local server
[Package Manager] Failed to launch server process. Reason: Unity was launched with the -noUpm command-line argument
[Package Manager] Unable to send message (not connected to server process).
[Package Manager] Cannot connect to Unity Package Manager local server
[Package Manager] Failed to launch server process. Reason: Unity was launched with the -noUpm command-line argument
[Package Manager] Unable to send message (not connected to server process).
[Package Manager] Cannot connect to Unity Package Manager local server
Mono: successfully reloaded assembly
- Finished resetting the current domain, in  2.903 seconds
Domain Reload Profiling: 22636ms
	BeginReloadAssembly (365ms)
		ExecutionOrderSort (0ms)
		DisableScriptedObjects (11ms)
		BackupInstance (0ms)
		ReleaseScriptingObjects (0ms)
		CreateAndSetChildDomain (70ms)
	RebuildCommonClasses (54ms)
	RebuildNativeTypeToScriptingClass (17ms)
	initialDomainReloadingComplete (132ms)
	LoadAllAssembliesAndSetupDomain (19165ms)
		LoadAssemblies (18618ms)
		RebuildTransferFunctionScriptingTraits (0ms)
		AnalyzeDomain (746ms)
			TypeCache.Refresh (584ms)
				TypeCache.ScanAssembly (549ms)
			BuildScriptInfoCaches (141ms)
			ResolveRequiredComponents (13ms)
	FinalizeReload (2903ms)
		ReleaseScriptCaches (0ms)
		RebuildScriptCaches (0ms)
		SetupLoadedEditorAssemblies (1405ms)
			LogAssemblyErrors (0ms)
			InitializePlatformSupportModulesInManaged (4ms)
			SetLoadedEditorAssemblies (7ms)
			BeforeProcessingInitializeOnLoad (407ms)
			ProcessInitializeOnLoadAttributes (642ms)
			ProcessInitializeOnLoadMethodAttributes (338ms)
			AfterProcessingInitializeOnLoad (7ms)
			EditorAssembliesLoaded (0ms)
		ExecutionOrderSort2 (0ms)
		AwakeInstancesAfterBackupRestoration (10ms)
Launched and connected shader compiler UnityShaderCompiler.exe after 0.02 seconds
Refreshing native plugins compatible for Editor in 10.28 ms, found 4 plugins.
Preloading 1 native plugins for Editor in 0.15 ms.
Unloading 60 Unused Serialized files (Serialized files now loaded: 0)
Unloading 10354 unused Assets / (20.9 MB). Loaded Objects now: 11205.
Memory consumption went from 207.2 MB to 186.3 MB.
Total: 35.850300 ms (FindLiveObjects: 2.180100 ms CreateObjectMapping: 2.173600 ms MarkObjects: 15.488400 ms  DeleteObjects: 16.004100 ms)

========================================================================
Received Import Request.
  Time since last request: 1049333.674635 seconds.
  path: Packages/com.unity.ai.toolkit
  artifactKey: Guid(086b62db16b641771dea1b64e4d66ecc) Importer(815301076,1909f56bfc062723c751e8b465ee728b)
Start importing Packages/com.unity.ai.toolkit using Guid(086b62db16b641771dea1b64e4d66ecc) Importer(815301076,1909f56bfc062723c751e8b465ee728b) (PreviewImporter) -> (artifact id: '3368a41de506ae520cb7aaf76338f16f') in 0.0299449 seconds
Number of updated asset objects reloaded before import = 0Number of asset objects unloaded after import = 0

========================================================================
Received Import Request.
  Time since last request: 64.009867 seconds.
  path: Packages/com.unity.ai.toolkit/CHANGELOG.md
  artifactKey: Guid(78d9e937029eb4ee1a8536e7b7a52d31) Importer(815301076,1909f56bfc062723c751e8b465ee728b)
Start importing Packages/com.unity.ai.toolkit/CHANGELOG.md using Guid(78d9e937029eb4ee1a8536e7b7a52d31) Importer(815301076,1909f56bfc062723c751e8b465ee728b) (PreviewImporter) -> (artifact id: '5fac1c77744e18a50b2faa289d248d22') in 0.0229576 seconds
Number of updated asset objects reloaded before import = 0Number of asset objects unloaded after import = 1

========================================================================
Received Import Request.
  Time since last request: 1.732296 seconds.
  path: Packages/com.unity.ai.toolkit/LICENSE.md
  artifactKey: Guid(1af6ce2eee4c44b67b7289bccb1b62d6) Importer(815301076,1909f56bfc062723c751e8b465ee728b)
Start importing Packages/com.unity.ai.toolkit/LICENSE.md using Guid(1af6ce2eee4c44b67b7289bccb1b62d6) Importer(815301076,1909f56bfc062723c751e8b465ee728b) (PreviewImporter) -> (artifact id: 'f0b995d042da052eb604a041544ba9c1') in 0.001354 seconds
Number of updated asset objects reloaded before import = 0Number of asset objects unloaded after import = 1

========================================================================
Received Import Request.
  Time since last request: 3.155989 seconds.
  path: Packages/com.unity.ai.toolkit/README.md
  artifactKey: Guid(c0c45da0ad8b848f2a41e773fd06afd7) Importer(815301076,1909f56bfc062723c751e8b465ee728b)
Start importing Packages/com.unity.ai.toolkit/README.md using Guid(c0c45da0ad8b848f2a41e773fd06afd7) Importer(815301076,1909f56bfc062723c751e8b465ee728b) (PreviewImporter) -> (artifact id: '3a792b4a2a78bcc9a08f83e446cb04b5') in 0.0022697 seconds
Number of updated asset objects reloaded before import = 0Number of asset objects unloaded after import = 1

========================================================================
Received Import Request.
  Time since last request: 30.780025 seconds.
  path: Packages/com.unity.ai.toolkit/Modules
  artifactKey: Guid(774d42d665e934a5d9f203fb7f960893) Importer(815301076,1909f56bfc062723c751e8b465ee728b)
Start importing Packages/com.unity.ai.toolkit/Modules using Guid(774d42d665e934a5d9f203fb7f960893) Importer(815301076,1909f56bfc062723c751e8b465ee728b) (PreviewImporter) -> (artifact id: '00000000000000000000000000000000') in 0.0012051 seconds
Import Error Code:(4)
Message: Build asset version error: packages/com.unity.ai.toolkit/modules.meta in SourceAssetDB has modification time of '2026-02-23T21:57:53.367Z' while content on disk has modification time of '0001-01-01T00:00:00Z'
  ERROR: Build asset version error: packages/com.unity.ai.toolkit/modules.meta in SourceAssetDB has modification time of '2026-02-23T21:57:53.367Z' while content on disk has modification time of '0001-01-01T00:00:00Z'
Number of updated asset objects reloaded before import = 0Number of asset objects unloaded after import = 0

========================================================================
Received Import Request.
  Time since last request: 0.000018 seconds.
  path: Packages/com.unity.ai.toolkit/Modules
  artifactKey: Guid(774d42d665e934a5d9f203fb7f960893) Importer(815301076,1909f56bfc062723c751e8b465ee728b)
Start importing Packages/com.unity.ai.toolkit/Modules using Guid(774d42d665e934a5d9f203fb7f960893) Importer(815301076,1909f56bfc062723c751e8b465ee728b) (PreviewImporter) -> (artifact id: '00000000000000000000000000000000') in 0.0005971 seconds
Import Error Code:(4)
Message: Build asset version error: packages/com.unity.ai.toolkit/modules.meta in SourceAssetDB has modification time of '2026-02-23T21:57:53.367Z' while content on disk has modification time of '0001-01-01T00:00:00Z'
  ERROR: Build asset version error: packages/com.unity.ai.toolkit/modules.meta in SourceAssetDB has modification time of '2026-02-23T21:57:53.367Z' while content on disk has modification time of '0001-01-01T00:00:00Z'
Number of updated asset objects reloaded before import = 0Number of asset objects unloaded after import = 0

========================================================================
Received Import Request.
  Time since last request: 0.000022 seconds.
  path: Packages/com.unity.ai.toolkit/Modules
  artifactKey: Guid(774d42d665e934a5d9f203fb7f960893) Importer(815301076,1909f56bfc062723c751e8b465ee728b)
Start importing Packages/com.unity.ai.toolkit/Modules using Guid(774d42d665e934a5d9f203fb7f960893) Importer(815301076,1909f56bfc062723c751e8b465ee728b) (PreviewImporter) -> (artifact id: '00000000000000000000000000000000') in 0.0006106 seconds
Import Error Code:(4)
Message: Build asset version error: packages/com.unity.ai.toolkit/modules.meta in SourceAssetDB has modification time of '2026-02-23T21:57:53.367Z' while content on disk has modification time of '0001-01-01T00:00:00Z'
  ERROR: Build asset version error: packages/com.unity.ai.toolkit/modules.meta in SourceAssetDB has modification time of '2026-02-23T21:57:53.367Z' while content on disk has modification time of '0001-01-01T00:00:00Z'
Number of updated asset objects reloaded before import = 0Number of asset objects unloaded after import = 0

========================================================================
Received Import Request.
  Time since last request: 0.000027 seconds.
  path: Packages/com.unity.ai.toolkit/Modules
  artifactKey: Guid(774d42d665e934a5d9f203fb7f960893) Importer(815301076,1909f56bfc062723c751e8b465ee728b)
Start importing Packages/com.unity.ai.toolkit/Modules using Guid(774d42d665e934a5d9f203fb7f960893) Importer(815301076,1909f56bfc062723c751e8b465ee728b) (PreviewImporter) -> (artifact id: '00000000000000000000000000000000') in 0.0007185 seconds
Import Error Code:(4)
Message: Build asset version error: packages/com.unity.ai.toolkit/modules.meta in SourceAssetDB has modification time of '2026-02-23T21:57:53.367Z' while content on disk has modification time of '0001-01-01T00:00:00Z'
  ERROR: Build asset version error: packages/com.unity.ai.toolkit/modules.meta in SourceAssetDB has modification time of '2026-02-23T21:57:53.367Z' while content on disk has modification time of '0001-01-01T00:00:00Z'
Number of updated asset objects reloaded before import = 0Number of asset objects unloaded after import = 0

========================================================================
Received Import Request.
  Time since last request: 0.000038 seconds.
  path: Packages/com.unity.ai.toolkit/Modules
  artifactKey: Guid(774d42d665e934a5d9f203fb7f960893) Importer(815301076,1909f56bfc062723c751e8b465ee728b)
Start importing Packages/com.unity.ai.toolkit/Modules using Guid(774d42d665e934a5d9f203fb7f960893) Importer(815301076,1909f56bfc062723c751e8b465ee728b) (PreviewImporter) -> (artifact id: '00000000000000000000000000000000') in 0.0008927 seconds
Import Error Code:(4)
Message: Build asset version error: packages/com.unity.ai.toolkit/modules.meta in SourceAssetDB has modification time of '2026-02-23T21:57:53.367Z' while content on disk has modification time of '0001-01-01T00:00:00Z'
  ERROR: Build asset version error: packages/com.unity.ai.toolkit/modules.meta in SourceAssetDB has modification time of '2026-02-23T21:57:53.367Z' while content on disk has modification time of '0001-01-01T00:00:00Z'
Number of updated asset objects reloaded before import = 0Number of asset objects unloaded after import = 0

========================================================================
Received Import Request.
  Time since last request: 0.000019 seconds.
  path: Packages/com.unity.ai.toolkit/Modules
  artifactKey: Guid(774d42d665e934a5d9f203fb7f960893) Importer(815301076,1909f56bfc062723c751e8b465ee728b)
Start importing Packages/com.unity.ai.toolkit/Modules using Guid(774d42d665e934a5d9f203fb7f960893) Importer(815301076,1909f56bfc062723c751e8b465ee728b) (PreviewImporter) -> (artifact id: '00000000000000000000000000000000') in 0.0006223 seconds
Import Error Code:(4)
Message: Build asset version error: packages/com.unity.ai.toolkit/modules.meta in SourceAssetDB has modification time of '2026-02-23T21:57:53.367Z' while content on disk has modification time of '0001-01-01T00:00:00Z'
  ERROR: Build asset version error: packages/com.unity.ai.toolkit/modules.meta in SourceAssetDB has modification time of '2026-02-23T21:57:53.367Z' while content on disk has modification time of '0001-01-01T00:00:00Z'
Number of updated asset objects reloaded before import = 0Number of asset objects unloaded after import = 0

========================================================================
Received Import Request.
  Time since last request: 0.000022 seconds.
  path: Packages/com.unity.ai.toolkit/Modules
  artifactKey: Guid(774d42d665e934a5d9f203fb7f960893) Importer(815301076,1909f56bfc062723c751e8b465ee728b)
Start importing Packages/com.unity.ai.toolkit/Modules using Guid(774d42d665e934a5d9f203fb7f960893) Importer(815301076,1909f56bfc062723c751e8b465ee728b) (PreviewImporter) -> (artifact id: '00000000000000000000000000000000') in 0.0007956 seconds
Import Error Code:(4)
Message: Build asset version error: packages/com.unity.ai.toolkit/modules.meta in SourceAssetDB has modification time of '2026-02-23T21:57:53.367Z' while content on disk has modification time of '0001-01-01T00:00:00Z'
  ERROR: Build asset version error: packages/com.unity.ai.toolkit/modules.meta in SourceAssetDB has modification time of '2026-02-23T21:57:53.367Z' while content on disk has modification time of '0001-01-01T00:00:00Z'
Number of updated asset objects reloaded before import = 0Number of asset objects unloaded after import = 0

========================================================================
Received Import Request.
  Time since last request: 0.000019 seconds.
  path: Packages/com.unity.ai.toolkit/Modules
  artifactKey: Guid(774d42d665e934a5d9f203fb7f960893) Importer(815301076,1909f56bfc062723c751e8b465ee728b)
Start importing Packages/com.unity.ai.toolkit/Modules using Guid(774d42d665e934a5d9f203fb7f960893) Importer(815301076,1909f56bfc062723c751e8b465ee728b) (PreviewImporter) -> (artifact id: '00000000000000000000000000000000') in 0.0007747 seconds
Import Error Code:(4)
Message: Build asset version error: packages/com.unity.ai.toolkit/modules.meta in SourceAssetDB has modification time of '2026-02-23T21:57:53.367Z' while content on disk has modification time of '0001-01-01T00:00:00Z'
  ERROR: Build asset version error: packages/com.unity.ai.toolkit/modules.meta in SourceAssetDB has modification time of '2026-02-23T21:57:53.367Z' while content on disk has modification time of '0001-01-01T00:00:00Z'
Number of updated asset objects reloaded before import = 0Number of asset objects unloaded after import = 0

========================================================================
Received Import Request.
  Time since last request: 0.000039 seconds.
  path: Packages/com.unity.ai.toolkit/Modules
  artifactKey: Guid(774d42d665e934a5d9f203fb7f960893) Importer(815301076,1909f56bfc062723c751e8b465ee728b)
Start importing Packages/com.unity.ai.toolkit/Modules using Guid(774d42d665e934a5d9f203fb7f960893) Importer(815301076,1909f56bfc062723c751e8b465ee728b) (PreviewImporter) -> (artifact id: '00000000000000000000000000000000') in 0.0011348 seconds
Import Error Code:(4)
Message: Build asset version error: packages/com.unity.ai.toolkit/modules.meta in SourceAssetDB has modification time of '2026-02-23T21:57:53.367Z' while content on disk has modification time of '0001-01-01T00:00:00Z'
  ERROR: Build asset version error: packages/com.unity.ai.toolkit/modules.meta in SourceAssetDB has modification time of '2026-02-23T21:57:53.367Z' while content on disk has modification time of '0001-01-01T00:00:00Z'
Number of updated asset objects reloaded before import = 0Number of asset objects unloaded after import = 0

========================================================================
Received Import Request.
  Time since last request: 0.000029 seconds.
  path: Packages/com.unity.ai.toolkit/Modules
  artifactKey: Guid(774d42d665e934a5d9f203fb7f960893) Importer(815301076,1909f56bfc062723c751e8b465ee728b)
Start importing Packages/com.unity.ai.toolkit/Modules using Guid(774d42d665e934a5d9f203fb7f960893) Importer(815301076,1909f56bfc062723c751e8b465ee728b) (PreviewImporter) -> (artifact id: '00000000000000000000000000000000') in 0.000665 seconds
Import Error Code:(4)
Message: Build asset version error: packages/com.unity.ai.toolkit/modules.meta in SourceAssetDB has modification time of '2026-02-23T21:57:53.367Z' while content on disk has modification time of '0001-01-01T00:00:00Z'
  ERROR: Build asset version error: packages/com.unity.ai.toolkit/modules.meta in SourceAssetDB has modification time of '2026-02-23T21:57:53.367Z' while content on disk has modification time of '0001-01-01T00:00:00Z'
Number of updated asset objects reloaded before import = 0Number of asset objects unloaded after import = 0

========================================================================
Received Import Request.
  Time since last request: 0.000034 seconds.
  path: Packages/com.unity.ai.toolkit/Modules
  artifactKey: Guid(774d42d665e934a5d9f203fb7f960893) Importer(815301076,1909f56bfc062723c751e8b465ee728b)
Start importing Packages/com.unity.ai.toolkit/Modules using Guid(774d42d665e934a5d9f203fb7f960893) Importer(815301076,1909f56bfc062723c751e8b465ee728b) (PreviewImporter) -> (artifact id: '00000000000000000000000000000000') in 0.000679 seconds
Import Error Code:(4)
Message: Build asset version error: packages/com.unity.ai.toolkit/modules.meta in SourceAssetDB has modification time of '2026-02-23T21:57:53.367Z' while content on disk has modification time of '0001-01-01T00:00:00Z'
  ERROR: Build asset version error: packages/com.unity.ai.toolkit/modules.meta in SourceAssetDB has modification time of '2026-02-23T21:57:53.367Z' while content on disk has modification time of '0001-01-01T00:00:00Z'
Number of updated asset objects reloaded before import = 0Number of asset objects unloaded after import = 0

========================================================================
Received Import Request.
  Time since last request: 0.000018 seconds.
  path: Packages/com.unity.ai.toolkit/Modules
  artifactKey: Guid(774d42d665e934a5d9f203fb7f960893) Importer(815301076,1909f56bfc062723c751e8b465ee728b)
Start importing Packages/com.unity.ai.toolkit/Modules using Guid(774d42d665e934a5d9f203fb7f960893) Importer(815301076,1909f56bfc062723c751e8b465ee728b) (PreviewImporter) -> (artifact id: '00000000000000000000000000000000') in 0.000708 seconds
Import Error Code:(4)
Message: Build asset version error: packages/com.unity.ai.toolkit/modules.meta in SourceAssetDB has modification time of '2026-02-23T21:57:53.367Z' while content on disk has modification time of '0001-01-01T00:00:00Z'
  ERROR: Build asset version error: packages/com.unity.ai.toolkit/modules.meta in SourceAssetDB has modification time of '2026-02-23T21:57:53.367Z' while content on disk has modification time of '0001-01-01T00:00:00Z'
Number of updated asset objects reloaded before import = 0Number of asset objects unloaded after import = 0

========================================================================
Received Import Request.
  Time since last request: 0.000018 seconds.
  path: Packages/com.unity.ai.toolkit/Modules
  artifactKey: Guid(774d42d665e934a5d9f203fb7f960893) Importer(815301076,1909f56bfc062723c751e8b465ee728b)
Start importing Packages/com.unity.ai.toolkit/Modules using Guid(774d42d665e934a5d9f203fb7f960893) Importer(815301076,1909f56bfc062723c751e8b465ee728b) (PreviewImporter) -> (artifact id: '00000000000000000000000000000000') in 0.0007517 seconds
Import Error Code:(4)
Message: Build asset version error: packages/com.unity.ai.toolkit/modules.meta in SourceAssetDB has modification time of '2026-02-23T21:57:53.367Z' while content on disk has modification time of '0001-01-01T00:00:00Z'
  ERROR: Build asset version error: packages/com.unity.ai.toolkit/modules.meta in SourceAssetDB has modification time of '2026-02-23T21:57:53.367Z' while content on disk has modification time of '0001-01-01T00:00:00Z'
Number of updated asset objects reloaded before import = 0Number of asset objects unloaded after import = 0

========================================================================
Received Import Request.
  Time since last request: 0.000017 seconds.
  path: Packages/com.unity.ai.toolkit/Modules
  artifactKey: Guid(774d42d665e934a5d9f203fb7f960893) Importer(815301076,1909f56bfc062723c751e8b465ee728b)
Start importing Packages/com.unity.ai.toolkit/Modules using Guid(774d42d665e934a5d9f203fb7f960893) Importer(815301076,1909f56bfc062723c751e8b465ee728b) (PreviewImporter) -> (artifact id: '00000000000000000000000000000000') in 0.0006622 seconds
Import Error Code:(4)
Message: Build asset version error: packages/com.unity.ai.toolkit/modules.meta in SourceAssetDB has modification time of '2026-02-23T21:57:53.367Z' while content on disk has modification time of '0001-01-01T00:00:00Z'
  ERROR: Build asset version error: packages/com.unity.ai.toolkit/modules.meta in SourceAssetDB has modification time of '2026-02-23T21:57:53.367Z' while content on disk has modification time of '0001-01-01T00:00:00Z'
Number of updated asset objects reloaded before import = 0Number of asset objects unloaded after import = 0

========================================================================
Received Import Request.
  Time since last request: 0.000042 seconds.
  path: Packages/com.unity.ai.toolkit/Modules
  artifactKey: Guid(774d42d665e934a5d9f203fb7f960893) Importer(815301076,1909f56bfc062723c751e8b465ee728b)
Start importing Packages/com.unity.ai.toolkit/Modules using Guid(774d42d665e934a5d9f203fb7f960893) Importer(815301076,1909f56bfc062723c751e8b465ee728b) (PreviewImporter) -> (artifact id: '00000000000000000000000000000000') in 0.0006072 seconds
Import Error Code:(4)
Message: Build asset version error: packages/com.unity.ai.toolkit/modules.meta in SourceAssetDB has modification time of '2026-02-23T21:57:53.367Z' while content on disk has modification time of '0001-01-01T00:00:00Z'
  ERROR: Build asset version error: packages/com.unity.ai.toolkit/modules.meta in SourceAssetDB has modification time of '2026-02-23T21:57:53.367Z' while content on disk has modification time of '0001-01-01T00:00:00Z'
Number of updated asset objects reloaded before import = 0Number of asset objects unloaded after import = 0

========================================================================
Received Import Request.
  Time since last request: 0.000016 seconds.
  path: Packages/com.unity.ai.toolkit/Modules
  artifactKey: Guid(774d42d665e934a5d9f203fb7f960893) Importer(815301076,1909f56bfc062723c751e8b465ee728b)
Start importing Packages/com.unity.ai.toolkit/Modules using Guid(774d42d665e934a5d9f203fb7f960893) Importer(815301076,1909f56bfc062723c751e8b465ee728b) (PreviewImporter) -> (artifact id: '00000000000000000000000000000000') in 0.0014649 seconds
Import Error Code:(4)
Message: Build asset version error: packages/com.unity.ai.toolkit/modules.meta in SourceAssetDB has modification time of '2026-02-23T21:57:53.367Z' while content on disk has modification time of '0001-01-01T00:00:00Z'
  ERROR: Build asset version error: packages/com.unity.ai.toolkit/modules.meta in SourceAssetDB has modification time of '2026-02-23T21:57:53.367Z' while content on disk has modification time of '0001-01-01T00:00:00Z'
Number of updated asset objects reloaded before import = 0Number of asset objects unloaded after import = 0

========================================================================
Received Import Request.
  Time since last request: 0.012669 seconds.
  path: Packages/com.unity.ai.toolkit/Modules/Accounts
  artifactKey: Guid(519eef95c28e47d0823f38c61a592f35) Importer(815301076,1909f56bfc062723c751e8b465ee728b)
Start importing Packages/com.unity.ai.toolkit/Modules/Accounts using Guid(519eef95c28e47d0823f38c61a592f35) Importer(815301076,1909f56bfc062723c751e8b465ee728b) (PreviewImporter) -> (artifact id: '00000000000000000000000000000000') in 0.0006016 seconds
Import Error Code:(4)
Message: Build asset version error: packages/com.unity.ai.toolkit/modules/accounts.meta in SourceAssetDB has modification time of '2026-02-23T21:57:53.367Z' while content on disk has modification time of '0001-01-01T00:00:00Z'
  ERROR: Build asset version error: packages/com.unity.ai.toolkit/modules/accounts.meta in SourceAssetDB has modification time of '2026-02-23T21:57:53.367Z' while content on disk has modification time of '0001-01-01T00:00:00Z'
Number of updated asset objects reloaded before import = 0Number of asset objects unloaded after import = 0

========================================================================
Received Import Request.
  Time since last request: 0.000021 seconds.
  path: Packages/com.unity.ai.toolkit/Modules/Accounts
  artifactKey: Guid(519eef95c28e47d0823f38c61a592f35) Importer(815301076,1909f56bfc062723c751e8b465ee728b)
Start importing Packages/com.unity.ai.toolkit/Modules/Accounts using Guid(519eef95c28e47d0823f38c61a592f35) Importer(815301076,1909f56bfc062723c751e8b465ee728b) (PreviewImporter) -> (artifact id: '00000000000000000000000000000000') in 0.0009502 seconds
Import Error Code:(4)
Message: Build asset version error: packages/com.unity.ai.toolkit/modules/accounts.meta in SourceAssetDB has modification time of '2026-02-23T21:57:53.367Z' while content on disk has modification time of '0001-01-01T00:00:00Z'
  ERROR: Build asset version error: packages/com.unity.ai.toolkit/modules/accounts.meta in SourceAssetDB has modification time of '2026-02-23T21:57:53.367Z' while content on disk has modification time of '0001-01-01T00:00:00Z'
Number of updated asset objects reloaded before import = 0Number of asset objects unloaded after import = 0

========================================================================
Received Import Request.
  Time since last request: 0.000023 seconds.
  path: Packages/com.unity.ai.toolkit/Modules/Accounts
  artifactKey: Guid(519eef95c28e47d0823f38c61a592f35) Importer(815301076,1909f56bfc062723c751e8b465ee728b)
Start importing Packages/com.unity.ai.toolkit/Modules/Accounts using Guid(519eef95c28e47d0823f38c61a592f35) Importer(815301076,1909f56bfc062723c751e8b465ee728b) (PreviewImporter) -> (artifact id: '00000000000000000000000000000000') in 0.0006668 seconds
Import Error Code:(4)
Message: Build asset version error: packages/com.unity.ai.toolkit/modules/accounts.meta in SourceAssetDB has modification time of '2026-02-23T21:57:53.367Z' while content on disk has modification time of '0001-01-01T00:00:00Z'
  ERROR: Build asset version error: packages/com.unity.ai.toolkit/modules/accounts.meta in SourceAssetDB has modification time of '2026-02-23T21:57:53.367Z' while content on disk has modification time of '0001-01-01T00:00:00Z'
Number of updated asset objects reloaded before import = 0Number of asset objects unloaded after import = 0

========================================================================
Received Import Request.
  Time since last request: 0.000018 seconds.
  path: Packages/com.unity.ai.toolkit/Modules/Accounts
  artifactKey: Guid(519eef95c28e47d0823f38c61a592f35) Importer(815301076,1909f56bfc062723c751e8b465ee728b)
Start importing Packages/com.unity.ai.toolkit/Modules/Accounts using Guid(519eef95c28e47d0823f38c61a592f35) Importer(815301076,1909f56bfc062723c751e8b465ee728b) (PreviewImporter) -> (artifact id: '00000000000000000000000000000000') in 0.0008636 seconds
Import Error Code:(4)
Message: Build asset version error: packages/com.unity.ai.toolkit/modules/accounts.meta in SourceAssetDB has modification time of '2026-02-23T21:57:53.367Z' while content on disk has modification time of '0001-01-01T00:00:00Z'
  ERROR: Build asset version error: packages/com.unity.ai.toolkit/modules/accounts.meta in SourceAssetDB has modification time of '2026-02-23T21:57:53.367Z' while content on disk has modification time of '0001-01-01T00:00:00Z'
Number of updated asset objects reloaded before import = 0Number of asset objects unloaded after import = 0

========================================================================
Received Import Request.
  Time since last request: 0.000018 seconds.
  path: Packages/com.unity.ai.toolkit/Modules/Accounts
  artifactKey: Guid(519eef95c28e47d0823f38c61a592f35) Importer(815301076,1909f56bfc062723c751e8b465ee728b)
Start importing Packages/com.unity.ai.toolkit/Modules/Accounts using Guid(519eef95c28e47d0823f38c61a592f35) Importer(815301076,1909f56bfc062723c751e8b465ee728b) (PreviewImporter) -> (artifact id: '00000000000000000000000000000000') in 0.0007398 seconds
Import Error Code:(4)
Message: Build asset version error: packages/com.unity.ai.toolkit/modules/accounts.meta in SourceAssetDB has modification time of '2026-02-23T21:57:53.367Z' while content on disk has modification time of '0001-01-01T00:00:00Z'
  ERROR: Build asset version error: packages/com.unity.ai.toolkit/modules/accounts.meta in SourceAssetDB has modification time of '2026-02-23T21:57:53.367Z' while content on disk has modification time of '0001-01-01T00:00:00Z'
Number of updated asset objects reloaded before import = 0Number of asset objects unloaded after import = 0

========================================================================
Received Import Request.
  Time since last request: 0.000024 seconds.
  path: Packages/com.unity.ai.toolkit/Modules/Accounts
  artifactKey: Guid(519eef95c28e47d0823f38c61a592f35) Importer(815301076,1909f56bfc062723c751e8b465ee728b)
Start importing Packages/com.unity.ai.toolkit/Modules/Accounts using Guid(519eef95c28e47d0823f38c61a592f35) Importer(815301076,1909f56bfc062723c751e8b465ee728b) (PreviewImporter) -> (artifact id: '00000000000000000000000000000000') in 0.000775 seconds
Import Error Code:(4)
Message: Build asset version error: packages/com.unity.ai.toolkit/modules/accounts.meta in SourceAssetDB has modification time of '2026-02-23T21:57:53.367Z' while content on disk has modification time of '0001-01-01T00:00:00Z'
  ERROR: Build asset version error: packages/com.unity.ai.toolkit/modules/accounts.meta in SourceAssetDB has modification time of '2026-02-23T21:57:53.367Z' while content on disk has modification time of '0001-01-01T00:00:00Z'
Number of updated asset objects reloaded before import = 0Number of asset objects unloaded after import = 0

========================================================================
Received Import Request.
  Time since last request: 0.000031 seconds.
  path: Packages/com.unity.ai.toolkit/Modules/Accounts
  artifactKey: Guid(519eef95c28e47d0823f38c61a592f35) Importer(815301076,1909f56bfc062723c751e8b465ee728b)
Start importing Packages/com.unity.ai.toolkit/Modules/Accounts using Guid(519eef95c28e47d0823f38c61a592f35) Importer(815301076,1909f56bfc062723c751e8b465ee728b) (PreviewImporter) -> (artifact id: '00000000000000000000000000000000') in 0.0010578 seconds
Import Error Code:(4)
Message: Build asset version error: packages/com.unity.ai.toolkit/modules/accounts.meta in SourceAssetDB has modification time of '2026-02-23T21:57:53.367Z' while content on disk has modification time of '0001-01-01T00:00:00Z'
  ERROR: Build asset version error: packages/com.unity.ai.toolkit/modules/accounts.meta in SourceAssetDB has modification time of '2026-02-23T21:57:53.367Z' while content on disk has modification time of '0001-01-01T00:00:00Z'
Number of updated asset objects reloaded before import = 0Number of asset objects unloaded after import = 0

========================================================================
Received Import Request.
  Time since last request: 0.000018 seconds.
  path: Packages/com.unity.ai.toolkit/Modules/Accounts
  artifactKey: Guid(519eef95c28e47d0823f38c61a592f35) Importer(815301076,1909f56bfc062723c751e8b465ee728b)
Start importing Packages/com.unity.ai.toolkit/Modules/Accounts using Guid(519eef95c28e47d0823f38c61a592f35) Importer(815301076,1909f56bfc062723c751e8b465ee728b) (PreviewImporter) -> (artifact id: '00000000000000000000000000000000') in 0.0009541 seconds
Import Error Code:(4)
Message: Build asset version error: packages/com.unity.ai.toolkit/modules/accounts.meta in SourceAssetDB has modification time of '2026-02-23T21:57:53.367Z' while content on disk has modification time of '0001-01-01T00:00:00Z'
  ERROR: Build asset version error: packages/com.unity.ai.toolkit/modules/accounts.meta in SourceAssetDB has modification time of '2026-02-23T21:57:53.367Z' while content on disk has modification time of '0001-01-01T00:00:00Z'
Number of updated asset objects reloaded before import = 0Number of asset objects unloaded after import = 0

========================================================================
Received Import Request.
  Time since last request: 0.000048 seconds.
  path: Packages/com.unity.ai.toolkit/Modules/Accounts
  artifactKey: Guid(519eef95c28e47d0823f38c61a592f35) Importer(815301076,1909f56bfc062723c751e8b465ee728b)
Start importing Packages/com.unity.ai.toolkit/Modules/Accounts using Guid(519eef95c28e47d0823f38c61a592f35) Importer(815301076,1909f56bfc062723c751e8b465ee728b) (PreviewImporter) -> (artifact id: '00000000000000000000000000000000') in 0.0011505 seconds
Import Error Code:(4)
Message: Build asset version error: packages/com.unity.ai.toolkit/modules/accounts.meta in SourceAssetDB has modification time of '2026-02-23T21:57:53.367Z' while content on disk has modification time of '0001-01-01T00:00:00Z'
  ERROR: Build asset version error: packages/com.unity.ai.toolkit/modules/accounts.meta in SourceAssetDB has modification time of '2026-02-23T21:57:53.367Z' while content on disk has modification time of '0001-01-01T00:00:00Z'
Number of updated asset objects reloaded before import = 0Number of asset objects unloaded after import = 0

========================================================================
Received Import Request.
  Time since last request: 0.000019 seconds.
  path: Packages/com.unity.ai.toolkit/Modules/Accounts
  artifactKey: Guid(519eef95c28e47d0823f38c61a592f35) Importer(815301076,1909f56bfc062723c751e8b465ee728b)
Start importing Packages/com.unity.ai.toolkit/Modules/Accounts using Guid(519eef95c28e47d0823f38c61a592f35) Importer(815301076,1909f56bfc062723c751e8b465ee728b) (PreviewImporter) -> (artifact id: '00000000000000000000000000000000') in 0.0011319 seconds
Import Error Code:(4)
Message: Build asset version error: packages/com.unity.ai.toolkit/modules/accounts.meta in SourceAssetDB has modification time of '2026-02-23T21:57:53.367Z' while content on disk has modification time of '0001-01-01T00:00:00Z'
  ERROR: Build asset version error: packages/com.unity.ai.toolkit/modules/accounts.meta in SourceAssetDB has modification time of '2026-02-23T21:57:53.367Z' while content on disk has modification time of '0001-01-01T00:00:00Z'
Number of updated asset objects reloaded before import = 0Number of asset objects unloaded after import = 0

========================================================================
Received Import Request.
  Time since last request: 0.000044 seconds.
  path: Packages/com.unity.ai.toolkit/Modules/Accounts
  artifactKey: Guid(519eef95c28e47d0823f38c61a592f35) Importer(815301076,1909f56bfc062723c751e8b465ee728b)
Start importing Packages/com.unity.ai.toolkit/Modules/Accounts using Guid(519eef95c28e47d0823f38c61a592f35) Importer(815301076,1909f56bfc062723c751e8b465ee728b) (PreviewImporter) -> (artifact id: '00000000000000000000000000000000') in 0.0010691 seconds
Import Error Code:(4)
Message: Build asset version error: packages/com.unity.ai.toolkit/modules/accounts.meta in SourceAssetDB has modification time of '2026-02-23T21:57:53.367Z' while content on disk has modification time of '0001-01-01T00:00:00Z'
  ERROR: Build asset version error: packages/com.unity.ai.toolkit/modules/accounts.meta in SourceAssetDB has modification time of '2026-02-23T21:57:53.367Z' while content on disk has modification time of '0001-01-01T00:00:00Z'
Number of updated asset objects reloaded before import = 0Number of asset objects unloaded after import = 0

========================================================================
Received Import Request.
  Time since last request: 0.000035 seconds.
  path: Packages/com.unity.ai.toolkit/Modules/Accounts
  artifactKey: Guid(519eef95c28e47d0823f38c61a592f35) Importer(815301076,1909f56bfc062723c751e8b465ee728b)
Start importing Packages/com.unity.ai.toolkit/Modules/Accounts using Guid(519eef95c28e47d0823f38c61a592f35) Importer(815301076,1909f56bfc062723c751e8b465ee728b) (PreviewImporter) -> (artifact id: '00000000000000000000000000000000') in 0.0006819 seconds
Import Error Code:(4)
Message: Build asset version error: packages/com.unity.ai.toolkit/modules/accounts.meta in SourceAssetDB has modification time of '2026-02-23T21:57:53.367Z' while content on disk has modification time of '0001-01-01T00:00:00Z'
  ERROR: Build asset version error: packages/com.unity.ai.toolkit/modules/accounts.meta in SourceAssetDB has modification time of '2026-02-23T21:57:53.367Z' while content on disk has modification time of '0001-01-01T00:00:00Z'
Number of updated asset objects reloaded before import = 0Number of asset objects unloaded after import = 0

========================================================================
Received Import Request.
  Time since last request: 0.000020 seconds.
  path: Packages/com.unity.ai.toolkit/Modules/Accounts/Unity.AI.Toolkit.Accounts.asmdef
  artifactKey: Guid(a67048a276c1b495097ecef74afc68d2) Importer(815301076,1909f56bfc062723c751e8b465ee728b)
Start importing Packages/com.unity.ai.toolkit/Modules/Accounts/Unity.AI.Toolkit.Accounts.asmdef using Guid(a67048a276c1b495097ecef74afc68d2) Importer(815301076,1909f56bfc062723c751e8b465ee728b) (PreviewImporter) -> (artifact id: '00000000000000000000000000000000') in 0.0012299 seconds
Import Error Code:(4)
Message: Build asset version error: packages/com.unity.ai.toolkit/modules/accounts/unity.ai.toolkit.accounts.asmdef in SourceAssetDB has modification time of '2026-02-23T21:57:53.367Z' while content on disk has modification time of '0001-01-01T00:00:00Z'
  ERROR: Build asset version error: packages/com.unity.ai.toolkit/modules/accounts/unity.ai.toolkit.accounts.asmdef in SourceAssetDB has modification time of '2026-02-23T21:57:53.367Z' while content on disk has modification time of '0001-01-01T00:00:00Z'
Number of updated asset objects reloaded before import = 0Number of asset objects unloaded after import = 0

========================================================================
Received Import Request.
  Time since last request: 0.000019 seconds.
  path: Packages/com.unity.ai.toolkit/Modules/Accounts/Unity.AI.Toolkit.Accounts.asmdef
  artifactKey: Guid(a67048a276c1b495097ecef74afc68d2) Importer(815301076,1909f56bfc062723c751e8b465ee728b)
Start importing Packages/com.unity.ai.toolkit/Modules/Accounts/Unity.AI.Toolkit.Accounts.asmdef using Guid(a67048a276c1b495097ecef74afc68d2) Importer(815301076,1909f56bfc062723c751e8b465ee728b) (PreviewImporter) -> (artifact id: '00000000000000000000000000000000') in 0.0006961 seconds
Import Error Code:(4)
Message: Build asset version error: packages/com.unity.ai.toolkit/modules/accounts/unity.ai.toolkit.accounts.asmdef in SourceAssetDB has modification time of '2026-02-23T21:57:53.367Z' while content on disk has modification time of '0001-01-01T00:00:00Z'
  ERROR: Build asset version error: packages/com.unity.ai.toolkit/modules/accounts/unity.ai.toolkit.accounts.asmdef in SourceAssetDB has modification time of '2026-02-23T21:57:53.367Z' while content on disk has modification time of '0001-01-01T00:00:00Z'
Number of updated asset objects reloaded before import = 0Number of asset objects unloaded after import = 0

========================================================================
Received Import Request.
  Time since last request: 0.003000 seconds.
  path: Packages/com.unity.ai.toolkit/Modules/Accounts/Components
  artifactKey: Guid(f98e930d92b24cb69556e7ee6a83bd4f) Importer(815301076,1909f56bfc062723c751e8b465ee728b)
Start importing Packages/com.unity.ai.toolkit/Modules/Accounts/Components using Guid(f98e930d92b24cb69556e7ee6a83bd4f) Importer(815301076,1909f56bfc062723c751e8b465ee728b) (PreviewImporter) -> (artifact id: '00000000000000000000000000000000') in 0.0009909 seconds
Import Error Code:(4)
Message: Build asset version error: packages/com.unity.ai.toolkit/modules/accounts/components.meta in SourceAssetDB has modification time of '2026-02-23T21:57:53.367Z' while content on disk has modification time of '0001-01-01T00:00:00Z'
  ERROR: Build asset version error: packages/com.unity.ai.toolkit/modules/accounts/components.meta in SourceAssetDB has modification time of '2026-02-23T21:57:53.367Z' while content on disk has modification time of '0001-01-01T00:00:00Z'
Number of updated asset objects reloaded before import = 0Number of asset objects unloaded after import = 0

========================================================================
Received Import Request.
  Time since last request: 0.000071 seconds.
  path: Packages/com.unity.ai.toolkit/Modules/Accounts/Components
  artifactKey: Guid(f98e930d92b24cb69556e7ee6a83bd4f) Importer(815301076,1909f56bfc062723c751e8b465ee728b)
Start importing Packages/com.unity.ai.toolkit/Modules/Accounts/Components using Guid(f98e930d92b24cb69556e7ee6a83bd4f) Importer(815301076,1909f56bfc062723c751e8b465ee728b) (PreviewImporter) -> (artifact id: '00000000000000000000000000000000') in 0.0010102 seconds
Import Error Code:(4)
Message: Build asset version error: packages/com.unity.ai.toolkit/modules/accounts/components.meta in SourceAssetDB has modification time of '2026-02-23T21:57:53.367Z' while content on disk has modification time of '0001-01-01T00:00:00Z'
  ERROR: Build asset version error: packages/com.unity.ai.toolkit/modules/accounts/components.meta in SourceAssetDB has modification time of '2026-02-23T21:57:53.367Z' while content on disk has modification time of '0001-01-01T00:00:00Z'
Number of updated asset objects reloaded before import = 0Number of asset objects unloaded after import = 0

========================================================================
Received Import Request.
  Time since last request: 0.000031 seconds.
  path: Packages/com.unity.ai.toolkit/Modules/Accounts/Components
  artifactKey: Guid(f98e930d92b24cb69556e7ee6a83bd4f) Importer(815301076,1909f56bfc062723c751e8b465ee728b)
Start importing Packages/com.unity.ai.toolkit/Modules/Accounts/Components using Guid(f98e930d92b24cb69556e7ee6a83bd4f) Importer(815301076,1909f56bfc062723c751e8b465ee728b) (PreviewImporter) -> (artifact id: '00000000000000000000000000000000') in 0.0007337 seconds
Import Error Code:(4)
Message: Build asset version error: packages/com.unity.ai.toolkit/modules/accounts/components.meta in SourceAssetDB has modification time of '2026-02-23T21:57:53.367Z' while content on disk has modification time of '0001-01-01T00:00:00Z'
  ERROR: Build asset version error: packages/com.unity.ai.toolkit/modules/accounts/components.meta in SourceAssetDB has modification time of '2026-02-23T21:57:53.367Z' while content on disk has modification time of '0001-01-01T00:00:00Z'
Number of updated asset objects reloaded before import = 0Number of asset objects unloaded after import = 0

========================================================================
Received Import Request.
  Time since last request: 0.000023 seconds.
  path: Packages/com.unity.ai.toolkit/Modules/Accounts/Components
  artifactKey: Guid(f98e930d92b24cb69556e7ee6a83bd4f) Importer(815301076,1909f56bfc062723c751e8b465ee728b)
Start importing Packages/com.unity.ai.toolkit/Modules/Accounts/Components using Guid(f98e930d92b24cb69556e7ee6a83bd4f) Importer(815301076,1909f56bfc062723c751e8b465ee728b) (PreviewImporter) -> (artifact id: '00000000000000000000000000000000') in 0.0006573 seconds
Import Error Code:(4)
Message: Build asset version error: packages/com.unity.ai.toolkit/modules/accounts/components.meta in SourceAssetDB has modification time of '2026-02-23T21:57:53.367Z' while content on disk has modification time of '0001-01-01T00:00:00Z'
  ERROR: Build asset version error: packages/com.unity.ai.toolkit/modules/accounts/components.meta in SourceAssetDB has modification time of '2026-02-23T21:57:53.367Z' while content on disk has modification time of '0001-01-01T00:00:00Z'
Number of updated asset objects reloaded before import = 0Number of asset objects unloaded after import = 0

========================================================================
Received Import Request.
  Time since last request: 0.000038 seconds.
  path: Packages/com.unity.ai.toolkit/Modules/Accounts/Components
  artifactKey: Guid(f98e930d92b24cb69556e7ee6a83bd4f) Importer(815301076,1909f56bfc062723c751e8b465ee728b)
Start importing Packages/com.unity.ai.toolkit/Modules/Accounts/Components using Guid(f98e930d92b24cb69556e7ee6a83bd4f) Importer(815301076,1909f56bfc062723c751e8b465ee728b) (PreviewImporter) -> (artifact id: '00000000000000000000000000000000') in 0.0008212 seconds
Import Error Code:(4)
Message: Build asset version error: packages/com.unity.ai.toolkit/modules/accounts/components.meta in SourceAssetDB has modification time of '2026-02-23T21:57:53.367Z' while content on disk has modification time of '0001-01-01T00:00:00Z'
  ERROR: Build asset version error: packages/com.unity.ai.toolkit/modules/accounts/components.meta in SourceAssetDB has modification time of '2026-02-23T21:57:53.367Z' while content on disk has modification time of '0001-01-01T00:00:00Z'
Number of updated asset objects reloaded before import = 0Number of asset objects unloaded after import = 0

========================================================================
Received Import Request.
  Time since last request: 0.000019 seconds.
  path: Packages/com.unity.ai.toolkit/Modules/Accounts/Components
  artifactKey: Guid(f98e930d92b24cb69556e7ee6a83bd4f) Importer(815301076,1909f56bfc062723c751e8b465ee728b)
Start importing Packages/com.unity.ai.toolkit/Modules/Accounts/Components using Guid(f98e930d92b24cb69556e7ee6a83bd4f) Importer(815301076,1909f56bfc062723c751e8b465ee728b) (PreviewImporter) -> (artifact id: '00000000000000000000000000000000') in 0.0007393 seconds
Import Error Code:(4)
Message: Build asset version error: packages/com.unity.ai.toolkit/modules/accounts/components.meta in SourceAssetDB has modification time of '2026-02-23T21:57:53.367Z' while content on disk has modification time of '0001-01-01T00:00:00Z'
  ERROR: Build asset version error: packages/com.unity.ai.toolkit/modules/accounts/components.meta in SourceAssetDB has modification time of '2026-02-23T21:57:53.367Z' while content on disk has modification time of '0001-01-01T00:00:00Z'
Number of updated asset objects reloaded before import = 0Number of asset objects unloaded after import = 0

========================================================================
Received Import Request.
  Time since last request: 0.000016 seconds.
  path: Packages/com.unity.ai.toolkit/Modules/Accounts/Components
  artifactKey: Guid(f98e930d92b24cb69556e7ee6a83bd4f) Importer(815301076,1909f56bfc062723c751e8b465ee728b)
Start importing Packages/com.unity.ai.toolkit/Modules/Accounts/Components using Guid(f98e930d92b24cb69556e7ee6a83bd4f) Importer(815301076,1909f56bfc062723c751e8b465ee728b) (PreviewImporter) -> (artifact id: '00000000000000000000000000000000') in 0.0006711 seconds
Import Error Code:(4)
Message: Build asset version error: packages/com.unity.ai.toolkit/modules/accounts/components.meta in SourceAssetDB has modification time of '2026-02-23T21:57:53.367Z' while content on disk has modification time of '0001-01-01T00:00:00Z'
  ERROR: Build asset version error: packages/com.unity.ai.toolkit/modules/accounts/components.meta in SourceAssetDB has modification time of '2026-02-23T21:57:53.367Z' while content on disk has modification time of '0001-01-01T00:00:00Z'
Number of updated asset objects reloaded before import = 0Number of asset objects unloaded after import = 0

========================================================================
Received Import Request.
  Time since last request: 0.000025 seconds.
  path: Packages/com.unity.ai.toolkit/Modules/Accounts/Components
  artifactKey: Guid(f98e930d92b24cb69556e7ee6a83bd4f) Importer(815301076,1909f56bfc062723c751e8b465ee728b)
Start importing Packages/com.unity.ai.toolkit/Modules/Accounts/Components using Guid(f98e930d92b24cb69556e7ee6a83bd4f) Importer(815301076,1909f56bfc062723c751e8b465ee728b) (PreviewImporter) -> (artifact id: '00000000000000000000000000000000') in 0.0007315 seconds
Import Error Code:(4)
Message: Build asset version error: packages/com.unity.ai.toolkit/modules/accounts/components.meta in SourceAssetDB has modification time of '2026-02-23T21:57:53.367Z' while content on disk has modification time of '0001-01-01T00:00:00Z'
  ERROR: Build asset version error: packages/com.unity.ai.toolkit/modules/accounts/components.meta in SourceAssetDB has modification time of '2026-02-23T21:57:53.367Z' while content on disk has modification time of '0001-01-01T00:00:00Z'
Number of updated asset objects reloaded before import = 0Number of asset objects unloaded after import = 0

========================================================================
Received Import Request.
  Time since last request: 0.000031 seconds.
  path: Packages/com.unity.ai.toolkit/Modules/Accounts/Components
  artifactKey: Guid(f98e930d92b24cb69556e7ee6a83bd4f) Importer(815301076,1909f56bfc062723c751e8b465ee728b)
Start importing Packages/com.unity.ai.toolkit/Modules/Accounts/Components using Guid(f98e930d92b24cb69556e7ee6a83bd4f) Importer(815301076,1909f56bfc062723c751e8b465ee728b) (PreviewImporter) -> (artifact id: '00000000000000000000000000000000') in 0.0006759 seconds
Import Error Code:(4)
Message: Build asset version error: packages/com.unity.ai.toolkit/modules/accounts/components.meta in SourceAssetDB has modification time of '2026-02-23T21:57:53.367Z' while content on disk has modification time of '0001-01-01T00:00:00Z'
  ERROR: Build asset version error: packages/com.unity.ai.toolkit/modules/accounts/components.meta in SourceAssetDB has modification time of '2026-02-23T21:57:53.367Z' while content on disk has modification time of '0001-01-01T00:00:00Z'
Number of updated asset objects reloaded before import = 0Number of asset objects unloaded after import = 0

========================================================================
Received Import Request.
  Time since last request: 0.000017 seconds.
  path: Packages/com.unity.ai.toolkit/Modules/Accounts/Components/AIAssistantMenuItem
  artifactKey: Guid(1760ebf62315496e96ecf1e0dd7ebfa1) Importer(815301076,1909f56bfc062723c751e8b465ee728b)
Start importing Packages/com.unity.ai.toolkit/Modules/Accounts/Components/AIAssistantMenuItem using Guid(1760ebf62315496e96ecf1e0dd7ebfa1) Importer(815301076,1909f56bfc062723c751e8b465ee728b) (PreviewImporter) -> (artifact id: '00000000000000000000000000000000') in 0.0006551 seconds
Import Error Code:(4)
Message: Build asset version error: packages/com.unity.ai.toolkit/modules/accounts/components/aiassistantmenuitem.meta in SourceAssetDB has modification time of '2026-02-23T21:57:53.367Z' while content on disk has modification time of '0001-01-01T00:00:00Z'
  ERROR: Build asset version error: packages/com.unity.ai.toolkit/modules/accounts/components/aiassistantmenuitem.meta in SourceAssetDB has modification time of '2026-02-23T21:57:53.367Z' while content on disk has modification time of '0001-01-01T00:00:00Z'
Number of updated asset objects reloaded before import = 0Number of asset objects unloaded after import = 0

========================================================================
Received Import Request.
  Time since last request: 0.000017 seconds.
  path: Packages/com.unity.ai.toolkit/Modules/Accounts/Components/AIAssistantMenuItem
  artifactKey: Guid(1760ebf62315496e96ecf1e0dd7ebfa1) Importer(815301076,1909f56bfc062723c751e8b465ee728b)
Start importing Packages/com.unity.ai.toolkit/Modules/Accounts/Components/AIAssistantMenuItem using Guid(1760ebf62315496e96ecf1e0dd7ebfa1) Importer(815301076,1909f56bfc062723c751e8b465ee728b) (PreviewImporter) -> (artifact id: '00000000000000000000000000000000') in 0.0008978 seconds
Import Error Code:(4)
Message: Build asset version error: packages/com.unity.ai.toolkit/modules/accounts/components/aiassistantmenuitem.meta in SourceAssetDB has modification time of '2026-02-23T21:57:53.367Z' while content on disk has modification time of '0001-01-01T00:00:00Z'
  ERROR: Build asset version error: packages/com.unity.ai.toolkit/modules/accounts/components/aiassistantmenuitem.meta in SourceAssetDB has modification time of '2026-02-23T21:57:53.367Z' while content on disk has modification time of '0001-01-01T00:00:00Z'
Number of updated asset objects reloaded before import = 0Number of asset objects unloaded after import = 0

========================================================================
Received Import Request.
  Time since last request: 0.000044 seconds.
  path: Packages/com.unity.ai.toolkit/Modules/Accounts/Components/AIAssistantMenuItem
  artifactKey: Guid(1760ebf62315496e96ecf1e0dd7ebfa1) Importer(815301076,1909f56bfc062723c751e8b465ee728b)
Start importing Packages/com.unity.ai.toolkit/Modules/Accounts/Components/AIAssistantMenuItem using Guid(1760ebf62315496e96ecf1e0dd7ebfa1) Importer(815301076,1909f56bfc062723c751e8b465ee728b) (PreviewImporter) -> (artifact id: '00000000000000000000000000000000') in 0.0006637 seconds
Import Error Code:(4)
Message: Build asset version error: packages/com.unity.ai.toolkit/modules/accounts/components/aiassistantmenuitem.meta in SourceAssetDB has modification time of '2026-02-23T21:57:53.367Z' while content on disk has modification time of '0001-01-01T00:00:00Z'
  ERROR: Build asset version error: packages/com.unity.ai.toolkit/modules/accounts/components/aiassistantmenuitem.meta in SourceAssetDB has modification time of '2026-02-23T21:57:53.367Z' while content on disk has modification time of '0001-01-01T00:00:00Z'
Number of updated asset objects reloaded before import = 0Number of asset objects unloaded after import = 0

========================================================================
Received Import Request.
  Time since last request: 0.000033 seconds.
  path: Packages/com.unity.ai.toolkit/Modules/Accounts/Components/AIAssistantMenuItem
  artifactKey: Guid(1760ebf62315496e96ecf1e0dd7ebfa1) Importer(815301076,1909f56bfc062723c751e8b465ee728b)
Start importing Packages/com.unity.ai.toolkit/Modules/Accounts/Components/AIAssistantMenuItem using Guid(1760ebf62315496e96ecf1e0dd7ebfa1) Importer(815301076,1909f56bfc062723c751e8b465ee728b) (PreviewImporter) -> (artifact id: '00000000000000000000000000000000') in 0.0007126 seconds
Import Error Code:(4)
Message: Build asset version error: packages/com.unity.ai.toolkit/modules/accounts/components/aiassistantmenuitem.meta in SourceAssetDB has modification time of '2026-02-23T21:57:53.367Z' while content on disk has modification time of '0001-01-01T00:00:00Z'
  ERROR: Build asset version error: packages/com.unity.ai.toolkit/modules/accounts/components/aiassistantmenuitem.meta in SourceAssetDB has modification time of '2026-02-23T21:57:53.367Z' while content on disk has modification time of '0001-01-01T00:00:00Z'
Number of updated asset objects reloaded before import = 0Number of asset objects unloaded after import = 0

========================================================================
Received Import Request.
  Time since last request: 0.000022 seconds.
  path: Packages/com.unity.ai.toolkit/Modules/Accounts/Components/AIAssistantMenuItem
  artifactKey: Guid(1760ebf62315496e96ecf1e0dd7ebfa1) Importer(815301076,1909f56bfc062723c751e8b465ee728b)
Start importing Packages/com.unity.ai.toolkit/Modules/Accounts/Components/AIAssistantMenuItem using Guid(1760ebf62315496e96ecf1e0dd7ebfa1) Importer(815301076,1909f56bfc062723c751e8b465ee728b) (PreviewImporter) -> (artifact id: '00000000000000000000000000000000') in 0.0008099 seconds
Import Error Code:(4)
Message: Build asset version error: packages/com.unity.ai.toolkit/modules/accounts/components/aiassistantmenuitem.meta in SourceAssetDB has modification time of '2026-02-23T21:57:53.367Z' while content on disk has modification time of '0001-01-01T00:00:00Z'
  ERROR: Build asset version error: packages/com.unity.ai.toolkit/modules/accounts/components/aiassistantmenuitem.meta in SourceAssetDB has modification time of '2026-02-23T21:57:53.367Z' while content on disk has modification time of '0001-01-01T00:00:00Z'
Number of updated asset objects reloaded before import = 0Number of asset objects unloaded after import = 0

========================================================================
Received Import Request.
  Time since last request: 0.000058 seconds.
  path: Packages/com.unity.ai.toolkit/Modules/Accounts/Components/AIAssistantMenuItem
  artifactKey: Guid(1760ebf62315496e96ecf1e0dd7ebfa1) Importer(815301076,1909f56bfc062723c751e8b465ee728b)
Start importing Packages/com.unity.ai.toolkit/Modules/Accounts/Components/AIAssistantMenuItem using Guid(1760ebf62315496e96ecf1e0dd7ebfa1) Importer(815301076,1909f56bfc062723c751e8b465ee728b) (PreviewImporter) -> (artifact id: '00000000000000000000000000000000') in 0.0008394 seconds
Import Error Code:(4)
Message: Build asset version error: packages/com.unity.ai.toolkit/modules/accounts/components/aiassistantmenuitem.meta in SourceAssetDB has modification time of '2026-02-23T21:57:53.367Z' while content on disk has modification time of '0001-01-01T00:00:00Z'
  ERROR: Build asset version error: packages/com.unity.ai.toolkit/modules/accounts/components/aiassistantmenuitem.meta in SourceAssetDB has modification time of '2026-02-23T21:57:53.367Z' while content on disk has modification time of '0001-01-01T00:00:00Z'
Number of updated asset objects reloaded before import = 0Number of asset objects unloaded after import = 0

========================================================================
Received Import Request.
  Time since last request: 0.000026 seconds.
  path: Packages/com.unity.ai.toolkit/Modules/Accounts/Components/AIAssistantMenuItem
  artifactKey: Guid(1760ebf62315496e96ecf1e0dd7ebfa1) Importer(815301076,1909f56bfc062723c751e8b465ee728b)
Start importing Packages/com.unity.ai.toolkit/Modules/Accounts/Components/AIAssistantMenuItem using Guid(1760ebf62315496e96ecf1e0dd7ebfa1) Importer(815301076,1909f56bfc062723c751e8b465ee728b) (PreviewImporter) -> (artifact id: '00000000000000000000000000000000') in 0.000693 seconds
Import Error Code:(4)
Message: Build asset version error: packages/com.unity.ai.toolkit/modules/accounts/components/aiassistantmenuitem.meta in SourceAssetDB has modification time of '2026-02-23T21:57:53.367Z' while content on disk has modification time of '0001-01-01T00:00:00Z'
  ERROR: Build asset version error: packages/com.unity.ai.toolkit/modules/accounts/components/aiassistantmenuitem.meta in SourceAssetDB has modification time of '2026-02-23T21:57:53.367Z' while content on disk has modification time of '0001-01-01T00:00:00Z'
Number of updated asset objects reloaded before import = 0Number of asset objects unloaded after import = 0

========================================================================
Received Import Request.
  Time since last request: 0.000020 seconds.
  path: Packages/com.unity.ai.toolkit/Modules/Accounts/Components/AIAssistantMenuItem
  artifactKey: Guid(1760ebf62315496e96ecf1e0dd7ebfa1) Importer(815301076,1909f56bfc062723c751e8b465ee728b)
Start importing Packages/com.unity.ai.toolkit/Modules/Accounts/Components/AIAssistantMenuItem using Guid(1760ebf62315496e96ecf1e0dd7ebfa1) Importer(815301076,1909f56bfc062723c751e8b465ee728b) (PreviewImporter) -> (artifact id: '00000000000000000000000000000000') in 0.0007834 seconds
Import Error Code:(4)
Message: Build asset version error: packages/com.unity.ai.toolkit/modules/accounts/components/aiassistantmenuitem.meta in SourceAssetDB has modification time of '2026-02-23T21:57:53.367Z' while content on disk has modification time of '0001-01-01T00:00:00Z'
  ERROR: Build asset version error: packages/com.unity.ai.toolkit/modules/accounts/components/aiassistantmenuitem.meta in SourceAssetDB has modification time of '2026-02-23T21:57:53.367Z' while content on disk has modification time of '0001-01-01T00:00:00Z'
Number of updated asset objects reloaded before import = 0Number of asset objects unloaded after import = 0

========================================================================
Received Import Request.
  Time since last request: 0.000021 seconds.
  path: Packages/com.unity.ai.toolkit/Modules/Accounts/Components/AIAssistantMenuItem
  artifactKey: Guid(1760ebf62315496e96ecf1e0dd7ebfa1) Importer(815301076,1909f56bfc062723c751e8b465ee728b)
Start importing Packages/com.unity.ai.toolkit/Modules/Accounts/Components/AIAssistantMenuItem using Guid(1760ebf62315496e96ecf1e0dd7ebfa1) Importer(815301076,1909f56bfc062723c751e8b465ee728b) (PreviewImporter) -> (artifact id: '00000000000000000000000000000000') in 0.0008371 seconds
Import Error Code:(4)
Message: Build asset version error: packages/com.unity.ai.toolkit/modules/accounts/components/aiassistantmenuitem.meta in SourceAssetDB has modification time of '2026-02-23T21:57:53.367Z' while content on disk has modification time of '0001-01-01T00:00:00Z'
  ERROR: Build asset version error: packages/com.unity.ai.toolkit/modules/accounts/components/aiassistantmenuitem.meta in SourceAssetDB has modification time of '2026-02-23T21:57:53.367Z' while content on disk has modification time of '0001-01-01T00:00:00Z'
Number of updated asset objects reloaded before import = 0Number of asset objects unloaded after import = 0

========================================================================
Received Import Request.
  Time since last request: 0.000016 seconds.
  path: Packages/com.unity.ai.toolkit/Modules/Accounts/Components/AIAssistantMenuItem
  artifactKey: Guid(1760ebf62315496e96ecf1e0dd7ebfa1) Importer(815301076,1909f56bfc062723c751e8b465ee728b)
Start importing Packages/com.unity.ai.toolkit/Modules/Accounts/Components/AIAssistantMenuItem using Guid(1760ebf62315496e96ecf1e0dd7ebfa1) Importer(815301076,1909f56bfc062723c751e8b465ee728b) (PreviewImporter) -> (artifact id: '00000000000000000000000000000000') in 0.0007829 seconds
Import Error Code:(4)
Message: Build asset version error: packages/com.unity.ai.toolkit/modules/accounts/components/aiassistantmenuitem.meta in SourceAssetDB has modification time of '2026-02-23T21:57:53.367Z' while content on disk has modification time of '0001-01-01T00:00:00Z'
  ERROR: Build asset version error: packages/com.unity.ai.toolkit/modules/accounts/components/aiassistantmenuitem.meta in SourceAssetDB has modification time of '2026-02-23T21:57:53.367Z' while content on disk has modification time of '0001-01-01T00:00:00Z'
Number of updated asset objects reloaded before import = 0Number of asset objects unloaded after import = 0

========================================================================
Received Import Request.
  Time since last request: 0.000022 seconds.
  path: Packages/com.unity.ai.toolkit/Modules/Accounts/Components/AIAssistantMenuItem
  artifactKey: Guid(1760ebf62315496e96ecf1e0dd7ebfa1) Importer(815301076,1909f56bfc062723c751e8b465ee728b)
Start importing Packages/com.unity.ai.toolkit/Modules/Accounts/Components/AIAssistantMenuItem using Guid(1760ebf62315496e96ecf1e0dd7ebfa1) Importer(815301076,1909f56bfc062723c751e8b465ee728b) (PreviewImporter) -> (artifact id: '00000000000000000000000000000000') in 0.0009711 seconds
Import Error Code:(4)
Message: Build asset version error: packages/com.unity.ai.toolkit/modules/accounts/components/aiassistantmenuitem.meta in SourceAssetDB has modification time of '2026-02-23T21:57:53.367Z' while content on disk has modification time of '0001-01-01T00:00:00Z'
  ERROR: Build asset version error: packages/com.unity.ai.toolkit/modules/accounts/components/aiassistantmenuitem.meta in SourceAssetDB has modification time of '2026-02-23T21:57:53.367Z' while content on disk has modification time of '0001-01-01T00:00:00Z'
Number of updated asset objects reloaded before import = 0Number of asset objects unloaded after import = 0

========================================================================
Received Import Request.
  Time since last request: 0.000025 seconds.
  path: Packages/com.unity.ai.toolkit/Modules/Accounts/Components/AIAssistantMenuItem
  artifactKey: Guid(1760ebf62315496e96ecf1e0dd7ebfa1) Importer(815301076,1909f56bfc062723c751e8b465ee728b)
Start importing Packages/com.unity.ai.toolkit/Modules/Accounts/Components/AIAssistantMenuItem using Guid(1760ebf62315496e96ecf1e0dd7ebfa1) Importer(815301076,1909f56bfc062723c751e8b465ee728b) (PreviewImporter) -> (artifact id: '00000000000000000000000000000000') in 0.001123 seconds
Import Error Code:(4)
Message: Build asset version error: packages/com.unity.ai.toolkit/modules/accounts/components/aiassistantmenuitem.meta in SourceAssetDB has modification time of '2026-02-23T21:57:53.367Z' while content on disk has modification time of '0001-01-01T00:00:00Z'
  ERROR: Build asset version error: packages/com.unity.ai.toolkit/modules/accounts/components/aiassistantmenuitem.meta in SourceAssetDB has modification time of '2026-02-23T21:57:53.367Z' while content on disk has modification time of '0001-01-01T00:00:00Z'
Number of updated asset objects reloaded before import = 0Number of asset objects unloaded after import = 0

========================================================================
Received Import Request.
  Time since last request: 0.000021 seconds.
  path: Packages/com.unity.ai.toolkit/Modules/Accounts/Components/AIAssistantMenuItem/AIAssistantMenuItem.cs
  artifactKey: Guid(431d67e6c1ca4dcf8f39f0cfe0373cd3) Importer(815301076,1909f56bfc062723c751e8b465ee728b)
Start importing Packages/com.unity.ai.toolkit/Modules/Accounts/Components/AIAssistantMenuItem/AIAssistantMenuItem.cs using Guid(431d67e6c1ca4dcf8f39f0cfe0373cd3) Importer(815301076,1909f56bfc062723c751e8b465ee728b) (PreviewImporter) -> (artifact id: '00000000000000000000000000000000') in 0.0008697 seconds
Import Error Code:(4)
Message: Build asset version error: packages/com.unity.ai.toolkit/modules/accounts/components/aiassistantmenuitem/aiassistantmenuitem.cs in SourceAssetDB has modification time of '2026-02-23T21:57:53.367Z' while content on disk has modification time of '0001-01-01T00:00:00Z'
  ERROR: Build asset version error: packages/com.unity.ai.toolkit/modules/accounts/components/aiassistantmenuitem/aiassistantmenuitem.cs in SourceAssetDB has modification time of '2026-02-23T21:57:53.367Z' while content on disk has modification time of '0001-01-01T00:00:00Z'
Number of updated asset objects reloaded before import = 0Number of asset objects unloaded after import = 0

========================================================================
Received Import Request.
  Time since last request: 0.000019 seconds.
  path: Packages/com.unity.ai.toolkit/Modules/Accounts/Components/AIAssistantMenuItem/AIAssistantMenuItem.cs
  artifactKey: Guid(431d67e6c1ca4dcf8f39f0cfe0373cd3) Importer(815301076,1909f56bfc062723c751e8b465ee728b)
Start importing Packages/com.unity.ai.toolkit/Modules/Accounts/Components/AIAssistantMenuItem/AIAssistantMenuItem.cs using Guid(431d67e6c1ca4dcf8f39f0cfe0373cd3) Importer(815301076,1909f56bfc062723c751e8b465ee728b) (PreviewImporter) -> (artifact id: '00000000000000000000000000000000') in 0.0006166 seconds
Import Error Code:(4)
Message: Build asset version error: packages/com.unity.ai.toolkit/modules/accounts/components/aiassistantmenuitem/aiassistantmenuitem.cs in SourceAssetDB has modification time of '2026-02-23T21:57:53.367Z' while content on disk has modification time of '0001-01-01T00:00:00Z'
  ERROR: Build asset version error: packages/com.unity.ai.toolkit/modules/accounts/components/aiassistantmenuitem/aiassistantmenuitem.cs in SourceAssetDB has modification time of '2026-02-23T21:57:53.367Z' while content on disk has modification time of '0001-01-01T00:00:00Z'
Number of updated asset objects reloaded before import = 0Number of asset objects unloaded after import = 0

========================================================================
Received Import Request.
  Time since last request: 0.127097 seconds.
  path: Packages/com.unity.ai.toolkit/Modules/Accounts/Components/AIAssistantMenuItem/AIAssistantMenuItem.cs
  artifactKey: Guid(431d67e6c1ca4dcf8f39f0cfe0373cd3) Importer(815301076,1909f56bfc062723c751e8b465ee728b)
Start importing Packages/com.unity.ai.toolkit/Modules/Accounts/Components/AIAssistantMenuItem/AIAssistantMenuItem.cs using Guid(431d67e6c1ca4dcf8f39f0cfe0373cd3) Importer(815301076,1909f56bfc062723c751e8b465ee728b) (PreviewImporter) -> (artifact id: '00000000000000000000000000000000') in 0.0010618 seconds
Import Error Code:(4)
Message: Build asset version error: packages/com.unity.ai.toolkit/modules/accounts/components/aiassistantmenuitem/aiassistantmenuitem.cs in SourceAssetDB has modification time of '2026-02-23T21:57:53.367Z' while content on disk has modification time of '0001-01-01T00:00:00Z'
  ERROR: Build asset version error: packages/com.unity.ai.toolkit/modules/accounts/components/aiassistantmenuitem/aiassistantmenuitem.cs in SourceAssetDB has modification time of '2026-02-23T21:57:53.367Z' while content on disk has modification time of '0001-01-01T00:00:00Z'
Number of updated asset objects reloaded before import = 0Number of asset objects unloaded after import = 0

========================================================================
Received Import Request.
  Time since last request: 0.000024 seconds.
  path: Packages/com.unity.ai.toolkit/Modules/Accounts/Components/AIAssistantMenuItem/AIAssistantMenuItem.cs
  artifactKey: Guid(431d67e6c1ca4dcf8f39f0cfe0373cd3) Importer(815301076,1909f56bfc062723c751e8b465ee728b)
Start importing Packages/com.unity.ai.toolkit/Modules/Accounts/Components/AIAssistantMenuItem/AIAssistantMenuItem.cs using Guid(431d67e6c1ca4dcf8f39f0cfe0373cd3) Importer(815301076,1909f56bfc062723c751e8b465ee728b) (PreviewImporter) -> (artifact id: '00000000000000000000000000000000') in 0.0010284 seconds
Import Error Code:(4)
Message: Build asset version error: packages/com.unity.ai.toolkit/modules/accounts/components/aiassistantmenuitem/aiassistantmenuitem.cs in SourceAssetDB has modification time of '2026-02-23T21:57:53.367Z' while content on disk has modification time of '0001-01-01T00:00:00Z'
  ERROR: Build asset version error: packages/com.unity.ai.toolkit/modules/accounts/components/aiassistantmenuitem/aiassistantmenuitem.cs in SourceAssetDB has modification time of '2026-02-23T21:57:53.367Z' while content on disk has modification time of '0001-01-01T00:00:00Z'
Number of updated asset objects reloaded before import = 0Number of asset objects unloaded after import = 0

========================================================================
Received Import Request.
  Time since last request: 0.000027 seconds.
  path: Packages/com.unity.ai.toolkit/Modules/Accounts/Components/AIAssistantMenuItem/AIAssistantMenuItem.cs
  artifactKey: Guid(431d67e6c1ca4dcf8f39f0cfe0373cd3) Importer(815301076,1909f56bfc062723c751e8b465ee728b)
Start importing Packages/com.unity.ai.toolkit/Modules/Accounts/Components/AIAssistantMenuItem/AIAssistantMenuItem.cs using Guid(431d67e6c1ca4dcf8f39f0cfe0373cd3) Importer(815301076,1909f56bfc062723c751e8b465ee728b) (PreviewImporter) -> (artifact id: '00000000000000000000000000000000') in 0.0006725 seconds
Import Error Code:(4)
Message: Build asset version error: packages/com.unity.ai.toolkit/modules/accounts/components/aiassistantmenuitem/aiassistantmenuitem.cs in SourceAssetDB has modification time of '2026-02-23T21:57:53.367Z' while content on disk has modification time of '0001-01-01T00:00:00Z'
  ERROR: Build asset version error: packages/com.unity.ai.toolkit/modules/accounts/components/aiassistantmenuitem/aiassistantmenuitem.cs in SourceAssetDB has modification time of '2026-02-23T21:57:53.367Z' while content on disk has modification time of '0001-01-01T00:00:00Z'
Number of updated asset objects reloaded before import = 0Number of asset objects unloaded after import = 0

========================================================================
Received Import Request.
  Time since last request: 0.000025 seconds.
  path: Packages/com.unity.ai.toolkit/Modules/Accounts/Components/AIAssistantMenuItem/AIAssistantMenuItem.cs
  artifactKey: Guid(431d67e6c1ca4dcf8f39f0cfe0373cd3) Importer(815301076,1909f56bfc062723c751e8b465ee728b)
Start importing Packages/com.unity.ai.toolkit/Modules/Accounts/Components/AIAssistantMenuItem/AIAssistantMenuItem.cs using Guid(431d67e6c1ca4dcf8f39f0cfe0373cd3) Importer(815301076,1909f56bfc062723c751e8b465ee728b) (PreviewImporter) -> (artifact id: '00000000000000000000000000000000') in 0.0008935 seconds
Import Error Code:(4)
Message: Build asset version error: packages/com.unity.ai.toolkit/modules/accounts/components/aiassistantmenuitem/aiassistantmenuitem.cs in SourceAssetDB has modification time of '2026-02-23T21:57:53.367Z' while content on disk has modification time of '0001-01-01T00:00:00Z'
  ERROR: Build asset version error: packages/com.unity.ai.toolkit/modules/accounts/components/aiassistantmenuitem/aiassistantmenuitem.cs in SourceAssetDB has modification time of '2026-02-23T21:57:53.367Z' while content on disk has modification time of '0001-01-01T00:00:00Z'
Number of updated asset objects reloaded before import = 0Number of asset objects unloaded after import = 0

========================================================================
Received Import Request.
  Time since last request: 0.000031 seconds.
  path: Packages/com.unity.ai.toolkit/Modules/Accounts/Components/AIAssistantMenuItem/AIAssistantMenuItem.cs
  artifactKey: Guid(431d67e6c1ca4dcf8f39f0cfe0373cd3) Importer(815301076,1909f56bfc062723c751e8b465ee728b)
Start importing Packages/com.unity.ai.toolkit/Modules/Accounts/Components/AIAssistantMenuItem/AIAssistantMenuItem.cs using Guid(431d67e6c1ca4dcf8f39f0cfe0373cd3) Importer(815301076,1909f56bfc062723c751e8b465ee728b) (PreviewImporter) -> (artifact id: '00000000000000000000000000000000') in 0.0007045 seconds
Import Error Code:(4)
Message: Build asset version error: packages/com.unity.ai.toolkit/modules/accounts/components/aiassistantmenuitem/aiassistantmenuitem.cs in SourceAssetDB has modification time of '2026-02-23T21:57:53.367Z' while content on disk has modification time of '0001-01-01T00:00:00Z'
  ERROR: Build asset version error: packages/com.unity.ai.toolkit/modules/accounts/components/aiassistantmenuitem/aiassistantmenuitem.cs in SourceAssetDB has modification time of '2026-02-23T21:57:53.367Z' while content on disk has modification time of '0001-01-01T00:00:00Z'
Number of updated asset objects reloaded before import = 0Number of asset objects unloaded after import = 0

========================================================================
Received Import Request.
  Time since last request: 0.000020 seconds.
  path: Packages/com.unity.ai.toolkit/Modules/Accounts/Components/AIAssistantMenuItem/AIAssistantMenuItem.cs
  artifactKey: Guid(431d67e6c1ca4dcf8f39f0cfe0373cd3) Importer(815301076,1909f56bfc062723c751e8b465ee728b)
Start importing Packages/com.unity.ai.toolkit/Modules/Accounts/Components/AIAssistantMenuItem/AIAssistantMenuItem.cs using Guid(431d67e6c1ca4dcf8f39f0cfe0373cd3) Importer(815301076,1909f56bfc062723c751e8b465ee728b) (PreviewImporter) -> (artifact id: '00000000000000000000000000000000') in 0.0006657 seconds
Import Error Code:(4)
Message: Build asset version error: packages/com.unity.ai.toolkit/modules/accounts/components/aiassistantmenuitem/aiassistantmenuitem.cs in SourceAssetDB has modification time of '2026-02-23T21:57:53.367Z' while content on disk has modification time of '0001-01-01T00:00:00Z'
  ERROR: Build asset version error: packages/com.unity.ai.toolkit/modules/accounts/components/aiassistantmenuitem/aiassistantmenuitem.cs in SourceAssetDB has modification time of '2026-02-23T21:57:53.367Z' while content on disk has modification time of '0001-01-01T00:00:00Z'
Number of updated asset objects reloaded before import = 0Number of asset objects unloaded after import = 0

========================================================================
Received Import Request.
  Time since last request: 0.000020 seconds.
  path: Packages/com.unity.ai.toolkit/Modules/Accounts/Components/AIAssistantMenuItem/AIAssistantMenuItem.cs
  artifactKey: Guid(431d67e6c1ca4dcf8f39f0cfe0373cd3) Importer(815301076,1909f56bfc062723c751e8b465ee728b)
Start importing Packages/com.unity.ai.toolkit/Modules/Accounts/Components/AIAssistantMenuItem/AIAssistantMenuItem.cs using Guid(431d67e6c1ca4dcf8f39f0cfe0373cd3) Importer(815301076,1909f56bfc062723c751e8b465ee728b) (PreviewImporter) -> (artifact id: '00000000000000000000000000000000') in 0.0006727 seconds
Import Error Code:(4)
Message: Build asset version error: packages/com.unity.ai.toolkit/modules/accounts/components/aiassistantmenuitem/aiassistantmenuitem.cs in SourceAssetDB has modification time of '2026-02-23T21:57:53.367Z' while content on disk has modification time of '0001-01-01T00:00:00Z'
  ERROR: Build asset version error: packages/com.unity.ai.toolkit/modules/accounts/components/aiassistantmenuitem/aiassistantmenuitem.cs in SourceAssetDB has modification time of '2026-02-23T21:57:53.367Z' while content on disk has modification time of '0001-01-01T00:00:00Z'
Number of updated asset objects reloaded before import = 0Number of asset objects unloaded after import = 0

========================================================================
Received Import Request.
  Time since last request: 0.000060 seconds.
  path: Packages/com.unity.ai.toolkit/Modules/Accounts/Components/AIAssistantMenuItem/AIAssistantMenuItem.cs
  artifactKey: Guid(431d67e6c1ca4dcf8f39f0cfe0373cd3) Importer(815301076,1909f56bfc062723c751e8b465ee728b)
Start importing Packages/com.unity.ai.toolkit/Modules/Accounts/Components/AIAssistantMenuItem/AIAssistantMenuItem.cs using Guid(431d67e6c1ca4dcf8f39f0cfe0373cd3) Importer(815301076,1909f56bfc062723c751e8b465ee728b) (PreviewImporter) -> (artifact id: '00000000000000000000000000000000') in 0.0009223 seconds
Import Error Code:(4)
Message: Build asset version error: packages/com.unity.ai.toolkit/modules/accounts/components/aiassistantmenuitem/aiassistantmenuitem.cs in SourceAssetDB has modification time of '2026-02-23T21:57:53.367Z' while content on disk has modification time of '0001-01-01T00:00:00Z'
  ERROR: Build asset version error: packages/com.unity.ai.toolkit/modules/accounts/components/aiassistantmenuitem/aiassistantmenuitem.cs in SourceAssetDB has modification time of '2026-02-23T21:57:53.367Z' while content on disk has modification time of '0001-01-01T00:00:00Z'
Number of updated asset objects reloaded before import = 0Number of asset objects unloaded after import = 0

========================================================================
Received Import Request.
  Time since last request: 0.000027 seconds.
  path: Packages/com.unity.ai.toolkit/Modules/Accounts/Components/AIAssistantMenuItem/AIAssistantMenuItem.cs
  artifactKey: Guid(431d67e6c1ca4dcf8f39f0cfe0373cd3) Importer(815301076,1909f56bfc062723c751e8b465ee728b)
Start importing Packages/com.unity.ai.toolkit/Modules/Accounts/Components/AIAssistantMenuItem/AIAssistantMenuItem.cs using Guid(431d67e6c1ca4dcf8f39f0cfe0373cd3) Importer(815301076,1909f56bfc062723c751e8b465ee728b) (PreviewImporter) -> (artifact id: '00000000000000000000000000000000') in 0.0006592 seconds
Import Error Code:(4)
Message: Build asset version error: packages/com.unity.ai.toolkit/modules/accounts/components/aiassistantmenuitem/aiassistantmenuitem.cs in SourceAssetDB has modification time of '2026-02-23T21:57:53.367Z' while content on disk has modification time of '0001-01-01T00:00:00Z'
  ERROR: Build asset version error: packages/com.unity.ai.toolkit/modules/accounts/components/aiassistantmenuitem/aiassistantmenuitem.cs in SourceAssetDB has modification time of '2026-02-23T21:57:53.367Z' while content on disk has modification time of '0001-01-01T00:00:00Z'
Number of updated asset objects reloaded before import = 0Number of asset objects unloaded after import = 0

========================================================================
Received Import Request.
  Time since last request: 0.000020 seconds.
  path: Packages/com.unity.ai.toolkit/Modules/Accounts/Components/AIAssistantMenuItem/AIAssistantMenuItem.cs
  artifactKey: Guid(431d67e6c1ca4dcf8f39f0cfe0373cd3) Importer(815301076,1909f56bfc062723c751e8b465ee728b)
Start importing Packages/com.unity.ai.toolkit/Modules/Accounts/Components/AIAssistantMenuItem/AIAssistantMenuItem.cs using Guid(431d67e6c1ca4dcf8f39f0cfe0373cd3) Importer(815301076,1909f56bfc062723c751e8b465ee728b) (PreviewImporter) -> (artifact id: '00000000000000000000000000000000') in 0.0009252 seconds
Import Error Code:(4)
Message: Build asset version error: packages/com.unity.ai.toolkit/modules/accounts/components/aiassistantmenuitem/aiassistantmenuitem.cs in SourceAssetDB has modification time of '2026-02-23T21:57:53.367Z' while content on disk has modification time of '0001-01-01T00:00:00Z'
  ERROR: Build asset version error: packages/com.unity.ai.toolkit/modules/accounts/components/aiassistantmenuitem/aiassistantmenuitem.cs in SourceAssetDB has modification time of '2026-02-23T21:57:53.367Z' while content on disk has modification time of '0001-01-01T00:00:00Z'
Number of updated asset objects reloaded before import = 0Number of asset objects unloaded after import = 0

========================================================================
Received Import Request.
  Time since last request: 0.000083 seconds.
  path: Packages/com.unity.ai.toolkit/Modules/Accounts/Components/AIAssistantMenuItem/AIAssistantMenuItem.cs
  artifactKey: Guid(431d67e6c1ca4dcf8f39f0cfe0373cd3) Importer(815301076,1909f56bfc062723c751e8b465ee728b)
Start importing Packages/com.unity.ai.toolkit/Modules/Accounts/Components/AIAssistantMenuItem/AIAssistantMenuItem.cs using Guid(431d67e6c1ca4dcf8f39f0cfe0373cd3) Importer(815301076,1909f56bfc062723c751e8b465ee728b) (PreviewImporter) -> (artifact id: '00000000000000000000000000000000') in 0.0008263 seconds
Import Error Code:(4)
Message: Build asset version error: packages/com.unity.ai.toolkit/modules/accounts/components/aiassistantmenuitem/aiassistantmenuitem.cs in SourceAssetDB has modification time of '2026-02-23T21:57:53.367Z' while content on disk has modification time of '0001-01-01T00:00:00Z'
  ERROR: Build asset version error: packages/com.unity.ai.toolkit/modules/accounts/components/aiassistantmenuitem/aiassistantmenuitem.cs in SourceAssetDB has modification time of '2026-02-23T21:57:53.367Z' while content on disk has modification time of '0001-01-01T00:00:00Z'
Number of updated asset objects reloaded before import = 0Number of asset objects unloaded after import = 0

========================================================================
Received Import Request.
  Time since last request: 0.000028 seconds.
  path: Packages/com.unity.ai.toolkit/Modules/Accounts/Components/AIAssistantMenuItem/AIAssistantMenuItem.cs
  artifactKey: Guid(431d67e6c1ca4dcf8f39f0cfe0373cd3) Importer(815301076,1909f56bfc062723c751e8b465ee728b)
Start importing Packages/com.unity.ai.toolkit/Modules/Accounts/Components/AIAssistantMenuItem/AIAssistantMenuItem.cs using Guid(431d67e6c1ca4dcf8f39f0cfe0373cd3) Importer(815301076,1909f56bfc062723c751e8b465ee728b) (PreviewImporter) -> (artifact id: '00000000000000000000000000000000') in 0.0009337 seconds
Import Error Code:(4)
Message: Build asset version error: packages/com.unity.ai.toolkit/modules/accounts/components/aiassistantmenuitem/aiassistantmenuitem.cs in SourceAssetDB has modification time of '2026-02-23T21:57:53.367Z' while content on disk has modification time of '0001-01-01T00:00:00Z'
  ERROR: Build asset version error: packages/com.unity.ai.toolkit/modules/accounts/components/aiassistantmenuitem/aiassistantmenuitem.cs in SourceAssetDB has modification time of '2026-02-23T21:57:53.367Z' while content on disk has modification time of '0001-01-01T00:00:00Z'
Number of updated asset objects reloaded before import = 0Number of asset objects unloaded after import = 0

========================================================================
Received Import Request.
  Time since last request: 0.000020 seconds.
  path: Packages/com.unity.ai.toolkit/Modules/Accounts/Components/AIAssistantMenuItem/AIAssistantMenuItem.cs
  artifactKey: Guid(431d67e6c1ca4dcf8f39f0cfe0373cd3) Importer(815301076,1909f56bfc062723c751e8b465ee728b)
Start importing Packages/com.unity.ai.toolkit/Modules/Accounts/Components/AIAssistantMenuItem/AIAssistantMenuItem.cs using Guid(431d67e6c1ca4dcf8f39f0cfe0373cd3) Importer(815301076,1909f56bfc062723c751e8b465ee728b) (PreviewImporter) -> (artifact id: '00000000000000000000000000000000') in 0.0010148 seconds
Import Error Code:(4)
Message: Build asset version error: packages/com.unity.ai.toolkit/modules/accounts/components/aiassistantmenuitem/aiassistantmenuitem.cs in SourceAssetDB has modification time of '2026-02-23T21:57:53.367Z' while content on disk has modification time of '0001-01-01T00:00:00Z'
  ERROR: Build asset version error: packages/com.unity.ai.toolkit/modules/accounts/components/aiassistantmenuitem/aiassistantmenuitem.cs in SourceAssetDB has modification time of '2026-02-23T21:57:53.367Z' while content on disk has modification time of '0001-01-01T00:00:00Z'
Number of updated asset objects reloaded before import = 0Number of asset objects unloaded after import = 0

========================================================================
Received Import Request.
  Time since last request: 0.000021 seconds.
  path: Packages/com.unity.ai.toolkit/Modules/Accounts/Components/AIAssistantMenuItem/AIAssistantMenuItem.cs
  artifactKey: Guid(431d67e6c1ca4dcf8f39f0cfe0373cd3) Importer(815301076,1909f56bfc062723c751e8b465ee728b)
Start importing Packages/com.unity.ai.toolkit/Modules/Accounts/Components/AIAssistantMenuItem/AIAssistantMenuItem.cs using Guid(431d67e6c1ca4dcf8f39f0cfe0373cd3) Importer(815301076,1909f56bfc062723c751e8b465ee728b) (PreviewImporter) -> (artifact id: '00000000000000000000000000000000') in 0.0008488 seconds
Import Error Code:(4)
Message: Build asset version error: packages/com.unity.ai.toolkit/modules/accounts/components/aiassistantmenuitem/aiassistantmenuitem.cs in SourceAssetDB has modification time of '2026-02-23T21:57:53.367Z' while content on disk has modification time of '0001-01-01T00:00:00Z'
  ERROR: Build asset version error: packages/com.unity.ai.toolkit/modules/accounts/components/aiassistantmenuitem/aiassistantmenuitem.cs in SourceAssetDB has modification time of '2026-02-23T21:57:53.367Z' while content on disk has modification time of '0001-01-01T00:00:00Z'
Number of updated asset objects reloaded before import = 0Number of asset objects unloaded after import = 0

========================================================================
Received Import Request.
  Time since last request: 0.000023 seconds.
  path: Packages/com.unity.ai.toolkit/Modules/Accounts/Components/AIAssistantMenuItem/AIAssistantMenuItem.cs
  artifactKey: Guid(431d67e6c1ca4dcf8f39f0cfe0373cd3) Importer(815301076,1909f56bfc062723c751e8b465ee728b)
Start importing Packages/com.unity.ai.toolkit/Modules/Accounts/Components/AIAssistantMenuItem/AIAssistantMenuItem.cs using Guid(431d67e6c1ca4dcf8f39f0cfe0373cd3) Importer(815301076,1909f56bfc062723c751e8b465ee728b) (PreviewImporter) -> (artifact id: '00000000000000000000000000000000') in 0.0008899 seconds
Import Error Code:(4)
Message: Build asset version error: packages/com.unity.ai.toolkit/modules/accounts/components/aiassistantmenuitem/aiassistantmenuitem.cs in SourceAssetDB has modification time of '2026-02-23T21:57:53.367Z' while content on disk has modification time of '0001-01-01T00:00:00Z'
  ERROR: Build asset version error: packages/com.unity.ai.toolkit/modules/accounts/components/aiassistantmenuitem/aiassistantmenuitem.cs in SourceAssetDB has modification time of '2026-02-23T21:57:53.367Z' while content on disk has modification time of '0001-01-01T00:00:00Z'
Number of updated asset objects reloaded before import = 0Number of asset objects unloaded after import = 0

========================================================================
Received Import Request.
  Time since last request: 0.000040 seconds.
  path: Packages/com.unity.ai.toolkit/Modules/Accounts/Components/AIAssistantMenuItem/AIAssistantMenuItem.cs
  artifactKey: Guid(431d67e6c1ca4dcf8f39f0cfe0373cd3) Importer(815301076,1909f56bfc062723c751e8b465ee728b)
Start importing Packages/com.unity.ai.toolkit/Modules/Accounts/Components/AIAssistantMenuItem/AIAssistantMenuItem.cs using Guid(431d67e6c1ca4dcf8f39f0cfe0373cd3) Importer(815301076,1909f56bfc062723c751e8b465ee728b) (PreviewImporter) -> (artifact id: '00000000000000000000000000000000') in 0.0008685 seconds
Import Error Code:(4)
Message: Build asset version error: packages/com.unity.ai.toolkit/modules/accounts/components/aiassistantmenuitem/aiassistantmenuitem.cs in SourceAssetDB has modification time of '2026-02-23T21:57:53.367Z' while content on disk has modification time of '0001-01-01T00:00:00Z'
  ERROR: Build asset version error: packages/com.unity.ai.toolkit/modules/accounts/components/aiassistantmenuitem/aiassistantmenuitem.cs in SourceAssetDB has modification time of '2026-02-23T21:57:53.367Z' while content on disk has modification time of '0001-01-01T00:00:00Z'
Number of updated asset objects reloaded before import = 0Number of asset objects unloaded after import = 0

========================================================================
Received Import Request.
  Time since last request: 0.000019 seconds.
  path: Packages/com.unity.ai.toolkit/Modules/Accounts/Components/AIAssistantMenuItem/AIAssistantMenuItem.cs
  artifactKey: Guid(431d67e6c1ca4dcf8f39f0cfe0373cd3) Importer(815301076,1909f56bfc062723c751e8b465ee728b)
Start importing Packages/com.unity.ai.toolkit/Modules/Accounts/Components/AIAssistantMenuItem/AIAssistantMenuItem.cs using Guid(431d67e6c1ca4dcf8f39f0cfe0373cd3) Importer(815301076,1909f56bfc062723c751e8b465ee728b) (PreviewImporter) -> (artifact id: '00000000000000000000000000000000') in 0.0009229 seconds
Import Error Code:(4)
Message: Build asset version error: packages/com.unity.ai.toolkit/modules/accounts/components/aiassistantmenuitem/aiassistantmenuitem.cs in SourceAssetDB has modification time of '2026-02-23T21:57:53.367Z' while content on disk has modification time of '0001-01-01T00:00:00Z'
  ERROR: Build asset version error: packages/com.unity.ai.toolkit/modules/accounts/components/aiassistantmenuitem/aiassistantmenuitem.cs in SourceAssetDB has modification time of '2026-02-23T21:57:53.367Z' while content on disk has modification time of '0001-01-01T00:00:00Z'
Number of updated asset objects reloaded before import = 0Number of asset objects unloaded after import = 0

========================================================================
Received Import Request.
  Time since last request: 0.000022 seconds.
  path: Packages/com.unity.ai.toolkit/Modules/Accounts/Components/AIAssistantMenuItem/AIAssistantMenuItem.cs
  artifactKey: Guid(431d67e6c1ca4dcf8f39f0cfe0373cd3) Importer(815301076,1909f56bfc062723c751e8b465ee728b)
Start importing Packages/com.unity.ai.toolkit/Modules/Accounts/Components/AIAssistantMenuItem/AIAssistantMenuItem.cs using Guid(431d67e6c1ca4dcf8f39f0cfe0373cd3) Importer(815301076,1909f56bfc062723c751e8b465ee728b) (PreviewImporter) -> (artifact id: '00000000000000000000000000000000') in 0.0013508 seconds
Import Error Code:(4)
Message: Build asset version error: packages/com.unity.ai.toolkit/modules/accounts/components/aiassistantmenuitem/aiassistantmenuitem.cs in SourceAssetDB has modification time of '2026-02-23T21:57:53.367Z' while content on disk has modification time of '0001-01-01T00:00:00Z'
  ERROR: Build asset version error: packages/com.unity.ai.toolkit/modules/accounts/components/aiassistantmenuitem/aiassistantmenuitem.cs in SourceAssetDB has modification time of '2026-02-23T21:57:53.367Z' while content on disk has modification time of '0001-01-01T00:00:00Z'
Number of updated asset objects reloaded before import = 0Number of asset objects unloaded after import = 0

========================================================================
Received Import Request.
  Time since last request: 0.000060 seconds.
  path: Packages/com.unity.ai.toolkit/Modules/Accounts/Components/AIAssistantMenuItem/AIAssistantMenuItem.cs
  artifactKey: Guid(431d67e6c1ca4dcf8f39f0cfe0373cd3) Importer(815301076,1909f56bfc062723c751e8b465ee728b)
Start importing Packages/com.unity.ai.toolkit/Modules/Accounts/Components/AIAssistantMenuItem/AIAssistantMenuItem.cs using Guid(431d67e6c1ca4dcf8f39f0cfe0373cd3) Importer(815301076,1909f56bfc062723c751e8b465ee728b) (PreviewImporter) -> (artifact id: '00000000000000000000000000000000') in 0.0006916 seconds
Import Error Code:(4)
Message: Build asset version error: packages/com.unity.ai.toolkit/modules/accounts/components/aiassistantmenuitem/aiassistantmenuitem.cs in SourceAssetDB has modification time of '2026-02-23T21:57:53.367Z' while content on disk has modification time of '0001-01-01T00:00:00Z'
  ERROR: Build asset version error: packages/com.unity.ai.toolkit/modules/accounts/components/aiassistantmenuitem/aiassistantmenuitem.cs in SourceAssetDB has modification time of '2026-02-23T21:57:53.367Z' while content on disk has modification time of '0001-01-01T00:00:00Z'
Number of updated asset objects reloaded before import = 0Number of asset objects unloaded after import = 0

========================================================================
Received Import Request.
  Time since last request: 0.000048 seconds.
  path: Packages/com.unity.ai.toolkit/Modules/Accounts/Components/AIAssistantMenuItem/AIAssistantMenuItem.cs
  artifactKey: Guid(431d67e6c1ca4dcf8f39f0cfe0373cd3) Importer(815301076,1909f56bfc062723c751e8b465ee728b)
Start importing Packages/com.unity.ai.toolkit/Modules/Accounts/Components/AIAssistantMenuItem/AIAssistantMenuItem.cs using Guid(431d67e6c1ca4dcf8f39f0cfe0373cd3) Importer(815301076,1909f56bfc062723c751e8b465ee728b) (PreviewImporter) -> (artifact id: '00000000000000000000000000000000') in 0.000848 seconds
Import Error Code:(4)
Message: Build asset version error: packages/com.unity.ai.toolkit/modules/accounts/components/aiassistantmenuitem/aiassistantmenuitem.cs in SourceAssetDB has modification time of '2026-02-23T21:57:53.367Z' while content on disk has modification time of '0001-01-01T00:00:00Z'
  ERROR: Build asset version error: packages/com.unity.ai.toolkit/modules/accounts/components/aiassistantmenuitem/aiassistantmenuitem.cs in SourceAssetDB has modification time of '2026-02-23T21:57:53.367Z' while content on disk has modification time of '0001-01-01T00:00:00Z'
Number of updated asset objects reloaded before import = 0Number of asset objects unloaded after import = 0

========================================================================
Received Import Request.
  Time since last request: 0.000019 seconds.
  path: Packages/com.unity.ai.toolkit/Modules/Accounts/Components/AIAssistantMenuItem/AIAssistantMenuItem.cs
  artifactKey: Guid(431d67e6c1ca4dcf8f39f0cfe0373cd3) Importer(815301076,1909f56bfc062723c751e8b465ee728b)
Start importing Packages/com.unity.ai.toolkit/Modules/Accounts/Components/AIAssistantMenuItem/AIAssistantMenuItem.cs using Guid(431d67e6c1ca4dcf8f39f0cfe0373cd3) Importer(815301076,1909f56bfc062723c751e8b465ee728b) (PreviewImporter) -> (artifact id: '00000000000000000000000000000000') in 0.0008967 seconds
Import Error Code:(4)
Message: Build asset version error: packages/com.unity.ai.toolkit/modules/accounts/components/aiassistantmenuitem/aiassistantmenuitem.cs in SourceAssetDB has modification time of '2026-02-23T21:57:53.367Z' while content on disk has modification time of '0001-01-01T00:00:00Z'
  ERROR: Build asset version error: packages/com.unity.ai.toolkit/modules/accounts/components/aiassistantmenuitem/aiassistantmenuitem.cs in SourceAssetDB has modification time of '2026-02-23T21:57:53.367Z' while content on disk has modification time of '0001-01-01T00:00:00Z'
Number of updated asset objects reloaded before import = 0Number of asset objects unloaded after import = 0

========================================================================
Received Import Request.
  Time since last request: 0.000020 seconds.
  path: Packages/com.unity.ai.toolkit/Modules/Accounts/Components/AIAssistantMenuItem/AIAssistantMenuItem.cs
  artifactKey: Guid(431d67e6c1ca4dcf8f39f0cfe0373cd3) Importer(815301076,1909f56bfc062723c751e8b465ee728b)
Start importing Packages/com.unity.ai.toolkit/Modules/Accounts/Components/AIAssistantMenuItem/AIAssistantMenuItem.cs using Guid(431d67e6c1ca4dcf8f39f0cfe0373cd3) Importer(815301076,1909f56bfc062723c751e8b465ee728b) (PreviewImporter) -> (artifact id: '00000000000000000000000000000000') in 0.0006028 seconds
Import Error Code:(4)
Message: Build asset version error: packages/com.unity.ai.toolkit/modules/accounts/components/aiassistantmenuitem/aiassistantmenuitem.cs in SourceAssetDB has modification time of '2026-02-23T21:57:53.367Z' while content on disk has modification time of '0001-01-01T00:00:00Z'
  ERROR: Build asset version error: packages/com.unity.ai.toolkit/modules/accounts/components/aiassistantmenuitem/aiassistantmenuitem.cs in SourceAssetDB has modification time of '2026-02-23T21:57:53.367Z' while content on disk has modification time of '0001-01-01T00:00:00Z'
Number of updated asset objects reloaded before import = 0Number of asset objects unloaded after import = 0

========================================================================
Received Import Request.
  Time since last request: 0.000017 seconds.
  path: Packages/com.unity.ai.toolkit/Modules/Accounts/Components/AIAssistantMenuItem/AIAssistantMenuItem.cs
  artifactKey: Guid(431d67e6c1ca4dcf8f39f0cfe0373cd3) Importer(815301076,1909f56bfc062723c751e8b465ee728b)
Start importing Packages/com.unity.ai.toolkit/Modules/Accounts/Components/AIAssistantMenuItem/AIAssistantMenuItem.cs using Guid(431d67e6c1ca4dcf8f39f0cfe0373cd3) Importer(815301076,1909f56bfc062723c751e8b465ee728b) (PreviewImporter) -> (artifact id: '00000000000000000000000000000000') in 0.0008343 seconds
Import Error Code:(4)
Message: Build asset version error: packages/com.unity.ai.toolkit/modules/accounts/components/aiassistantmenuitem/aiassistantmenuitem.cs in SourceAssetDB has modification time of '2026-02-23T21:57:53.367Z' while content on disk has modification time of '0001-01-01T00:00:00Z'
  ERROR: Build asset version error: packages/com.unity.ai.toolkit/modules/accounts/components/aiassistantmenuitem/aiassistantmenuitem.cs in SourceAssetDB has modification time of '2026-02-23T21:57:53.367Z' while content on disk has modification time of '0001-01-01T00:00:00Z'
Number of updated asset objects reloaded before import = 0Number of asset objects unloaded after import = 0

========================================================================
Received Import Request.
  Time since last request: 0.000036 seconds.
  path: Packages/com.unity.ai.toolkit/Modules/Accounts/Components/AIAssistantMenuItem/AIAssistantMenuItem.cs
  artifactKey: Guid(431d67e6c1ca4dcf8f39f0cfe0373cd3) Importer(815301076,1909f56bfc062723c751e8b465ee728b)
Start importing Packages/com.unity.ai.toolkit/Modules/Accounts/Components/AIAssistantMenuItem/AIAssistantMenuItem.cs using Guid(431d67e6c1ca4dcf8f39f0cfe0373cd3) Importer(815301076,1909f56bfc062723c751e8b465ee728b) (PreviewImporter) -> (artifact id: '00000000000000000000000000000000') in 0.0006533 seconds
Import Error Code:(4)
Message: Build asset version error: packages/com.unity.ai.toolkit/modules/accounts/components/aiassistantmenuitem/aiassistantmenuitem.cs in SourceAssetDB has modification time of '2026-02-23T21:57:53.367Z' while content on disk has modification time of '0001-01-01T00:00:00Z'
  ERROR: Build asset version error: packages/com.unity.ai.toolkit/modules/accounts/components/aiassistantmenuitem/aiassistantmenuitem.cs in SourceAssetDB has modification time of '2026-02-23T21:57:53.367Z' while content on disk has modification time of '0001-01-01T00:00:00Z'
Number of updated asset objects reloaded before import = 0Number of asset objects unloaded after import = 0

========================================================================
Received Import Request.
  Time since last request: 0.000028 seconds.
  path: Packages/com.unity.ai.toolkit/Modules/Accounts/Components/AIAssistantMenuItem/AIAssistantMenuItem.cs
  artifactKey: Guid(431d67e6c1ca4dcf8f39f0cfe0373cd3) Importer(815301076,1909f56bfc062723c751e8b465ee728b)
Start importing Packages/com.unity.ai.toolkit/Modules/Accounts/Components/AIAssistantMenuItem/AIAssistantMenuItem.cs using Guid(431d67e6c1ca4dcf8f39f0cfe0373cd3) Importer(815301076,1909f56bfc062723c751e8b465ee728b) (PreviewImporter) -> (artifact id: '00000000000000000000000000000000') in 0.0007924 seconds
Import Error Code:(4)
Message: Build asset version error: packages/com.unity.ai.toolkit/modules/accounts/components/aiassistantmenuitem/aiassistantmenuitem.cs in SourceAssetDB has modification time of '2026-02-23T21:57:53.367Z' while content on disk has modification time of '0001-01-01T00:00:00Z'
  ERROR: Build asset version error: packages/com.unity.ai.toolkit/modules/accounts/components/aiassistantmenuitem/aiassistantmenuitem.cs in SourceAssetDB has modification time of '2026-02-23T21:57:53.367Z' while content on disk has modification time of '0001-01-01T00:00:00Z'
Number of updated asset objects reloaded before import = 0Number of asset objects unloaded after import = 0

========================================================================
Received Import Request.
  Time since last request: 0.000033 seconds.
  path: Packages/com.unity.ai.toolkit/Modules/Accounts/Components/AIAssistantMenuItem/AIAssistantMenuItem.cs
  artifactKey: Guid(431d67e6c1ca4dcf8f39f0cfe0373cd3) Importer(815301076,1909f56bfc062723c751e8b465ee728b)
Start importing Packages/com.unity.ai.toolkit/Modules/Accounts/Components/AIAssistantMenuItem/AIAssistantMenuItem.cs using Guid(431d67e6c1ca4dcf8f39f0cfe0373cd3) Importer(815301076,1909f56bfc062723c751e8b465ee728b) (PreviewImporter) -> (artifact id: '00000000000000000000000000000000') in 0.0010761 seconds
Import Error Code:(4)
Message: Build asset version error: packages/com.unity.ai.toolkit/modules/accounts/components/aiassistantmenuitem/aiassistantmenuitem.cs in SourceAssetDB has modification time of '2026-02-23T21:57:53.367Z' while content on disk has modification time of '0001-01-01T00:00:00Z'
  ERROR: Build asset version error: packages/com.unity.ai.toolkit/modules/accounts/components/aiassistantmenuitem/aiassistantmenuitem.cs in SourceAssetDB has modification time of '2026-02-23T21:57:53.367Z' while content on disk has modification time of '0001-01-01T00:00:00Z'
Number of updated asset objects reloaded before import = 0Number of asset objects unloaded after import = 0

========================================================================
Received Import Request.
  Time since last request: 0.000018 seconds.
  path: Packages/com.unity.ai.toolkit/Modules/Accounts/Components/AIAssistantMenuItem/AIAssistantMenuItem.cs
  artifactKey: Guid(431d67e6c1ca4dcf8f39f0cfe0373cd3) Importer(815301076,1909f56bfc062723c751e8b465ee728b)
Start importing Packages/com.unity.ai.toolkit/Modules/Accounts/Components/AIAssistantMenuItem/AIAssistantMenuItem.cs using Guid(431d67e6c1ca4dcf8f39f0cfe0373cd3) Importer(815301076,1909f56bfc062723c751e8b465ee728b) (PreviewImporter) -> (artifact id: '00000000000000000000000000000000') in 0.0009747 seconds
Import Error Code:(4)
Message: Build asset version error: packages/com.unity.ai.toolkit/modules/accounts/components/aiassistantmenuitem/aiassistantmenuitem.cs in SourceAssetDB has modification time of '2026-02-23T21:57:53.367Z' while content on disk has modification time of '0001-01-01T00:00:00Z'
  ERROR: Build asset version error: packages/com.unity.ai.toolkit/modules/accounts/components/aiassistantmenuitem/aiassistantmenuitem.cs in SourceAssetDB has modification time of '2026-02-23T21:57:53.367Z' while content on disk has modification time of '0001-01-01T00:00:00Z'
Number of updated asset objects reloaded before import = 0Number of asset objects unloaded after import = 0

========================================================================
Received Import Request.
  Time since last request: 0.000021 seconds.
  path: Packages/com.unity.ai.toolkit/Modules/Accounts/Components/AIAssistantMenuItem/AIAssistantMenuItem.cs
  artifactKey: Guid(431d67e6c1ca4dcf8f39f0cfe0373cd3) Importer(815301076,1909f56bfc062723c751e8b465ee728b)
Start importing Packages/com.unity.ai.toolkit/Modules/Accounts/Components/AIAssistantMenuItem/AIAssistantMenuItem.cs using Guid(431d67e6c1ca4dcf8f39f0cfe0373cd3) Importer(815301076,1909f56bfc062723c751e8b465ee728b) (PreviewImporter) -> (artifact id: '00000000000000000000000000000000') in 0.0008909 seconds
Import Error Code:(4)
Message: Build asset version error: packages/com.unity.ai.toolkit/modules/accounts/components/aiassistantmenuitem/aiassistantmenuitem.cs in SourceAssetDB has modification time of '2026-02-23T21:57:53.367Z' while content on disk has modification time of '0001-01-01T00:00:00Z'
  ERROR: Build asset version error: packages/com.unity.ai.toolkit/modules/accounts/components/aiassistantmenuitem/aiassistantmenuitem.cs in SourceAssetDB has modification time of '2026-02-23T21:57:53.367Z' while content on disk has modification time of '0001-01-01T00:00:00Z'
Number of updated asset objects reloaded before import = 0Number of asset objects unloaded after import = 0

========================================================================
Received Import Request.
  Time since last request: 0.000024 seconds.
  path: Packages/com.unity.ai.toolkit/Modules/Accounts/Components/AIAssistantMenuItem/AIAssistantMenuItem.cs
  artifactKey: Guid(431d67e6c1ca4dcf8f39f0cfe0373cd3) Importer(815301076,1909f56bfc062723c751e8b465ee728b)
Start importing Packages/com.unity.ai.toolkit/Modules/Accounts/Components/AIAssistantMenuItem/AIAssistantMenuItem.cs using Guid(431d67e6c1ca4dcf8f39f0cfe0373cd3) Importer(815301076,1909f56bfc062723c751e8b465ee728b) (PreviewImporter) -> (artifact id: '00000000000000000000000000000000') in 0.0010617 seconds
Import Error Code:(4)
Message: Build asset version error: packages/com.unity.ai.toolkit/modules/accounts/components/aiassistantmenuitem/aiassistantmenuitem.cs in SourceAssetDB has modification time of '2026-02-23T21:57:53.367Z' while content on disk has modification time of '0001-01-01T00:00:00Z'
  ERROR: Build asset version error: packages/com.unity.ai.toolkit/modules/accounts/components/aiassistantmenuitem/aiassistantmenuitem.cs in SourceAssetDB has modification time of '2026-02-23T21:57:53.367Z' while content on disk has modification time of '0001-01-01T00:00:00Z'
Number of updated asset objects reloaded before import = 0Number of asset objects unloaded after import = 0

========================================================================
Received Import Request.
  Time since last request: 0.000023 seconds.
  path: Packages/com.unity.ai.toolkit/Modules/Accounts/Components/AIAssistantMenuItem/AIAssistantMenuItem.cs
  artifactKey: Guid(431d67e6c1ca4dcf8f39f0cfe0373cd3) Importer(815301076,1909f56bfc062723c751e8b465ee728b)
Start importing Packages/com.unity.ai.toolkit/Modules/Accounts/Components/AIAssistantMenuItem/AIAssistantMenuItem.cs using Guid(431d67e6c1ca4dcf8f39f0cfe0373cd3) Importer(815301076,1909f56bfc062723c751e8b465ee728b) (PreviewImporter) -> (artifact id: '00000000000000000000000000000000') in 0.0006638 seconds
Import Error Code:(4)
Message: Build asset version error: packages/com.unity.ai.toolkit/modules/accounts/components/aiassistantmenuitem/aiassistantmenuitem.cs in SourceAssetDB has modification time of '2026-02-23T21:57:53.367Z' while content on disk has modification time of '0001-01-01T00:00:00Z'
  ERROR: Build asset version error: packages/com.unity.ai.toolkit/modules/accounts/components/aiassistantmenuitem/aiassistantmenuitem.cs in SourceAssetDB has modification time of '2026-02-23T21:57:53.367Z' while content on disk has modification time of '0001-01-01T00:00:00Z'
Number of updated asset objects reloaded before import = 0Number of asset objects unloaded after import = 0

========================================================================
Received Import Request.
  Time since last request: 0.000043 seconds.
  path: Packages/com.unity.ai.toolkit/Modules/Accounts/Components/AIAssistantMenuItem/AIAssistantMenuItem.cs
  artifactKey: Guid(431d67e6c1ca4dcf8f39f0cfe0373cd3) Importer(815301076,1909f56bfc062723c751e8b465ee728b)
Start importing Packages/com.unity.ai.toolkit/Modules/Accounts/Components/AIAssistantMenuItem/AIAssistantMenuItem.cs using Guid(431d67e6c1ca4dcf8f39f0cfe0373cd3) Importer(815301076,1909f56bfc062723c751e8b465ee728b) (PreviewImporter) -> (artifact id: '00000000000000000000000000000000') in 0.0014572 seconds
Import Error Code:(4)
Message: Build asset version error: packages/com.unity.ai.toolkit/modules/accounts/components/aiassistantmenuitem/aiassistantmenuitem.cs in SourceAssetDB has modification time of '2026-02-23T21:57:53.367Z' while content on disk has modification time of '0001-01-01T00:00:00Z'
  ERROR: Build asset version error: packages/com.unity.ai.toolkit/modules/accounts/components/aiassistantmenuitem/aiassistantmenuitem.cs in SourceAssetDB has modification time of '2026-02-23T21:57:53.367Z' while content on disk has modification time of '0001-01-01T00:00:00Z'
Number of updated asset objects reloaded before import = 0Number of asset objects unloaded after import = 0

========================================================================
Received Import Request.
  Time since last request: 0.000016 seconds.
  path: Packages/com.unity.ai.toolkit/Modules/Accounts/Components/AIAssistantMenuItem/AIAssistantMenuItem.cs
  artifactKey: Guid(431d67e6c1ca4dcf8f39f0cfe0373cd3) Importer(815301076,1909f56bfc062723c751e8b465ee728b)
Start importing Packages/com.unity.ai.toolkit/Modules/Accounts/Components/AIAssistantMenuItem/AIAssistantMenuItem.cs using Guid(431d67e6c1ca4dcf8f39f0cfe0373cd3) Importer(815301076,1909f56bfc062723c751e8b465ee728b) (PreviewImporter) -> (artifact id: '00000000000000000000000000000000') in 0.0007594 seconds
Import Error Code:(4)
Message: Build asset version error: packages/com.unity.ai.toolkit/modules/accounts/components/aiassistantmenuitem/aiassistantmenuitem.cs in SourceAssetDB has modification time of '2026-02-23T21:57:53.367Z' while content on disk has modification time of '0001-01-01T00:00:00Z'
  ERROR: Build asset version error: packages/com.unity.ai.toolkit/modules/accounts/components/aiassistantmenuitem/aiassistantmenuitem.cs in SourceAssetDB has modification time of '2026-02-23T21:57:53.367Z' while content on disk has modification time of '0001-01-01T00:00:00Z'
Number of updated asset objects reloaded before import = 0Number of asset objects unloaded after import = 0

========================================================================
Received Import Request.
  Time since last request: 0.000028 seconds.
  path: Packages/com.unity.ai.toolkit/Modules/Accounts/Components/AIAssistantMenuItem/AIAssistantMenuItem.cs
  artifactKey: Guid(431d67e6c1ca4dcf8f39f0cfe0373cd3) Importer(815301076,1909f56bfc062723c751e8b465ee728b)
Start importing Packages/com.unity.ai.toolkit/Modules/Accounts/Components/AIAssistantMenuItem/AIAssistantMenuItem.cs using Guid(431d67e6c1ca4dcf8f39f0cfe0373cd3) Importer(815301076,1909f56bfc062723c751e8b465ee728b) (PreviewImporter) -> (artifact id: '00000000000000000000000000000000') in 0.000826 seconds
Import Error Code:(4)
Message: Build asset version error: packages/com.unity.ai.toolkit/modules/accounts/components/aiassistantmenuitem/aiassistantmenuitem.cs in SourceAssetDB has modification time of '2026-02-23T21:57:53.367Z' while content on disk has modification time of '0001-01-01T00:00:00Z'
  ERROR: Build asset version error: packages/com.unity.ai.toolkit/modules/accounts/components/aiassistantmenuitem/aiassistantmenuitem.cs in SourceAssetDB has modification time of '2026-02-23T21:57:53.367Z' while content on disk has modification time of '0001-01-01T00:00:00Z'
Number of updated asset objects reloaded before import = 0Number of asset objects unloaded after import = 0

========================================================================
Received Import Request.
  Time since last request: 0.000024 seconds.
  path: Packages/com.unity.ai.toolkit/Modules/Accounts/Components/AIAssistantMenuItem/AIAssistantMenuItem.cs
  artifactKey: Guid(431d67e6c1ca4dcf8f39f0cfe0373cd3) Importer(815301076,1909f56bfc062723c751e8b465ee728b)
Start importing Packages/com.unity.ai.toolkit/Modules/Accounts/Components/AIAssistantMenuItem/AIAssistantMenuItem.cs using Guid(431d67e6c1ca4dcf8f39f0cfe0373cd3) Importer(815301076,1909f56bfc062723c751e8b465ee728b) (PreviewImporter) -> (artifact id: '00000000000000000000000000000000') in 0.0009444 seconds
Import Error Code:(4)
Message: Build asset version error: packages/com.unity.ai.toolkit/modules/accounts/components/aiassistantmenuitem/aiassistantmenuitem.cs in SourceAssetDB has modification time of '2026-02-23T21:57:53.367Z' while content on disk has modification time of '0001-01-01T00:00:00Z'
  ERROR: Build asset version error: packages/com.unity.ai.toolkit/modules/accounts/components/aiassistantmenuitem/aiassistantmenuitem.cs in SourceAssetDB has modification time of '2026-02-23T21:57:53.367Z' while content on disk has modification time of '0001-01-01T00:00:00Z'
Number of updated asset objects reloaded before import = 0Number of asset objects unloaded after import = 0

========================================================================
Received Import Request.
  Time since last request: 0.000036 seconds.
  path: Packages/com.unity.ai.toolkit/Modules/Accounts/Components/AIAssistantMenuItem/AIAssistantMenuItem.cs
  artifactKey: Guid(431d67e6c1ca4dcf8f39f0cfe0373cd3) Importer(815301076,1909f56bfc062723c751e8b465ee728b)
Start importing Packages/com.unity.ai.toolkit/Modules/Accounts/Components/AIAssistantMenuItem/AIAssistantMenuItem.cs using Guid(431d67e6c1ca4dcf8f39f0cfe0373cd3) Importer(815301076,1909f56bfc062723c751e8b465ee728b) (PreviewImporter) -> (artifact id: '00000000000000000000000000000000') in 0.0008852 seconds
Import Error Code:(4)
Message: Build asset version error: packages/com.unity.ai.toolkit/modules/accounts/components/aiassistantmenuitem/aiassistantmenuitem.cs in SourceAssetDB has modification time of '2026-02-23T21:57:53.367Z' while content on disk has modification time of '0001-01-01T00:00:00Z'
  ERROR: Build asset version error: packages/com.unity.ai.toolkit/modules/accounts/components/aiassistantmenuitem/aiassistantmenuitem.cs in SourceAssetDB has modification time of '2026-02-23T21:57:53.367Z' while content on disk has modification time of '0001-01-01T00:00:00Z'
Number of updated asset objects reloaded before import = 0Number of asset objects unloaded after import = 0

========================================================================
Received Import Request.
  Time since last request: 0.000036 seconds.
  path: Packages/com.unity.ai.toolkit/Modules/Accounts/Components/AIAssistantMenuItem/AIAssistantMenuItem.cs
  artifactKey: Guid(431d67e6c1ca4dcf8f39f0cfe0373cd3) Importer(815301076,1909f56bfc062723c751e8b465ee728b)
Start importing Packages/com.unity.ai.toolkit/Modules/Accounts/Components/AIAssistantMenuItem/AIAssistantMenuItem.cs using Guid(431d67e6c1ca4dcf8f39f0cfe0373cd3) Importer(815301076,1909f56bfc062723c751e8b465ee728b) (PreviewImporter) -> (artifact id: '00000000000000000000000000000000') in 0.0006396 seconds
Import Error Code:(4)
Message: Build asset version error: packages/com.unity.ai.toolkit/modules/accounts/components/aiassistantmenuitem/aiassistantmenuitem.cs in SourceAssetDB has modification time of '2026-02-23T21:57:53.367Z' while content on disk has modification time of '0001-01-01T00:00:00Z'
  ERROR: Build asset version error: packages/com.unity.ai.toolkit/modules/accounts/components/aiassistantmenuitem/aiassistantmenuitem.cs in SourceAssetDB has modification time of '2026-02-23T21:57:53.367Z' while content on disk has modification time of '0001-01-01T00:00:00Z'
Number of updated asset objects reloaded before import = 0Number of asset objects unloaded after import = 0

========================================================================
Received Import Request.
  Time since last request: 0.000031 seconds.
  path: Packages/com.unity.ai.toolkit/Modules/Accounts/Components/AIAssistantMenuItem/AIAssistantMenuItem.cs
  artifactKey: Guid(431d67e6c1ca4dcf8f39f0cfe0373cd3) Importer(815301076,1909f56bfc062723c751e8b465ee728b)
Start importing Packages/com.unity.ai.toolkit/Modules/Accounts/Components/AIAssistantMenuItem/AIAssistantMenuItem.cs using Guid(431d67e6c1ca4dcf8f39f0cfe0373cd3) Importer(815301076,1909f56bfc062723c751e8b465ee728b) (PreviewImporter) -> (artifact id: '00000000000000000000000000000000') in 0.0006457 seconds
Import Error Code:(4)
Message: Build asset version error: packages/com.unity.ai.toolkit/modules/accounts/components/aiassistantmenuitem/aiassistantmenuitem.cs in SourceAssetDB has modification time of '2026-02-23T21:57:53.367Z' while content on disk has modification time of '0001-01-01T00:00:00Z'
  ERROR: Build asset version error: packages/com.unity.ai.toolkit/modules/accounts/components/aiassistantmenuitem/aiassistantmenuitem.cs in SourceAssetDB has modification time of '2026-02-23T21:57:53.367Z' while content on disk has modification time of '0001-01-01T00:00:00Z'
Number of updated asset objects reloaded before import = 0Number of asset objects unloaded after import = 0

========================================================================
Received Import Request.
  Time since last request: 0.000022 seconds.
  path: Packages/com.unity.ai.toolkit/Modules/Accounts/Components/AIAssistantMenuItem/AIAssistantMenuItem.cs
  artifactKey: Guid(431d67e6c1ca4dcf8f39f0cfe0373cd3) Importer(815301076,1909f56bfc062723c751e8b465ee728b)
Start importing Packages/com.unity.ai.toolkit/Modules/Accounts/Components/AIAssistantMenuItem/AIAssistantMenuItem.cs using Guid(431d67e6c1ca4dcf8f39f0cfe0373cd3) Importer(815301076,1909f56bfc062723c751e8b465ee728b) (PreviewImporter) -> (artifact id: '00000000000000000000000000000000') in 0.0007266 seconds
Import Error Code:(4)
Message: Build asset version error: packages/com.unity.ai.toolkit/modules/accounts/components/aiassistantmenuitem/aiassistantmenuitem.cs in SourceAssetDB has modification time of '2026-02-23T21:57:53.367Z' while content on disk has modification time of '0001-01-01T00:00:00Z'
  ERROR: Build asset version error: packages/com.unity.ai.toolkit/modules/accounts/components/aiassistantmenuitem/aiassistantmenuitem.cs in SourceAssetDB has modification time of '2026-02-23T21:57:53.367Z' while content on disk has modification time of '0001-01-01T00:00:00Z'
Number of updated asset objects reloaded before import = 0Number of asset objects unloaded after import = 0

========================================================================
Received Import Request.
  Time since last request: 0.000020 seconds.
  path: Packages/com.unity.ai.toolkit/Modules/Accounts/Components/AIAssistantMenuItem/AIAssistantMenuItem.cs
  artifactKey: Guid(431d67e6c1ca4dcf8f39f0cfe0373cd3) Importer(815301076,1909f56bfc062723c751e8b465ee728b)
Start importing Packages/com.unity.ai.toolkit/Modules/Accounts/Components/AIAssistantMenuItem/AIAssistantMenuItem.cs using Guid(431d67e6c1ca4dcf8f39f0cfe0373cd3) Importer(815301076,1909f56bfc062723c751e8b465ee728b) (PreviewImporter) -> (artifact id: '00000000000000000000000000000000') in 0.0006314 seconds
Import Error Code:(4)
Message: Build asset version error: packages/com.unity.ai.toolkit/modules/accounts/components/aiassistantmenuitem/aiassistantmenuitem.cs in SourceAssetDB has modification time of '2026-02-23T21:57:53.367Z' while content on disk has modification time of '0001-01-01T00:00:00Z'
  ERROR: Build asset version error: packages/com.unity.ai.toolkit/modules/accounts/components/aiassistantmenuitem/aiassistantmenuitem.cs in SourceAssetDB has modification time of '2026-02-23T21:57:53.367Z' while content on disk has modification time of '0001-01-01T00:00:00Z'
Number of updated asset objects reloaded before import = 0Number of asset objects unloaded after import = 0

========================================================================
Received Import Request.
  Time since last request: 0.000029 seconds.
  path: Packages/com.unity.ai.toolkit/Modules/Accounts/Components/AIAssistantMenuItem/AIAssistantMenuItem.cs
  artifactKey: Guid(431d67e6c1ca4dcf8f39f0cfe0373cd3) Importer(815301076,1909f56bfc062723c751e8b465ee728b)
Start importing Packages/com.unity.ai.toolkit/Modules/Accounts/Components/AIAssistantMenuItem/AIAssistantMenuItem.cs using Guid(431d67e6c1ca4dcf8f39f0cfe0373cd3) Importer(815301076,1909f56bfc062723c751e8b465ee728b) (PreviewImporter) -> (artifact id: '00000000000000000000000000000000') in 0.0008376 seconds
Import Error Code:(4)
Message: Build asset version error: packages/com.unity.ai.toolkit/modules/accounts/components/aiassistantmenuitem/aiassistantmenuitem.cs in SourceAssetDB has modification time of '2026-02-23T21:57:53.367Z' while content on disk has modification time of '0001-01-01T00:00:00Z'
  ERROR: Build asset version error: packages/com.unity.ai.toolkit/modules/accounts/components/aiassistantmenuitem/aiassistantmenuitem.cs in SourceAssetDB has modification time of '2026-02-23T21:57:53.367Z' while content on disk has modification time of '0001-01-01T00:00:00Z'
Number of updated asset objects reloaded before import = 0Number of asset objects unloaded after import = 0

========================================================================
Received Import Request.
  Time since last request: 0.000023 seconds.
  path: Packages/com.unity.ai.toolkit/Modules/Accounts/Components/AIAssistantMenuItem/AIAssistantMenuItem.cs
  artifactKey: Guid(431d67e6c1ca4dcf8f39f0cfe0373cd3) Importer(815301076,1909f56bfc062723c751e8b465ee728b)
Start importing Packages/com.unity.ai.toolkit/Modules/Accounts/Components/AIAssistantMenuItem/AIAssistantMenuItem.cs using Guid(431d67e6c1ca4dcf8f39f0cfe0373cd3) Importer(815301076,1909f56bfc062723c751e8b465ee728b) (PreviewImporter) -> (artifact id: '00000000000000000000000000000000') in 0.0007849 seconds
Import Error Code:(4)
Message: Build asset version error: packages/com.unity.ai.toolkit/modules/accounts/components/aiassistantmenuitem/aiassistantmenuitem.cs in SourceAssetDB has modification time of '2026-02-23T21:57:53.367Z' while content on disk has modification time of '0001-01-01T00:00:00Z'
  ERROR: Build asset version error: packages/com.unity.ai.toolkit/modules/accounts/components/aiassistantmenuitem/aiassistantmenuitem.cs in SourceAssetDB has modification time of '2026-02-23T21:57:53.367Z' while content on disk has modification time of '0001-01-01T00:00:00Z'
Number of updated asset objects reloaded before import = 0Number of asset objects unloaded after import = 0

========================================================================
Received Import Request.
  Time since last request: 0.000038 seconds.
  path: Packages/com.unity.ai.toolkit/Modules/Accounts/Components/AIAssistantMenuItem/AIAssistantMenuItem.cs
  artifactKey: Guid(431d67e6c1ca4dcf8f39f0cfe0373cd3) Importer(815301076,1909f56bfc062723c751e8b465ee728b)
Start importing Packages/com.unity.ai.toolkit/Modules/Accounts/Components/AIAssistantMenuItem/AIAssistantMenuItem.cs using Guid(431d67e6c1ca4dcf8f39f0cfe0373cd3) Importer(815301076,1909f56bfc062723c751e8b465ee728b) (PreviewImporter) -> (artifact id: '00000000000000000000000000000000') in 0.0007415 seconds
Import Error Code:(4)
Message: Build asset version error: packages/com.unity.ai.toolkit/modules/accounts/components/aiassistantmenuitem/aiassistantmenuitem.cs in SourceAssetDB has modification time of '2026-02-23T21:57:53.367Z' while content on disk has modification time of '0001-01-01T00:00:00Z'
  ERROR: Build asset version error: packages/com.unity.ai.toolkit/modules/accounts/components/aiassistantmenuitem/aiassistantmenuitem.cs in SourceAssetDB has modification time of '2026-02-23T21:57:53.367Z' while content on disk has modification time of '0001-01-01T00:00:00Z'
Number of updated asset objects reloaded before import = 0Number of asset objects unloaded after import = 0

========================================================================
Received Import Request.
  Time since last request: 0.000033 seconds.
  path: Packages/com.unity.ai.toolkit/Modules/Accounts/Components/AIAssistantMenuItem/AIAssistantMenuItem.cs
  artifactKey: Guid(431d67e6c1ca4dcf8f39f0cfe0373cd3) Importer(815301076,1909f56bfc062723c751e8b465ee728b)
Start importing Packages/com.unity.ai.toolkit/Modules/Accounts/Components/AIAssistantMenuItem/AIAssistantMenuItem.cs using Guid(431d67e6c1ca4dcf8f39f0cfe0373cd3) Importer(815301076,1909f56bfc062723c751e8b465ee728b) (PreviewImporter) -> (artifact id: '00000000000000000000000000000000') in 0.0006799 seconds
Import Error Code:(4)
Message: Build asset version error: packages/com.unity.ai.toolkit/modules/accounts/components/aiassistantmenuitem/aiassistantmenuitem.cs in SourceAssetDB has modification time of '2026-02-23T21:57:53.367Z' while content on disk has modification time of '0001-01-01T00:00:00Z'
  ERROR: Build asset version error: packages/com.unity.ai.toolkit/modules/accounts/components/aiassistantmenuitem/aiassistantmenuitem.cs in SourceAssetDB has modification time of '2026-02-23T21:57:53.367Z' while content on disk has modification time of '0001-01-01T00:00:00Z'
Number of updated asset objects reloaded before import = 0Number of asset objects unloaded after import = 0

========================================================================
Received Import Request.
  Time since last request: 0.000026 seconds.
  path: Packages/com.unity.ai.toolkit/Modules/Accounts/Components/AIAssistantMenuItem/AIAssistantMenuItem.cs
  artifactKey: Guid(431d67e6c1ca4dcf8f39f0cfe0373cd3) Importer(815301076,1909f56bfc062723c751e8b465ee728b)
Start importing Packages/com.unity.ai.toolkit/Modules/Accounts/Components/AIAssistantMenuItem/AIAssistantMenuItem.cs using Guid(431d67e6c1ca4dcf8f39f0cfe0373cd3) Importer(815301076,1909f56bfc062723c751e8b465ee728b) (PreviewImporter) -> (artifact id: '00000000000000000000000000000000') in 0.0007618 seconds
Import Error Code:(4)
Message: Build asset version error: packages/com.unity.ai.toolkit/modules/accounts/components/aiassistantmenuitem/aiassistantmenuitem.cs in SourceAssetDB has modification time of '2026-02-23T21:57:53.367Z' while content on disk has modification time of '0001-01-01T00:00:00Z'
  ERROR: Build asset version error: packages/com.unity.ai.toolkit/modules/accounts/components/aiassistantmenuitem/aiassistantmenuitem.cs in SourceAssetDB has modification time of '2026-02-23T21:57:53.367Z' while content on disk has modification time of '0001-01-01T00:00:00Z'
Number of updated asset objects reloaded before import = 0Number of asset objects unloaded after import = 0

========================================================================
Received Import Request.
  Time since last request: 0.000021 seconds.
  path: Packages/com.unity.ai.toolkit/Modules/Accounts/Components/AIAssistantMenuItem/AIAssistantMenuItem.cs
  artifactKey: Guid(431d67e6c1ca4dcf8f39f0cfe0373cd3) Importer(815301076,1909f56bfc062723c751e8b465ee728b)
Start importing Packages/com.unity.ai.toolkit/Modules/Accounts/Components/AIAssistantMenuItem/AIAssistantMenuItem.cs using Guid(431d67e6c1ca4dcf8f39f0cfe0373cd3) Importer(815301076,1909f56bfc062723c751e8b465ee728b) (PreviewImporter) -> (artifact id: '00000000000000000000000000000000') in 0.0005817 seconds
Import Error Code:(4)
Message: Build asset version error: packages/com.unity.ai.toolkit/modules/accounts/components/aiassistantmenuitem/aiassistantmenuitem.cs in SourceAssetDB has modification time of '2026-02-23T21:57:53.367Z' while content on disk has modification time of '0001-01-01T00:00:00Z'
  ERROR: Build asset version error: packages/com.unity.ai.toolkit/modules/accounts/components/aiassistantmenuitem/aiassistantmenuitem.cs in SourceAssetDB has modification time of '2026-02-23T21:57:53.367Z' while content on disk has modification time of '0001-01-01T00:00:00Z'
Number of updated asset objects reloaded before import = 0Number of asset objects unloaded after import = 0

========================================================================
Received Import Request.
  Time since last request: 0.000044 seconds.
  path: Packages/com.unity.ai.toolkit/Modules/Accounts/Components/AIAssistantMenuItem/AIAssistantMenuItem.cs
  artifactKey: Guid(431d67e6c1ca4dcf8f39f0cfe0373cd3) Importer(815301076,1909f56bfc062723c751e8b465ee728b)
Start importing Packages/com.unity.ai.toolkit/Modules/Accounts/Components/AIAssistantMenuItem/AIAssistantMenuItem.cs using Guid(431d67e6c1ca4dcf8f39f0cfe0373cd3) Importer(815301076,1909f56bfc062723c751e8b465ee728b) (PreviewImporter) -> (artifact id: '00000000000000000000000000000000') in 0.0007397 seconds
Import Error Code:(4)
Message: Build asset version error: packages/com.unity.ai.toolkit/modules/accounts/components/aiassistantmenuitem/aiassistantmenuitem.cs in SourceAssetDB has modification time of '2026-02-23T21:57:53.367Z' while content on disk has modification time of '0001-01-01T00:00:00Z'
  ERROR: Build asset version error: packages/com.unity.ai.toolkit/modules/accounts/components/aiassistantmenuitem/aiassistantmenuitem.cs in SourceAssetDB has modification time of '2026-02-23T21:57:53.367Z' while content on disk has modification time of '0001-01-01T00:00:00Z'
Number of updated asset objects reloaded before import = 0Number of asset objects unloaded after import = 0

========================================================================
Received Import Request.
  Time since last request: 0.000033 seconds.
  path: Packages/com.unity.ai.toolkit/Modules/Accounts/Components/AIAssistantMenuItem/AIAssistantMenuItem.cs
  artifactKey: Guid(431d67e6c1ca4dcf8f39f0cfe0373cd3) Importer(815301076,1909f56bfc062723c751e8b465ee728b)
Start importing Packages/com.unity.ai.toolkit/Modules/Accounts/Components/AIAssistantMenuItem/AIAssistantMenuItem.cs using Guid(431d67e6c1ca4dcf8f39f0cfe0373cd3) Importer(815301076,1909f56bfc062723c751e8b465ee728b) (PreviewImporter) -> (artifact id: '00000000000000000000000000000000') in 0.0010441 seconds
Import Error Code:(4)
Message: Build asset version error: packages/com.unity.ai.toolkit/modules/accounts/components/aiassistantmenuitem/aiassistantmenuitem.cs in SourceAssetDB has modification time of '2026-02-23T21:57:53.367Z' while content on disk has modification time of '0001-01-01T00:00:00Z'
  ERROR: Build asset version error: packages/com.unity.ai.toolkit/modules/accounts/components/aiassistantmenuitem/aiassistantmenuitem.cs in SourceAssetDB has modification time of '2026-02-23T21:57:53.367Z' while content on disk has modification time of '0001-01-01T00:00:00Z'
Number of updated asset objects reloaded before import = 0Number of asset objects unloaded after import = 0

========================================================================
Received Import Request.
  Time since last request: 0.000033 seconds.
  path: Packages/com.unity.ai.toolkit/Modules/Accounts/Components/AIAssistantMenuItem/AIAssistantMenuItem.cs
  artifactKey: Guid(431d67e6c1ca4dcf8f39f0cfe0373cd3) Importer(815301076,1909f56bfc062723c751e8b465ee728b)
Start importing Packages/com.unity.ai.toolkit/Modules/Accounts/Components/AIAssistantMenuItem/AIAssistantMenuItem.cs using Guid(431d67e6c1ca4dcf8f39f0cfe0373cd3) Importer(815301076,1909f56bfc062723c751e8b465ee728b) (PreviewImporter) -> (artifact id: '00000000000000000000000000000000') in 0.0007402 seconds
Import Error Code:(4)
Message: Build asset version error: packages/com.unity.ai.toolkit/modules/accounts/components/aiassistantmenuitem/aiassistantmenuitem.cs in SourceAssetDB has modification time of '2026-02-23T21:57:53.367Z' while content on disk has modification time of '0001-01-01T00:00:00Z'
  ERROR: Build asset version error: packages/com.unity.ai.toolkit/modules/accounts/components/aiassistantmenuitem/aiassistantmenuitem.cs in SourceAssetDB has modification time of '2026-02-23T21:57:53.367Z' while content on disk has modification time of '0001-01-01T00:00:00Z'
Number of updated asset objects reloaded before import = 0Number of asset objects unloaded after import = 0

========================================================================
Received Import Request.
  Time since last request: 0.000019 seconds.
  path: Packages/com.unity.ai.toolkit/Modules/Accounts/Components/AIAssistantMenuItem/AIAssistantMenuItem.cs
  artifactKey: Guid(431d67e6c1ca4dcf8f39f0cfe0373cd3) Importer(815301076,1909f56bfc062723c751e8b465ee728b)
Start importing Packages/com.unity.ai.toolkit/Modules/Accounts/Components/AIAssistantMenuItem/AIAssistantMenuItem.cs using Guid(431d67e6c1ca4dcf8f39f0cfe0373cd3) Importer(815301076,1909f56bfc062723c751e8b465ee728b) (PreviewImporter) -> (artifact id: '00000000000000000000000000000000') in 0.0007265 seconds
Import Error Code:(4)
Message: Build asset version error: packages/com.unity.ai.toolkit/modules/accounts/components/aiassistantmenuitem/aiassistantmenuitem.cs in SourceAssetDB has modification time of '2026-02-23T21:57:53.367Z' while content on disk has modification time of '0001-01-01T00:00:00Z'
  ERROR: Build asset version error: packages/com.unity.ai.toolkit/modules/accounts/components/aiassistantmenuitem/aiassistantmenuitem.cs in SourceAssetDB has modification time of '2026-02-23T21:57:53.367Z' while content on disk has modification time of '0001-01-01T00:00:00Z'
Number of updated asset objects reloaded before import = 0Number of asset objects unloaded after import = 0

========================================================================
Received Import Request.
  Time since last request: 0.000020 seconds.
  path: Packages/com.unity.ai.toolkit/Modules/Accounts/Components/AIAssistantMenuItem/AIAssistantMenuItem.cs
  artifactKey: Guid(431d67e6c1ca4dcf8f39f0cfe0373cd3) Importer(815301076,1909f56bfc062723c751e8b465ee728b)
Start importing Packages/com.unity.ai.toolkit/Modules/Accounts/Components/AIAssistantMenuItem/AIAssistantMenuItem.cs using Guid(431d67e6c1ca4dcf8f39f0cfe0373cd3) Importer(815301076,1909f56bfc062723c751e8b465ee728b) (PreviewImporter) -> (artifact id: '00000000000000000000000000000000') in 0.0011623 seconds
Import Error Code:(4)
Message: Build asset version error: packages/com.unity.ai.toolkit/modules/accounts/components/aiassistantmenuitem/aiassistantmenuitem.cs in SourceAssetDB has modification time of '2026-02-23T21:57:53.367Z' while content on disk has modification time of '0001-01-01T00:00:00Z'
  ERROR: Build asset version error: packages/com.unity.ai.toolkit/modules/accounts/components/aiassistantmenuitem/aiassistantmenuitem.cs in SourceAssetDB has modification time of '2026-02-23T21:57:53.367Z' while content on disk has modification time of '0001-01-01T00:00:00Z'
Number of updated asset objects reloaded before import = 0Number of asset objects unloaded after import = 0

========================================================================
Received Import Request.
  Time since last request: 0.000021 seconds.
  path: Packages/com.unity.ai.toolkit/Modules/Accounts/Components/AIAssistantMenuItem/AIAssistantMenuItem.cs
  artifactKey: Guid(431d67e6c1ca4dcf8f39f0cfe0373cd3) Importer(815301076,1909f56bfc062723c751e8b465ee728b)
Start importing Packages/com.unity.ai.toolkit/Modules/Accounts/Components/AIAssistantMenuItem/AIAssistantMenuItem.cs using Guid(431d67e6c1ca4dcf8f39f0cfe0373cd3) Importer(815301076,1909f56bfc062723c751e8b465ee728b) (PreviewImporter) -> (artifact id: '00000000000000000000000000000000') in 0.000771 seconds
Import Error Code:(4)
Message: Build asset version error: packages/com.unity.ai.toolkit/modules/accounts/components/aiassistantmenuitem/aiassistantmenuitem.cs in SourceAssetDB has modification time of '2026-02-23T21:57:53.367Z' while content on disk has modification time of '0001-01-01T00:00:00Z'
  ERROR: Build asset version error: packages/com.unity.ai.toolkit/modules/accounts/components/aiassistantmenuitem/aiassistantmenuitem.cs in SourceAssetDB has modification time of '2026-02-23T21:57:53.367Z' while content on disk has modification time of '0001-01-01T00:00:00Z'
Number of updated asset objects reloaded before import = 0Number of asset objects unloaded after import = 0

========================================================================
Received Import Request.
  Time since last request: 0.000020 seconds.
  path: Packages/com.unity.ai.toolkit/Modules/Accounts/Components/AIAssistantMenuItem/AIAssistantMenuItem.cs
  artifactKey: Guid(431d67e6c1ca4dcf8f39f0cfe0373cd3) Importer(815301076,1909f56bfc062723c751e8b465ee728b)
Start importing Packages/com.unity.ai.toolkit/Modules/Accounts/Components/AIAssistantMenuItem/AIAssistantMenuItem.cs using Guid(431d67e6c1ca4dcf8f39f0cfe0373cd3) Importer(815301076,1909f56bfc062723c751e8b465ee728b) (PreviewImporter) -> (artifact id: '00000000000000000000000000000000') in 0.0007676 seconds
Import Error Code:(4)
Message: Build asset version error: packages/com.unity.ai.toolkit/modules/accounts/components/aiassistantmenuitem/aiassistantmenuitem.cs in SourceAssetDB has modification time of '2026-02-23T21:57:53.367Z' while content on disk has modification time of '0001-01-01T00:00:00Z'
  ERROR: Build asset version error: packages/com.unity.ai.toolkit/modules/accounts/components/aiassistantmenuitem/aiassistantmenuitem.cs in SourceAssetDB has modification time of '2026-02-23T21:57:53.367Z' while content on disk has modification time of '0001-01-01T00:00:00Z'
Number of updated asset objects reloaded before import = 0Number of asset objects unloaded after import = 0

========================================================================
Received Import Request.
  Time since last request: 0.000053 seconds.
  path: Packages/com.unity.ai.toolkit/Modules/Accounts/Components/AIAssistantMenuItem/AIAssistantMenuItem.cs
  artifactKey: Guid(431d67e6c1ca4dcf8f39f0cfe0373cd3) Importer(815301076,1909f56bfc062723c751e8b465ee728b)
Start importing Packages/com.unity.ai.toolkit/Modules/Accounts/Components/AIAssistantMenuItem/AIAssistantMenuItem.cs using Guid(431d67e6c1ca4dcf8f39f0cfe0373cd3) Importer(815301076,1909f56bfc062723c751e8b465ee728b) (PreviewImporter) -> (artifact id: '00000000000000000000000000000000') in 0.0007293 seconds
Import Error Code:(4)
Message: Build asset version error: packages/com.unity.ai.toolkit/modules/accounts/components/aiassistantmenuitem/aiassistantmenuitem.cs in SourceAssetDB has modification time of '2026-02-23T21:57:53.367Z' while content on disk has modification time of '0001-01-01T00:00:00Z'
  ERROR: Build asset version error: packages/com.unity.ai.toolkit/modules/accounts/components/aiassistantmenuitem/aiassistantmenuitem.cs in SourceAssetDB has modification time of '2026-02-23T21:57:53.367Z' while content on disk has modification time of '0001-01-01T00:00:00Z'
Number of updated asset objects reloaded before import = 0Number of asset objects unloaded after import = 0

========================================================================
Received Import Request.
  Time since last request: 0.000031 seconds.
  path: Packages/com.unity.ai.toolkit/Modules/Accounts/Components/AIAssistantMenuItem/AIAssistantMenuItem.cs
  artifactKey: Guid(431d67e6c1ca4dcf8f39f0cfe0373cd3) Importer(815301076,1909f56bfc062723c751e8b465ee728b)
Start importing Packages/com.unity.ai.toolkit/Modules/Accounts/Components/AIAssistantMenuItem/AIAssistantMenuItem.cs using Guid(431d67e6c1ca4dcf8f39f0cfe0373cd3) Importer(815301076,1909f56bfc062723c751e8b465ee728b) (PreviewImporter) -> (artifact id: '00000000000000000000000000000000') in 0.0006639 seconds
Import Error Code:(4)
Message: Build asset version error: packages/com.unity.ai.toolkit/modules/accounts/components/aiassistantmenuitem/aiassistantmenuitem.cs in SourceAssetDB has modification time of '2026-02-23T21:57:53.367Z' while content on disk has modification time of '0001-01-01T00:00:00Z'
  ERROR: Build asset version error: packages/com.unity.ai.toolkit/modules/accounts/components/aiassistantmenuitem/aiassistantmenuitem.cs in SourceAssetDB has modification time of '2026-02-23T21:57:53.367Z' while content on disk has modification time of '0001-01-01T00:00:00Z'
Number of updated asset objects reloaded before import = 0Number of asset objects unloaded after import = 0

========================================================================
Received Import Request.
  Time since last request: 0.000017 seconds.
  path: Packages/com.unity.ai.toolkit/Modules/Accounts/Components/AIAssistantMenuItem/AIAssistantMenuItem.cs
  artifactKey: Guid(431d67e6c1ca4dcf8f39f0cfe0373cd3) Importer(815301076,1909f56bfc062723c751e8b465ee728b)
Start importing Packages/com.unity.ai.toolkit/Modules/Accounts/Components/AIAssistantMenuItem/AIAssistantMenuItem.cs using Guid(431d67e6c1ca4dcf8f39f0cfe0373cd3) Importer(815301076,1909f56bfc062723c751e8b465ee728b) (PreviewImporter) -> (artifact id: '00000000000000000000000000000000') in 0.0006944 seconds
Import Error Code:(4)
Message: Build asset version error: packages/com.unity.ai.toolkit/modules/accounts/components/aiassistantmenuitem/aiassistantmenuitem.cs in SourceAssetDB has modification time of '2026-02-23T21:57:53.367Z' while content on disk has modification time of '0001-01-01T00:00:00Z'
  ERROR: Build asset version error: packages/com.unity.ai.toolkit/modules/accounts/components/aiassistantmenuitem/aiassistantmenuitem.cs in SourceAssetDB has modification time of '2026-02-23T21:57:53.367Z' while content on disk has modification time of '0001-01-01T00:00:00Z'
Number of updated asset objects reloaded before import = 0Number of asset objects unloaded after import = 0

========================================================================
Received Import Request.
  Time since last request: 0.000018 seconds.
  path: Packages/com.unity.ai.toolkit/Modules/Accounts/Components/AIAssistantMenuItem/AIAssistantMenuItem.cs
  artifactKey: Guid(431d67e6c1ca4dcf8f39f0cfe0373cd3) Importer(815301076,1909f56bfc062723c751e8b465ee728b)
Start importing Packages/com.unity.ai.toolkit/Modules/Accounts/Components/AIAssistantMenuItem/AIAssistantMenuItem.cs using Guid(431d67e6c1ca4dcf8f39f0cfe0373cd3) Importer(815301076,1909f56bfc062723c751e8b465ee728b) (PreviewImporter) -> (artifact id: '00000000000000000000000000000000') in 0.0008955 seconds
Import Error Code:(4)
Message: Build asset version error: packages/com.unity.ai.toolkit/modules/accounts/components/aiassistantmenuitem/aiassistantmenuitem.cs in SourceAssetDB has modification time of '2026-02-23T21:57:53.367Z' while content on disk has modification time of '0001-01-01T00:00:00Z'
  ERROR: Build asset version error: packages/com.unity.ai.toolkit/modules/accounts/components/aiassistantmenuitem/aiassistantmenuitem.cs in SourceAssetDB has modification time of '2026-02-23T21:57:53.367Z' while content on disk has modification time of '0001-01-01T00:00:00Z'
Number of updated asset objects reloaded before import = 0Number of asset objects unloaded after import = 0

========================================================================
Received Import Request.
  Time since last request: 0.000018 seconds.
  path: Packages/com.unity.ai.toolkit/Modules/Accounts/Components/AIAssistantMenuItem/AIAssistantMenuItem.cs
  artifactKey: Guid(431d67e6c1ca4dcf8f39f0cfe0373cd3) Importer(815301076,1909f56bfc062723c751e8b465ee728b)
Start importing Packages/com.unity.ai.toolkit/Modules/Accounts/Components/AIAssistantMenuItem/AIAssistantMenuItem.cs using Guid(431d67e6c1ca4dcf8f39f0cfe0373cd3) Importer(815301076,1909f56bfc062723c751e8b465ee728b) (PreviewImporter) -> (artifact id: '00000000000000000000000000000000') in 0.0006858 seconds
Import Error Code:(4)
Message: Build asset version error: packages/com.unity.ai.toolkit/modules/accounts/components/aiassistantmenuitem/aiassistantmenuitem.cs in SourceAssetDB has modification time of '2026-02-23T21:57:53.367Z' while content on disk has modification time of '0001-01-01T00:00:00Z'
  ERROR: Build asset version error: packages/com.unity.ai.toolkit/modules/accounts/components/aiassistantmenuitem/aiassistantmenuitem.cs in SourceAssetDB has modification time of '2026-02-23T21:57:53.367Z' while content on disk has modification time of '0001-01-01T00:00:00Z'
Number of updated asset objects reloaded before import = 0Number of asset objects unloaded after import = 0

========================================================================
Received Import Request.
  Time since last request: 0.000028 seconds.
  path: Packages/com.unity.ai.toolkit/Modules/Accounts/Components/AIAssistantMenuItem/AIAssistantMenuItem.cs
  artifactKey: Guid(431d67e6c1ca4dcf8f39f0cfe0373cd3) Importer(815301076,1909f56bfc062723c751e8b465ee728b)
Start importing Packages/com.unity.ai.toolkit/Modules/Accounts/Components/AIAssistantMenuItem/AIAssistantMenuItem.cs using Guid(431d67e6c1ca4dcf8f39f0cfe0373cd3) Importer(815301076,1909f56bfc062723c751e8b465ee728b) (PreviewImporter) -> (artifact id: '00000000000000000000000000000000') in 0.0008459 seconds
Import Error Code:(4)
Message: Build asset version error: packages/com.unity.ai.toolkit/modules/accounts/components/aiassistantmenuitem/aiassistantmenuitem.cs in SourceAssetDB has modification time of '2026-02-23T21:57:53.367Z' while content on disk has modification time of '0001-01-01T00:00:00Z'
  ERROR: Build asset version error: packages/com.unity.ai.toolkit/modules/accounts/components/aiassistantmenuitem/aiassistantmenuitem.cs in SourceAssetDB has modification time of '2026-02-23T21:57:53.367Z' while content on disk has modification time of '0001-01-01T00:00:00Z'
Number of updated asset objects reloaded before import = 0Number of asset objects unloaded after import = 0

========================================================================
Received Import Request.
  Time since last request: 0.000026 seconds.
  path: Packages/com.unity.ai.toolkit/Modules/Accounts/Components/AIAssistantMenuItem/AIAssistantMenuItem.cs
  artifactKey: Guid(431d67e6c1ca4dcf8f39f0cfe0373cd3) Importer(815301076,1909f56bfc062723c751e8b465ee728b)
Start importing Packages/com.unity.ai.toolkit/Modules/Accounts/Components/AIAssistantMenuItem/AIAssistantMenuItem.cs using Guid(431d67e6c1ca4dcf8f39f0cfe0373cd3) Importer(815301076,1909f56bfc062723c751e8b465ee728b) (PreviewImporter) -> (artifact id: '00000000000000000000000000000000') in 0.0009212 seconds
Import Error Code:(4)
Message: Build asset version error: packages/com.unity.ai.toolkit/modules/accounts/components/aiassistantmenuitem/aiassistantmenuitem.cs in SourceAssetDB has modification time of '2026-02-23T21:57:53.367Z' while content on disk has modification time of '0001-01-01T00:00:00Z'
  ERROR: Build asset version error: packages/com.unity.ai.toolkit/modules/accounts/components/aiassistantmenuitem/aiassistantmenuitem.cs in SourceAssetDB has modification time of '2026-02-23T21:57:53.367Z' while content on disk has modification time of '0001-01-01T00:00:00Z'
Number of updated asset objects reloaded before import = 0Number of asset objects unloaded after import = 0

========================================================================
Received Import Request.
  Time since last request: 0.000029 seconds.
  path: Packages/com.unity.ai.toolkit/Modules/Accounts/Components/AIAssistantMenuItem/AIAssistantMenuItem.cs
  artifactKey: Guid(431d67e6c1ca4dcf8f39f0cfe0373cd3) Importer(815301076,1909f56bfc062723c751e8b465ee728b)
Start importing Packages/com.unity.ai.toolkit/Modules/Accounts/Components/AIAssistantMenuItem/AIAssistantMenuItem.cs using Guid(431d67e6c1ca4dcf8f39f0cfe0373cd3) Importer(815301076,1909f56bfc062723c751e8b465ee728b) (PreviewImporter) -> (artifact id: '00000000000000000000000000000000') in 0.0006547 seconds
Import Error Code:(4)
Message: Build asset version error: packages/com.unity.ai.toolkit/modules/accounts/components/aiassistantmenuitem/aiassistantmenuitem.cs in SourceAssetDB has modification time of '2026-02-23T21:57:53.367Z' while content on disk has modification time of '0001-01-01T00:00:00Z'
  ERROR: Build asset version error: packages/com.unity.ai.toolkit/modules/accounts/components/aiassistantmenuitem/aiassistantmenuitem.cs in SourceAssetDB has modification time of '2026-02-23T21:57:53.367Z' while content on disk has modification time of '0001-01-01T00:00:00Z'
Number of updated asset objects reloaded before import = 0Number of asset objects unloaded after import = 0

========================================================================
Received Import Request.
  Time since last request: 0.000055 seconds.
  path: Packages/com.unity.ai.toolkit/Modules/Accounts/Components/AIAssistantMenuItem/AIAssistantMenuItem.cs
  artifactKey: Guid(431d67e6c1ca4dcf8f39f0cfe0373cd3) Importer(815301076,1909f56bfc062723c751e8b465ee728b)
Start importing Packages/com.unity.ai.toolkit/Modules/Accounts/Components/AIAssistantMenuItem/AIAssistantMenuItem.cs using Guid(431d67e6c1ca4dcf8f39f0cfe0373cd3) Importer(815301076,1909f56bfc062723c751e8b465ee728b) (PreviewImporter) -> (artifact id: '00000000000000000000000000000000') in 0.0006267 seconds
Import Error Code:(4)
Message: Build asset version error: packages/com.unity.ai.toolkit/modules/accounts/components/aiassistantmenuitem/aiassistantmenuitem.cs in SourceAssetDB has modification time of '2026-02-23T21:57:53.367Z' while content on disk has modification time of '0001-01-01T00:00:00Z'
  ERROR: Build asset version error: packages/com.unity.ai.toolkit/modules/accounts/components/aiassistantmenuitem/aiassistantmenuitem.cs in SourceAssetDB has modification time of '2026-02-23T21:57:53.367Z' while content on disk has modification time of '0001-01-01T00:00:00Z'
Number of updated asset objects reloaded before import = 0Number of asset objects unloaded after import = 0

========================================================================
Received Import Request.
  Time since last request: 0.000018 seconds.
  path: Packages/com.unity.ai.toolkit/Modules/Accounts/Components/AIAssistantMenuItem/AIAssistantMenuItem.cs
  artifactKey: Guid(431d67e6c1ca4dcf8f39f0cfe0373cd3) Importer(815301076,1909f56bfc062723c751e8b465ee728b)
Start importing Packages/com.unity.ai.toolkit/Modules/Accounts/Components/AIAssistantMenuItem/AIAssistantMenuItem.cs using Guid(431d67e6c1ca4dcf8f39f0cfe0373cd3) Importer(815301076,1909f56bfc062723c751e8b465ee728b) (PreviewImporter) -> (artifact id: '00000000000000000000000000000000') in 0.0008414 seconds
Import Error Code:(4)
Message: Build asset version error: packages/com.unity.ai.toolkit/modules/accounts/components/aiassistantmenuitem/aiassistantmenuitem.cs in SourceAssetDB has modification time of '2026-02-23T21:57:53.367Z' while content on disk has modification time of '0001-01-01T00:00:00Z'
  ERROR: Build asset version error: packages/com.unity.ai.toolkit/modules/accounts/components/aiassistantmenuitem/aiassistantmenuitem.cs in SourceAssetDB has modification time of '2026-02-23T21:57:53.367Z' while content on disk has modification time of '0001-01-01T00:00:00Z'
Number of updated asset objects reloaded before import = 0Number of asset objects unloaded after import = 0

========================================================================
Received Import Request.
  Time since last request: 0.000019 seconds.
  path: Packages/com.unity.ai.toolkit/Modules/Accounts/Components/AIAssistantMenuItem/AIAssistantMenuItem.cs
  artifactKey: Guid(431d67e6c1ca4dcf8f39f0cfe0373cd3) Importer(815301076,1909f56bfc062723c751e8b465ee728b)
Start importing Packages/com.unity.ai.toolkit/Modules/Accounts/Components/AIAssistantMenuItem/AIAssistantMenuItem.cs using Guid(431d67e6c1ca4dcf8f39f0cfe0373cd3) Importer(815301076,1909f56bfc062723c751e8b465ee728b) (PreviewImporter) -> (artifact id: '00000000000000000000000000000000') in 0.0007004 seconds
Import Error Code:(4)
Message: Build asset version error: packages/com.unity.ai.toolkit/modules/accounts/components/aiassistantmenuitem/aiassistantmenuitem.cs in SourceAssetDB has modification time of '2026-02-23T21:57:53.367Z' while content on disk has modification time of '0001-01-01T00:00:00Z'
  ERROR: Build asset version error: packages/com.unity.ai.toolkit/modules/accounts/components/aiassistantmenuitem/aiassistantmenuitem.cs in SourceAssetDB has modification time of '2026-02-23T21:57:53.367Z' while content on disk has modification time of '0001-01-01T00:00:00Z'
Number of updated asset objects reloaded before import = 0Number of asset objects unloaded after import = 0

========================================================================
Received Import Request.
  Time since last request: 0.000019 seconds.
  path: Packages/com.unity.ai.toolkit/Modules/Accounts/Components/AIAssistantMenuItem/AIAssistantMenuItem.cs
  artifactKey: Guid(431d67e6c1ca4dcf8f39f0cfe0373cd3) Importer(815301076,1909f56bfc062723c751e8b465ee728b)
Start importing Packages/com.unity.ai.toolkit/Modules/Accounts/Components/AIAssistantMenuItem/AIAssistantMenuItem.cs using Guid(431d67e6c1ca4dcf8f39f0cfe0373cd3) Importer(815301076,1909f56bfc062723c751e8b465ee728b) (PreviewImporter) -> (artifact id: '00000000000000000000000000000000') in 0.0006921 seconds
Import Error Code:(4)
Message: Build asset version error: packages/com.unity.ai.toolkit/modules/accounts/components/aiassistantmenuitem/aiassistantmenuitem.cs in SourceAssetDB has modification time of '2026-02-23T21:57:53.367Z' while content on disk has modification time of '0001-01-01T00:00:00Z'
  ERROR: Build asset version error: packages/com.unity.ai.toolkit/modules/accounts/components/aiassistantmenuitem/aiassistantmenuitem.cs in SourceAssetDB has modification time of '2026-02-23T21:57:53.367Z' while content on disk has modification time of '0001-01-01T00:00:00Z'
Number of updated asset objects reloaded before import = 0Number of asset objects unloaded after import = 0

========================================================================
Received Import Request.
  Time since last request: 0.000024 seconds.
  path: Packages/com.unity.ai.toolkit/Modules/Accounts/Components/AIAssistantMenuItem/AIAssistantMenuItem.cs
  artifactKey: Guid(431d67e6c1ca4dcf8f39f0cfe0373cd3) Importer(815301076,1909f56bfc062723c751e8b465ee728b)
Start importing Packages/com.unity.ai.toolkit/Modules/Accounts/Components/AIAssistantMenuItem/AIAssistantMenuItem.cs using Guid(431d67e6c1ca4dcf8f39f0cfe0373cd3) Importer(815301076,1909f56bfc062723c751e8b465ee728b) (PreviewImporter) -> (artifact id: '00000000000000000000000000000000') in 0.0007037 seconds
Import Error Code:(4)
Message: Build asset version error: packages/com.unity.ai.toolkit/modules/accounts/components/aiassistantmenuitem/aiassistantmenuitem.cs in SourceAssetDB has modification time of '2026-02-23T21:57:53.367Z' while content on disk has modification time of '0001-01-01T00:00:00Z'
  ERROR: Build asset version error: packages/com.unity.ai.toolkit/modules/accounts/components/aiassistantmenuitem/aiassistantmenuitem.cs in SourceAssetDB has modification time of '2026-02-23T21:57:53.367Z' while content on disk has modification time of '0001-01-01T00:00:00Z'
Number of updated asset objects reloaded before import = 0Number of asset objects unloaded after import = 0

========================================================================
Received Import Request.
  Time since last request: 0.000088 seconds.
  path: Packages/com.unity.ai.toolkit/Modules/Accounts/Components/AIAssistantMenuItem/AIAssistantMenuItem.cs
  artifactKey: Guid(431d67e6c1ca4dcf8f39f0cfe0373cd3) Importer(815301076,1909f56bfc062723c751e8b465ee728b)
Start importing Packages/com.unity.ai.toolkit/Modules/Accounts/Components/AIAssistantMenuItem/AIAssistantMenuItem.cs using Guid(431d67e6c1ca4dcf8f39f0cfe0373cd3) Importer(815301076,1909f56bfc062723c751e8b465ee728b) (PreviewImporter) -> (artifact id: '00000000000000000000000000000000') in 0.0006842 seconds
Import Error Code:(4)
Message: Build asset version error: packages/com.unity.ai.toolkit/modules/accounts/components/aiassistantmenuitem/aiassistantmenuitem.cs in SourceAssetDB has modification time of '2026-02-23T21:57:53.367Z' while content on disk has modification time of '0001-01-01T00:00:00Z'
  ERROR: Build asset version error: packages/com.unity.ai.toolkit/modules/accounts/components/aiassistantmenuitem/aiassistantmenuitem.cs in SourceAssetDB has modification time of '2026-02-23T21:57:53.367Z' while content on disk has modification time of '0001-01-01T00:00:00Z'
Number of updated asset objects reloaded before import = 0Number of asset objects unloaded after import = 0

========================================================================
Received Import Request.
  Time since last request: 0.000020 seconds.
  path: Packages/com.unity.ai.toolkit/Modules/Accounts/Components/AIAssistantMenuItem/AIAssistantMenuItem.cs
  artifactKey: Guid(431d67e6c1ca4dcf8f39f0cfe0373cd3) Importer(815301076,1909f56bfc062723c751e8b465ee728b)
Start importing Packages/com.unity.ai.toolkit/Modules/Accounts/Components/AIAssistantMenuItem/AIAssistantMenuItem.cs using Guid(431d67e6c1ca4dcf8f39f0cfe0373cd3) Importer(815301076,1909f56bfc062723c751e8b465ee728b) (PreviewImporter) -> (artifact id: '00000000000000000000000000000000') in 0.0007408 seconds
Import Error Code:(4)
Message: Build asset version error: packages/com.unity.ai.toolkit/modules/accounts/components/aiassistantmenuitem/aiassistantmenuitem.cs in SourceAssetDB has modification time of '2026-02-23T21:57:53.367Z' while content on disk has modification time of '0001-01-01T00:00:00Z'
  ERROR: Build asset version error: packages/com.unity.ai.toolkit/modules/accounts/components/aiassistantmenuitem/aiassistantmenuitem.cs in SourceAssetDB has modification time of '2026-02-23T21:57:53.367Z' while content on disk has modification time of '0001-01-01T00:00:00Z'
Number of updated asset objects reloaded before import = 0Number of asset objects unloaded after import = 0

========================================================================
Received Import Request.
  Time since last request: 0.000018 seconds.
  path: Packages/com.unity.ai.toolkit/Modules/Accounts/Components/AIAssistantMenuItem/AIAssistantMenuItem.cs
  artifactKey: Guid(431d67e6c1ca4dcf8f39f0cfe0373cd3) Importer(815301076,1909f56bfc062723c751e8b465ee728b)
Start importing Packages/com.unity.ai.toolkit/Modules/Accounts/Components/AIAssistantMenuItem/AIAssistantMenuItem.cs using Guid(431d67e6c1ca4dcf8f39f0cfe0373cd3) Importer(815301076,1909f56bfc062723c751e8b465ee728b) (PreviewImporter) -> (artifact id: '00000000000000000000000000000000') in 0.0008059 seconds
Import Error Code:(4)
Message: Build asset version error: packages/com.unity.ai.toolkit/modules/accounts/components/aiassistantmenuitem/aiassistantmenuitem.cs in SourceAssetDB has modification time of '2026-02-23T21:57:53.367Z' while content on disk has modification time of '0001-01-01T00:00:00Z'
  ERROR: Build asset version error: packages/com.unity.ai.toolkit/modules/accounts/components/aiassistantmenuitem/aiassistantmenuitem.cs in SourceAssetDB has modification time of '2026-02-23T21:57:53.367Z' while content on disk has modification time of '0001-01-01T00:00:00Z'
Number of updated asset objects reloaded before import = 0Number of asset objects unloaded after import = 0

========================================================================
Received Import Request.
  Time since last request: 0.000026 seconds.
  path: Packages/com.unity.ai.toolkit/Modules/Accounts/Components/AIAssistantMenuItem/AIAssistantMenuItem.cs
  artifactKey: Guid(431d67e6c1ca4dcf8f39f0cfe0373cd3) Importer(815301076,1909f56bfc062723c751e8b465ee728b)
Start importing Packages/com.unity.ai.toolkit/Modules/Accounts/Components/AIAssistantMenuItem/AIAssistantMenuItem.cs using Guid(431d67e6c1ca4dcf8f39f0cfe0373cd3) Importer(815301076,1909f56bfc062723c751e8b465ee728b) (PreviewImporter) -> (artifact id: '00000000000000000000000000000000') in 0.0007601 seconds
Import Error Code:(4)
Message: Build asset version error: packages/com.unity.ai.toolkit/modules/accounts/components/aiassistantmenuitem/aiassistantmenuitem.cs in SourceAssetDB has modification time of '2026-02-23T21:57:53.367Z' while content on disk has modification time of '0001-01-01T00:00:00Z'
  ERROR: Build asset version error: packages/com.unity.ai.toolkit/modules/accounts/components/aiassistantmenuitem/aiassistantmenuitem.cs in SourceAssetDB has modification time of '2026-02-23T21:57:53.367Z' while content on disk has modification time of '0001-01-01T00:00:00Z'
Number of updated asset objects reloaded before import = 0Number of asset objects unloaded after import = 0

========================================================================
Received Import Request.
  Time since last request: 0.000020 seconds.
  path: Packages/com.unity.ai.toolkit/Modules/Accounts/Components/AIAssistantMenuItem/AIAssistantMenuItem.cs
  artifactKey: Guid(431d67e6c1ca4dcf8f39f0cfe0373cd3) Importer(815301076,1909f56bfc062723c751e8b465ee728b)
Start importing Packages/com.unity.ai.toolkit/Modules/Accounts/Components/AIAssistantMenuItem/AIAssistantMenuItem.cs using Guid(431d67e6c1ca4dcf8f39f0cfe0373cd3) Importer(815301076,1909f56bfc062723c751e8b465ee728b) (PreviewImporter) -> (artifact id: '00000000000000000000000000000000') in 0.0008507 seconds
Import Error Code:(4)
Message: Build asset version error: packages/com.unity.ai.toolkit/modules/accounts/components/aiassistantmenuitem/aiassistantmenuitem.cs in SourceAssetDB has modification time of '2026-02-23T21:57:53.367Z' while content on disk has modification time of '0001-01-01T00:00:00Z'
  ERROR: Build asset version error: packages/com.unity.ai.toolkit/modules/accounts/components/aiassistantmenuitem/aiassistantmenuitem.cs in SourceAssetDB has modification time of '2026-02-23T21:57:53.367Z' while content on disk has modification time of '0001-01-01T00:00:00Z'
Number of updated asset objects reloaded before import = 0Number of asset objects unloaded after import = 0

========================================================================
Received Import Request.
  Time since last request: 0.000021 seconds.
  path: Packages/com.unity.ai.toolkit/Modules/Accounts/Components/AIAssistantMenuItem/AIAssistantMenuItem.cs
  artifactKey: Guid(431d67e6c1ca4dcf8f39f0cfe0373cd3) Importer(815301076,1909f56bfc062723c751e8b465ee728b)
Start importing Packages/com.unity.ai.toolkit/Modules/Accounts/Components/AIAssistantMenuItem/AIAssistantMenuItem.cs using Guid(431d67e6c1ca4dcf8f39f0cfe0373cd3) Importer(815301076,1909f56bfc062723c751e8b465ee728b) (PreviewImporter) -> (artifact id: '00000000000000000000000000000000') in 0.000719 seconds
Import Error Code:(4)
Message: Build asset version error: packages/com.unity.ai.toolkit/modules/accounts/components/aiassistantmenuitem/aiassistantmenuitem.cs in SourceAssetDB has modification time of '2026-02-23T21:57:53.367Z' while content on disk has modification time of '0001-01-01T00:00:00Z'
  ERROR: Build asset version error: packages/com.unity.ai.toolkit/modules/accounts/components/aiassistantmenuitem/aiassistantmenuitem.cs in SourceAssetDB has modification time of '2026-02-23T21:57:53.367Z' while content on disk has modification time of '0001-01-01T00:00:00Z'
Number of updated asset objects reloaded before import = 0Number of asset objects unloaded after import = 0

========================================================================
Received Import Request.
  Time since last request: 0.000036 seconds.
  path: Packages/com.unity.ai.toolkit/Modules/Accounts/Components/AIAssistantMenuItem/AIAssistantMenuItem.cs
  artifactKey: Guid(431d67e6c1ca4dcf8f39f0cfe0373cd3) Importer(815301076,1909f56bfc062723c751e8b465ee728b)
Start importing Packages/com.unity.ai.toolkit/Modules/Accounts/Components/AIAssistantMenuItem/AIAssistantMenuItem.cs using Guid(431d67e6c1ca4dcf8f39f0cfe0373cd3) Importer(815301076,1909f56bfc062723c751e8b465ee728b) (PreviewImporter) -> (artifact id: '00000000000000000000000000000000') in 0.0007092 seconds
Import Error Code:(4)
Message: Build asset version error: packages/com.unity.ai.toolkit/modules/accounts/components/aiassistantmenuitem/aiassistantmenuitem.cs in SourceAssetDB has modification time of '2026-02-23T21:57:53.367Z' while content on disk has modification time of '0001-01-01T00:00:00Z'
  ERROR: Build asset version error: packages/com.unity.ai.toolkit/modules/accounts/components/aiassistantmenuitem/aiassistantmenuitem.cs in SourceAssetDB has modification time of '2026-02-23T21:57:53.367Z' while content on disk has modification time of '0001-01-01T00:00:00Z'
Number of updated asset objects reloaded before import = 0Number of asset objects unloaded after import = 0

========================================================================
Received Import Request.
  Time since last request: 0.000019 seconds.
  path: Packages/com.unity.ai.toolkit/Modules/Accounts/Components/AIAssistantMenuItem/AIAssistantMenuItem.cs
  artifactKey: Guid(431d67e6c1ca4dcf8f39f0cfe0373cd3) Importer(815301076,1909f56bfc062723c751e8b465ee728b)
Start importing Packages/com.unity.ai.toolkit/Modules/Accounts/Components/AIAssistantMenuItem/AIAssistantMenuItem.cs using Guid(431d67e6c1ca4dcf8f39f0cfe0373cd3) Importer(815301076,1909f56bfc062723c751e8b465ee728b) (PreviewImporter) -> (artifact id: '00000000000000000000000000000000') in 0.0010055 seconds
Import Error Code:(4)
Message: Build asset version error: packages/com.unity.ai.toolkit/modules/accounts/components/aiassistantmenuitem/aiassistantmenuitem.cs in SourceAssetDB has modification time of '2026-02-23T21:57:53.367Z' while content on disk has modification time of '0001-01-01T00:00:00Z'
  ERROR: Build asset version error: packages/com.unity.ai.toolkit/modules/accounts/components/aiassistantmenuitem/aiassistantmenuitem.cs in SourceAssetDB has modification time of '2026-02-23T21:57:53.367Z' while content on disk has modification time of '0001-01-01T00:00:00Z'
Number of updated asset objects reloaded before import = 0Number of asset objects unloaded after import = 0

========================================================================
Received Import Request.
  Time since last request: 0.000021 seconds.
  path: Packages/com.unity.ai.toolkit/Modules/Accounts/Components/AIAssistantMenuItem/AIAssistantMenuItem.cs
  artifactKey: Guid(431d67e6c1ca4dcf8f39f0cfe0373cd3) Importer(815301076,1909f56bfc062723c751e8b465ee728b)
Start importing Packages/com.unity.ai.toolkit/Modules/Accounts/Components/AIAssistantMenuItem/AIAssistantMenuItem.cs using Guid(431d67e6c1ca4dcf8f39f0cfe0373cd3) Importer(815301076,1909f56bfc062723c751e8b465ee728b) (PreviewImporter) -> (artifact id: '00000000000000000000000000000000') in 0.0010882 seconds
Import Error Code:(4)
Message: Build asset version error: packages/com.unity.ai.toolkit/modules/accounts/components/aiassistantmenuitem/aiassistantmenuitem.cs in SourceAssetDB has modification time of '2026-02-23T21:57:53.367Z' while content on disk has modification time of '0001-01-01T00:00:00Z'
  ERROR: Build asset version error: packages/com.unity.ai.toolkit/modules/accounts/components/aiassistantmenuitem/aiassistantmenuitem.cs in SourceAssetDB has modification time of '2026-02-23T21:57:53.367Z' while content on disk has modification time of '0001-01-01T00:00:00Z'
Number of updated asset objects reloaded before import = 0Number of asset objects unloaded after import = 0

========================================================================
Received Import Request.
  Time since last request: 0.000024 seconds.
  path: Packages/com.unity.ai.toolkit/Modules/Accounts/Components/AIAssistantMenuItem/AIAssistantMenuItem.cs
  artifactKey: Guid(431d67e6c1ca4dcf8f39f0cfe0373cd3) Importer(815301076,1909f56bfc062723c751e8b465ee728b)
Start importing Packages/com.unity.ai.toolkit/Modules/Accounts/Components/AIAssistantMenuItem/AIAssistantMenuItem.cs using Guid(431d67e6c1ca4dcf8f39f0cfe0373cd3) Importer(815301076,1909f56bfc062723c751e8b465ee728b) (PreviewImporter) -> (artifact id: '00000000000000000000000000000000') in 0.0008017 seconds
Import Error Code:(4)
Message: Build asset version error: packages/com.unity.ai.toolkit/modules/accounts/components/aiassistantmenuitem/aiassistantmenuitem.cs in SourceAssetDB has modification time of '2026-02-23T21:57:53.367Z' while content on disk has modification time of '0001-01-01T00:00:00Z'
  ERROR: Build asset version error: packages/com.unity.ai.toolkit/modules/accounts/components/aiassistantmenuitem/aiassistantmenuitem.cs in SourceAssetDB has modification time of '2026-02-23T21:57:53.367Z' while content on disk has modification time of '0001-01-01T00:00:00Z'
Number of updated asset objects reloaded before import = 0Number of asset objects unloaded after import = 0

========================================================================
Received Import Request.
  Time since last request: 0.000018 seconds.
  path: Packages/com.unity.ai.toolkit/Modules/Accounts/Components/AIAssistantMenuItem/AIAssistantMenuItem.cs
  artifactKey: Guid(431d67e6c1ca4dcf8f39f0cfe0373cd3) Importer(815301076,1909f56bfc062723c751e8b465ee728b)
Start importing Packages/com.unity.ai.toolkit/Modules/Accounts/Components/AIAssistantMenuItem/AIAssistantMenuItem.cs using Guid(431d67e6c1ca4dcf8f39f0cfe0373cd3) Importer(815301076,1909f56bfc062723c751e8b465ee728b) (PreviewImporter) -> (artifact id: '00000000000000000000000000000000') in 0.0006087 seconds
Import Error Code:(4)
Message: Build asset version error: packages/com.unity.ai.toolkit/modules/accounts/components/aiassistantmenuitem/aiassistantmenuitem.cs in SourceAssetDB has modification time of '2026-02-23T21:57:53.367Z' while content on disk has modification time of '0001-01-01T00:00:00Z'
  ERROR: Build asset version error: packages/com.unity.ai.toolkit/modules/accounts/components/aiassistantmenuitem/aiassistantmenuitem.cs in SourceAssetDB has modification time of '2026-02-23T21:57:53.367Z' while content on disk has modification time of '0001-01-01T00:00:00Z'
Number of updated asset objects reloaded before import = 0Number of asset objects unloaded after import = 0

========================================================================
Received Import Request.
  Time since last request: 0.000022 seconds.
  path: Packages/com.unity.ai.toolkit/Modules/Accounts/Components/AIAssistantMenuItem/AIAssistantMenuItem.cs
  artifactKey: Guid(431d67e6c1ca4dcf8f39f0cfe0373cd3) Importer(815301076,1909f56bfc062723c751e8b465ee728b)
Start importing Packages/com.unity.ai.toolkit/Modules/Accounts/Components/AIAssistantMenuItem/AIAssistantMenuItem.cs using Guid(431d67e6c1ca4dcf8f39f0cfe0373cd3) Importer(815301076,1909f56bfc062723c751e8b465ee728b) (PreviewImporter) -> (artifact id: '00000000000000000000000000000000') in 0.0006608 seconds
Import Error Code:(4)
Message: Build asset version error: packages/com.unity.ai.toolkit/modules/accounts/components/aiassistantmenuitem/aiassistantmenuitem.cs in SourceAssetDB has modification time of '2026-02-23T21:57:53.367Z' while content on disk has modification time of '0001-01-01T00:00:00Z'
  ERROR: Build asset version error: packages/com.unity.ai.toolkit/modules/accounts/components/aiassistantmenuitem/aiassistantmenuitem.cs in SourceAssetDB has modification time of '2026-02-23T21:57:53.367Z' while content on disk has modification time of '0001-01-01T00:00:00Z'
Number of updated asset objects reloaded before import = 0Number of asset objects unloaded after import = 0

========================================================================
Received Import Request.
  Time since last request: 0.000028 seconds.
  path: Packages/com.unity.ai.toolkit/Modules/Accounts/Components/AIAssistantMenuItem/AIAssistantMenuItem.cs
  artifactKey: Guid(431d67e6c1ca4dcf8f39f0cfe0373cd3) Importer(815301076,1909f56bfc062723c751e8b465ee728b)
Start importing Packages/com.unity.ai.toolkit/Modules/Accounts/Components/AIAssistantMenuItem/AIAssistantMenuItem.cs using Guid(431d67e6c1ca4dcf8f39f0cfe0373cd3) Importer(815301076,1909f56bfc062723c751e8b465ee728b) (PreviewImporter) -> (artifact id: '00000000000000000000000000000000') in 0.0006682 seconds
Import Error Code:(4)
Message: Build asset version error: packages/com.unity.ai.toolkit/modules/accounts/components/aiassistantmenuitem/aiassistantmenuitem.cs in SourceAssetDB has modification time of '2026-02-23T21:57:53.367Z' while content on disk has modification time of '0001-01-01T00:00:00Z'
  ERROR: Build asset version error: packages/com.unity.ai.toolkit/modules/accounts/components/aiassistantmenuitem/aiassistantmenuitem.cs in SourceAssetDB has modification time of '2026-02-23T21:57:53.367Z' while content on disk has modification time of '0001-01-01T00:00:00Z'
Number of updated asset objects reloaded before import = 0Number of asset objects unloaded after import = 0

========================================================================
Received Import Request.
  Time since last request: 0.000019 seconds.
  path: Packages/com.unity.ai.toolkit/Modules/Accounts/Components/AIAssistantMenuItem/AIAssistantMenuItem.cs
  artifactKey: Guid(431d67e6c1ca4dcf8f39f0cfe0373cd3) Importer(815301076,1909f56bfc062723c751e8b465ee728b)
Start importing Packages/com.unity.ai.toolkit/Modules/Accounts/Components/AIAssistantMenuItem/AIAssistantMenuItem.cs using Guid(431d67e6c1ca4dcf8f39f0cfe0373cd3) Importer(815301076,1909f56bfc062723c751e8b465ee728b) (PreviewImporter) -> (artifact id: '00000000000000000000000000000000') in 0.0007953 seconds
Import Error Code:(4)
Message: Build asset version error: packages/com.unity.ai.toolkit/modules/accounts/components/aiassistantmenuitem/aiassistantmenuitem.cs in SourceAssetDB has modification time of '2026-02-23T21:57:53.367Z' while content on disk has modification time of '0001-01-01T00:00:00Z'
  ERROR: Build asset version error: packages/com.unity.ai.toolkit/modules/accounts/components/aiassistantmenuitem/aiassistantmenuitem.cs in SourceAssetDB has modification time of '2026-02-23T21:57:53.367Z' while content on disk has modification time of '0001-01-01T00:00:00Z'
Number of updated asset objects reloaded before import = 0Number of asset objects unloaded after import = 0

========================================================================
Received Import Request.
  Time since last request: 0.000018 seconds.
  path: Packages/com.unity.ai.toolkit/Modules/Accounts/Components/AIAssistantMenuItem/AIAssistantMenuItem.cs
  artifactKey: Guid(431d67e6c1ca4dcf8f39f0cfe0373cd3) Importer(815301076,1909f56bfc062723c751e8b465ee728b)
Start importing Packages/com.unity.ai.toolkit/Modules/Accounts/Components/AIAssistantMenuItem/AIAssistantMenuItem.cs using Guid(431d67e6c1ca4dcf8f39f0cfe0373cd3) Importer(815301076,1909f56bfc062723c751e8b465ee728b) (PreviewImporter) -> (artifact id: '00000000000000000000000000000000') in 0.0006438 seconds
Import Error Code:(4)
Message: Build asset version error: packages/com.unity.ai.toolkit/modules/accounts/components/aiassistantmenuitem/aiassistantmenuitem.cs in SourceAssetDB has modification time of '2026-02-23T21:57:53.367Z' while content on disk has modification time of '0001-01-01T00:00:00Z'
  ERROR: Build asset version error: packages/com.unity.ai.toolkit/modules/accounts/components/aiassistantmenuitem/aiassistantmenuitem.cs in SourceAssetDB has modification time of '2026-02-23T21:57:53.367Z' while content on disk has modification time of '0001-01-01T00:00:00Z'
Number of updated asset objects reloaded before import = 0Number of asset objects unloaded after import = 0

========================================================================
Received Import Request.
  Time since last request: 0.000018 seconds.
  path: Packages/com.unity.ai.toolkit/Modules/Accounts/Components/AIAssistantMenuItem/AIAssistantMenuItem.cs
  artifactKey: Guid(431d67e6c1ca4dcf8f39f0cfe0373cd3) Importer(815301076,1909f56bfc062723c751e8b465ee728b)
Start importing Packages/com.unity.ai.toolkit/Modules/Accounts/Components/AIAssistantMenuItem/AIAssistantMenuItem.cs using Guid(431d67e6c1ca4dcf8f39f0cfe0373cd3) Importer(815301076,1909f56bfc062723c751e8b465ee728b) (PreviewImporter) -> (artifact id: '00000000000000000000000000000000') in 0.000681 seconds
Import Error Code:(4)
Message: Build asset version error: packages/com.unity.ai.toolkit/modules/accounts/components/aiassistantmenuitem/aiassistantmenuitem.cs in SourceAssetDB has modification time of '2026-02-23T21:57:53.367Z' while content on disk has modification time of '0001-01-01T00:00:00Z'
  ERROR: Build asset version error: packages/com.unity.ai.toolkit/modules/accounts/components/aiassistantmenuitem/aiassistantmenuitem.cs in SourceAssetDB has modification time of '2026-02-23T21:57:53.367Z' while content on disk has modification time of '0001-01-01T00:00:00Z'
Number of updated asset objects reloaded before import = 0Number of asset objects unloaded after import = 0

========================================================================
Received Import Request.
  Time since last request: 0.000018 seconds.
  path: Packages/com.unity.ai.toolkit/Modules/Accounts/Components/AIAssistantMenuItem/AIAssistantMenuItem.cs
  artifactKey: Guid(431d67e6c1ca4dcf8f39f0cfe0373cd3) Importer(815301076,1909f56bfc062723c751e8b465ee728b)
Start importing Packages/com.unity.ai.toolkit/Modules/Accounts/Components/AIAssistantMenuItem/AIAssistantMenuItem.cs using Guid(431d67e6c1ca4dcf8f39f0cfe0373cd3) Importer(815301076,1909f56bfc062723c751e8b465ee728b) (PreviewImporter) -> (artifact id: '00000000000000000000000000000000') in 0.0007609 seconds
Import Error Code:(4)
Message: Build asset version error: packages/com.unity.ai.toolkit/modules/accounts/components/aiassistantmenuitem/aiassistantmenuitem.cs in SourceAssetDB has modification time of '2026-02-23T21:57:53.367Z' while content on disk has modification time of '0001-01-01T00:00:00Z'
  ERROR: Build asset version error: packages/com.unity.ai.toolkit/modules/accounts/components/aiassistantmenuitem/aiassistantmenuitem.cs in SourceAssetDB has modification time of '2026-02-23T21:57:53.367Z' while content on disk has modification time of '0001-01-01T00:00:00Z'
Number of updated asset objects reloaded before import = 0Number of asset objects unloaded after import = 0

========================================================================
Received Import Request.
  Time since last request: 0.000018 seconds.
  path: Packages/com.unity.ai.toolkit/Modules/Accounts/Components/AIAssistantMenuItem/AIAssistantMenuItem.cs
  artifactKey: Guid(431d67e6c1ca4dcf8f39f0cfe0373cd3) Importer(815301076,1909f56bfc062723c751e8b465ee728b)
Start importing Packages/com.unity.ai.toolkit/Modules/Accounts/Components/AIAssistantMenuItem/AIAssistantMenuItem.cs using Guid(431d67e6c1ca4dcf8f39f0cfe0373cd3) Importer(815301076,1909f56bfc062723c751e8b465ee728b) (PreviewImporter) -> (artifact id: '00000000000000000000000000000000') in 0.0007399 seconds
Import Error Code:(4)
Message: Build asset version error: packages/com.unity.ai.toolkit/modules/accounts/components/aiassistantmenuitem/aiassistantmenuitem.cs in SourceAssetDB has modification time of '2026-02-23T21:57:53.367Z' while content on disk has modification time of '0001-01-01T00:00:00Z'
  ERROR: Build asset version error: packages/com.unity.ai.toolkit/modules/accounts/components/aiassistantmenuitem/aiassistantmenuitem.cs in SourceAssetDB has modification time of '2026-02-23T21:57:53.367Z' while content on disk has modification time of '0001-01-01T00:00:00Z'
Number of updated asset objects reloaded before import = 0Number of asset objects unloaded after import = 0

========================================================================
Received Import Request.
  Time since last request: 0.000019 seconds.
  path: Packages/com.unity.ai.toolkit/Modules/Accounts/Components/AIAssistantMenuItem/AIAssistantMenuItem.cs
  artifactKey: Guid(431d67e6c1ca4dcf8f39f0cfe0373cd3) Importer(815301076,1909f56bfc062723c751e8b465ee728b)
Start importing Packages/com.unity.ai.toolkit/Modules/Accounts/Components/AIAssistantMenuItem/AIAssistantMenuItem.cs using Guid(431d67e6c1ca4dcf8f39f0cfe0373cd3) Importer(815301076,1909f56bfc062723c751e8b465ee728b) (PreviewImporter) -> (artifact id: '00000000000000000000000000000000') in 0.0006176 seconds
Import Error Code:(4)
Message: Build asset version error: packages/com.unity.ai.toolkit/modules/accounts/components/aiassistantmenuitem/aiassistantmenuitem.cs in SourceAssetDB has modification time of '2026-02-23T21:57:53.367Z' while content on disk has modification time of '0001-01-01T00:00:00Z'
  ERROR: Build asset version error: packages/com.unity.ai.toolkit/modules/accounts/components/aiassistantmenuitem/aiassistantmenuitem.cs in SourceAssetDB has modification time of '2026-02-23T21:57:53.367Z' while content on disk has modification time of '0001-01-01T00:00:00Z'
Number of updated asset objects reloaded before import = 0Number of asset objects unloaded after import = 0

========================================================================
Received Import Request.
  Time since last request: 0.000030 seconds.
  path: Packages/com.unity.ai.toolkit/Modules/Accounts/Components/AIAssistantMenuItem/AIAssistantMenuItem.cs
  artifactKey: Guid(431d67e6c1ca4dcf8f39f0cfe0373cd3) Importer(815301076,1909f56bfc062723c751e8b465ee728b)
Start importing Packages/com.unity.ai.toolkit/Modules/Accounts/Components/AIAssistantMenuItem/AIAssistantMenuItem.cs using Guid(431d67e6c1ca4dcf8f39f0cfe0373cd3) Importer(815301076,1909f56bfc062723c751e8b465ee728b) (PreviewImporter) -> (artifact id: '00000000000000000000000000000000') in 0.0007747 seconds
Import Error Code:(4)
Message: Build asset version error: packages/com.unity.ai.toolkit/modules/accounts/components/aiassistantmenuitem/aiassistantmenuitem.cs in SourceAssetDB has modification time of '2026-02-23T21:57:53.367Z' while content on disk has modification time of '0001-01-01T00:00:00Z'
  ERROR: Build asset version error: packages/com.unity.ai.toolkit/modules/accounts/components/aiassistantmenuitem/aiassistantmenuitem.cs in SourceAssetDB has modification time of '2026-02-23T21:57:53.367Z' while content on disk has modification time of '0001-01-01T00:00:00Z'
Number of updated asset objects reloaded before import = 0Number of asset objects unloaded after import = 0

========================================================================
Received Import Request.
  Time since last request: 0.000024 seconds.
  path: Packages/com.unity.ai.toolkit/Modules/Accounts/Components/AIAssistantMenuItem/AIAssistantMenuItem.cs
  artifactKey: Guid(431d67e6c1ca4dcf8f39f0cfe0373cd3) Importer(815301076,1909f56bfc062723c751e8b465ee728b)
Start importing Packages/com.unity.ai.toolkit/Modules/Accounts/Components/AIAssistantMenuItem/AIAssistantMenuItem.cs using Guid(431d67e6c1ca4dcf8f39f0cfe0373cd3) Importer(815301076,1909f56bfc062723c751e8b465ee728b) (PreviewImporter) -> (artifact id: '00000000000000000000000000000000') in 0.0006373 seconds
Import Error Code:(4)
Message: Build asset version error: packages/com.unity.ai.toolkit/modules/accounts/components/aiassistantmenuitem/aiassistantmenuitem.cs in SourceAssetDB has modification time of '2026-02-23T21:57:53.367Z' while content on disk has modification time of '0001-01-01T00:00:00Z'
  ERROR: Build asset version error: packages/com.unity.ai.toolkit/modules/accounts/components/aiassistantmenuitem/aiassistantmenuitem.cs in SourceAssetDB has modification time of '2026-02-23T21:57:53.367Z' while content on disk has modification time of '0001-01-01T00:00:00Z'
Number of updated asset objects reloaded before import = 0Number of asset objects unloaded after import = 0

========================================================================
Received Import Request.
  Time since last request: 0.000016 seconds.
  path: Packages/com.unity.ai.toolkit/Modules/Accounts/Components/AIAssistantMenuItem/AIAssistantMenuItem.cs
  artifactKey: Guid(431d67e6c1ca4dcf8f39f0cfe0373cd3) Importer(815301076,1909f56bfc062723c751e8b465ee728b)
Start importing Packages/com.unity.ai.toolkit/Modules/Accounts/Components/AIAssistantMenuItem/AIAssistantMenuItem.cs using Guid(431d67e6c1ca4dcf8f39f0cfe0373cd3) Importer(815301076,1909f56bfc062723c751e8b465ee728b) (PreviewImporter) -> (artifact id: '00000000000000000000000000000000') in 0.0007311 seconds
Import Error Code:(4)
Message: Build asset version error: packages/com.unity.ai.toolkit/modules/accounts/components/aiassistantmenuitem/aiassistantmenuitem.cs in SourceAssetDB has modification time of '2026-02-23T21:57:53.367Z' while content on disk has modification time of '0001-01-01T00:00:00Z'
  ERROR: Build asset version error: packages/com.unity.ai.toolkit/modules/accounts/components/aiassistantmenuitem/aiassistantmenuitem.cs in SourceAssetDB has modification time of '2026-02-23T21:57:53.367Z' while content on disk has modification time of '0001-01-01T00:00:00Z'
Number of updated asset objects reloaded before import = 0Number of asset objects unloaded after import = 0

========================================================================
Received Import Request.
  Time since last request: 0.000017 seconds.
  path: Packages/com.unity.ai.toolkit/Modules/Accounts/Components/AIAssistantMenuItem/AIAssistantMenuItem.cs
  artifactKey: Guid(431d67e6c1ca4dcf8f39f0cfe0373cd3) Importer(815301076,1909f56bfc062723c751e8b465ee728b)
Start importing Packages/com.unity.ai.toolkit/Modules/Accounts/Components/AIAssistantMenuItem/AIAssistantMenuItem.cs using Guid(431d67e6c1ca4dcf8f39f0cfe0373cd3) Importer(815301076,1909f56bfc062723c751e8b465ee728b) (PreviewImporter) -> (artifact id: '00000000000000000000000000000000') in 0.0007405 seconds
Import Error Code:(4)
Message: Build asset version error: packages/com.unity.ai.toolkit/modules/accounts/components/aiassistantmenuitem/aiassistantmenuitem.cs in SourceAssetDB has modification time of '2026-02-23T21:57:53.367Z' while content on disk has modification time of '0001-01-01T00:00:00Z'
  ERROR: Build asset version error: packages/com.unity.ai.toolkit/modules/accounts/components/aiassistantmenuitem/aiassistantmenuitem.cs in SourceAssetDB has modification time of '2026-02-23T21:57:53.367Z' while content on disk has modification time of '0001-01-01T00:00:00Z'
Number of updated asset objects reloaded before import = 0Number of asset objects unloaded after import = 0

========================================================================
Received Import Request.
  Time since last request: 0.000024 seconds.
  path: Packages/com.unity.ai.toolkit/Modules/Accounts/Components/AIAssistantMenuItem/AIAssistantMenuItem.cs
  artifactKey: Guid(431d67e6c1ca4dcf8f39f0cfe0373cd3) Importer(815301076,1909f56bfc062723c751e8b465ee728b)
Start importing Packages/com.unity.ai.toolkit/Modules/Accounts/Components/AIAssistantMenuItem/AIAssistantMenuItem.cs using Guid(431d67e6c1ca4dcf8f39f0cfe0373cd3) Importer(815301076,1909f56bfc062723c751e8b465ee728b) (PreviewImporter) -> (artifact id: '00000000000000000000000000000000') in 0.0007012 seconds
Import Error Code:(4)
Message: Build asset version error: packages/com.unity.ai.toolkit/modules/accounts/components/aiassistantmenuitem/aiassistantmenuitem.cs in SourceAssetDB has modification time of '2026-02-23T21:57:53.367Z' while content on disk has modification time of '0001-01-01T00:00:00Z'
  ERROR: Build asset version error: packages/com.unity.ai.toolkit/modules/accounts/components/aiassistantmenuitem/aiassistantmenuitem.cs in SourceAssetDB has modification time of '2026-02-23T21:57:53.367Z' while content on disk has modification time of '0001-01-01T00:00:00Z'
Number of updated asset objects reloaded before import = 0Number of asset objects unloaded after import = 0

========================================================================
Received Import Request.
  Time since last request: 0.000023 seconds.
  path: Packages/com.unity.ai.toolkit/Modules/Accounts/Components/AIAssistantMenuItem/AIAssistantMenuItem.cs
  artifactKey: Guid(431d67e6c1ca4dcf8f39f0cfe0373cd3) Importer(815301076,1909f56bfc062723c751e8b465ee728b)
Start importing Packages/com.unity.ai.toolkit/Modules/Accounts/Components/AIAssistantMenuItem/AIAssistantMenuItem.cs using Guid(431d67e6c1ca4dcf8f39f0cfe0373cd3) Importer(815301076,1909f56bfc062723c751e8b465ee728b) (PreviewImporter) -> (artifact id: '00000000000000000000000000000000') in 0.0007777 seconds
Import Error Code:(4)
Message: Build asset version error: packages/com.unity.ai.toolkit/modules/accounts/components/aiassistantmenuitem/aiassistantmenuitem.cs in SourceAssetDB has modification time of '2026-02-23T21:57:53.367Z' while content on disk has modification time of '0001-01-01T00:00:00Z'
  ERROR: Build asset version error: packages/com.unity.ai.toolkit/modules/accounts/components/aiassistantmenuitem/aiassistantmenuitem.cs in SourceAssetDB has modification time of '2026-02-23T21:57:53.367Z' while content on disk has modification time of '0001-01-01T00:00:00Z'
Number of updated asset objects reloaded before import = 0Number of asset objects unloaded after import = 0

========================================================================
Received Import Request.
  Time since last request: 0.000037 seconds.
  path: Packages/com.unity.ai.toolkit/Modules/Accounts/Components/AIAssistantMenuItem/AIAssistantMenuItem.cs
  artifactKey: Guid(431d67e6c1ca4dcf8f39f0cfe0373cd3) Importer(815301076,1909f56bfc062723c751e8b465ee728b)
Start importing Packages/com.unity.ai.toolkit/Modules/Accounts/Components/AIAssistantMenuItem/AIAssistantMenuItem.cs using Guid(431d67e6c1ca4dcf8f39f0cfe0373cd3) Importer(815301076,1909f56bfc062723c751e8b465ee728b) (PreviewImporter) -> (artifact id: '00000000000000000000000000000000') in 0.0007613 seconds
Import Error Code:(4)
Message: Build asset version error: packages/com.unity.ai.toolkit/modules/accounts/components/aiassistantmenuitem/aiassistantmenuitem.cs in SourceAssetDB has modification time of '2026-02-23T21:57:53.367Z' while content on disk has modification time of '0001-01-01T00:00:00Z'
  ERROR: Build asset version error: packages/com.unity.ai.toolkit/modules/accounts/components/aiassistantmenuitem/aiassistantmenuitem.cs in SourceAssetDB has modification time of '2026-02-23T21:57:53.367Z' while content on disk has modification time of '0001-01-01T00:00:00Z'
Number of updated asset objects reloaded before import = 0Number of asset objects unloaded after import = 0

========================================================================
Received Import Request.
  Time since last request: 0.000017 seconds.
  path: Packages/com.unity.ai.toolkit/Modules/Accounts/Components/AIAssistantMenuItem/AIAssistantMenuItem.cs
  artifactKey: Guid(431d67e6c1ca4dcf8f39f0cfe0373cd3) Importer(815301076,1909f56bfc062723c751e8b465ee728b)
Start importing Packages/com.unity.ai.toolkit/Modules/Accounts/Components/AIAssistantMenuItem/AIAssistantMenuItem.cs using Guid(431d67e6c1ca4dcf8f39f0cfe0373cd3) Importer(815301076,1909f56bfc062723c751e8b465ee728b) (PreviewImporter) -> (artifact id: '00000000000000000000000000000000') in 0.0009257 seconds
Import Error Code:(4)
Message: Build asset version error: packages/com.unity.ai.toolkit/modules/accounts/components/aiassistantmenuitem/aiassistantmenuitem.cs in SourceAssetDB has modification time of '2026-02-23T21:57:53.367Z' while content on disk has modification time of '0001-01-01T00:00:00Z'
  ERROR: Build asset version error: packages/com.unity.ai.toolkit/modules/accounts/components/aiassistantmenuitem/aiassistantmenuitem.cs in SourceAssetDB has modification time of '2026-02-23T21:57:53.367Z' while content on disk has modification time of '0001-01-01T00:00:00Z'
Number of updated asset objects reloaded before import = 0Number of asset objects unloaded after import = 0

========================================================================
Received Import Request.
  Time since last request: 0.000018 seconds.
  path: Packages/com.unity.ai.toolkit/Modules/Accounts/Components/AIAssistantMenuItem/AIAssistantMenuItem.cs
  artifactKey: Guid(431d67e6c1ca4dcf8f39f0cfe0373cd3) Importer(815301076,1909f56bfc062723c751e8b465ee728b)
Start importing Packages/com.unity.ai.toolkit/Modules/Accounts/Components/AIAssistantMenuItem/AIAssistantMenuItem.cs using Guid(431d67e6c1ca4dcf8f39f0cfe0373cd3) Importer(815301076,1909f56bfc062723c751e8b465ee728b) (PreviewImporter) -> (artifact id: '00000000000000000000000000000000') in 0.0016838 seconds
Import Error Code:(4)
Message: Build asset version error: packages/com.unity.ai.toolkit/modules/accounts/components/aiassistantmenuitem/aiassistantmenuitem.cs in SourceAssetDB has modification time of '2026-02-23T21:57:53.367Z' while content on disk has modification time of '0001-01-01T00:00:00Z'
  ERROR: Build asset version error: packages/com.unity.ai.toolkit/modules/accounts/components/aiassistantmenuitem/aiassistantmenuitem.cs in SourceAssetDB has modification time of '2026-02-23T21:57:53.367Z' while content on disk has modification time of '0001-01-01T00:00:00Z'
Number of updated asset objects reloaded before import = 0Number of asset objects unloaded after import = 0

========================================================================
Received Import Request.
  Time since last request: 0.000020 seconds.
  path: Packages/com.unity.ai.toolkit/Modules/Accounts/Components/AIAssistantMenuItem/AIAssistantMenuItem.cs
  artifactKey: Guid(431d67e6c1ca4dcf8f39f0cfe0373cd3) Importer(815301076,1909f56bfc062723c751e8b465ee728b)
Start importing Packages/com.unity.ai.toolkit/Modules/Accounts/Components/AIAssistantMenuItem/AIAssistantMenuItem.cs using Guid(431d67e6c1ca4dcf8f39f0cfe0373cd3) Importer(815301076,1909f56bfc062723c751e8b465ee728b) (PreviewImporter) -> (artifact id: '00000000000000000000000000000000') in 0.0010939 seconds
Import Error Code:(4)
Message: Build asset version error: packages/com.unity.ai.toolkit/modules/accounts/components/aiassistantmenuitem/aiassistantmenuitem.cs in SourceAssetDB has modification time of '2026-02-23T21:57:53.367Z' while content on disk has modification time of '0001-01-01T00:00:00Z'
  ERROR: Build asset version error: packages/com.unity.ai.toolkit/modules/accounts/components/aiassistantmenuitem/aiassistantmenuitem.cs in SourceAssetDB has modification time of '2026-02-23T21:57:53.367Z' while content on disk has modification time of '0001-01-01T00:00:00Z'
Number of updated asset objects reloaded before import = 0Number of asset objects unloaded after import = 0

========================================================================
Received Import Request.
  Time since last request: 0.000018 seconds.
  path: Packages/com.unity.ai.toolkit/Modules/Accounts/Components/AIAssistantMenuItem/AIAssistantMenuItem.cs
  artifactKey: Guid(431d67e6c1ca4dcf8f39f0cfe0373cd3) Importer(815301076,1909f56bfc062723c751e8b465ee728b)
Start importing Packages/com.unity.ai.toolkit/Modules/Accounts/Components/AIAssistantMenuItem/AIAssistantMenuItem.cs using Guid(431d67e6c1ca4dcf8f39f0cfe0373cd3) Importer(815301076,1909f56bfc062723c751e8b465ee728b) (PreviewImporter) -> (artifact id: '00000000000000000000000000000000') in 0.0007901 seconds
Import Error Code:(4)
Message: Build asset version error: packages/com.unity.ai.toolkit/modules/accounts/components/aiassistantmenuitem/aiassistantmenuitem.cs in SourceAssetDB has modification time of '2026-02-23T21:57:53.367Z' while content on disk has modification time of '0001-01-01T00:00:00Z'
  ERROR: Build asset version error: packages/com.unity.ai.toolkit/modules/accounts/components/aiassistantmenuitem/aiassistantmenuitem.cs in SourceAssetDB has modification time of '2026-02-23T21:57:53.367Z' while content on disk has modification time of '0001-01-01T00:00:00Z'
Number of updated asset objects reloaded before import = 0Number of asset objects unloaded after import = 0

========================================================================
Received Import Request.
  Time since last request: 0.000023 seconds.
  path: Packages/com.unity.ai.toolkit/Modules/Accounts/Components/AIAssistantMenuItem/AIAssistantMenuItem.cs
  artifactKey: Guid(431d67e6c1ca4dcf8f39f0cfe0373cd3) Importer(815301076,1909f56bfc062723c751e8b465ee728b)
Start importing Packages/com.unity.ai.toolkit/Modules/Accounts/Components/AIAssistantMenuItem/AIAssistantMenuItem.cs using Guid(431d67e6c1ca4dcf8f39f0cfe0373cd3) Importer(815301076,1909f56bfc062723c751e8b465ee728b) (PreviewImporter) -> (artifact id: '00000000000000000000000000000000') in 0.0008737 seconds
Import Error Code:(4)
Message: Build asset version error: packages/com.unity.ai.toolkit/modules/accounts/components/aiassistantmenuitem/aiassistantmenuitem.cs in SourceAssetDB has modification time of '2026-02-23T21:57:53.367Z' while content on disk has modification time of '0001-01-01T00:00:00Z'
  ERROR: Build asset version error: packages/com.unity.ai.toolkit/modules/accounts/components/aiassistantmenuitem/aiassistantmenuitem.cs in SourceAssetDB has modification time of '2026-02-23T21:57:53.367Z' while content on disk has modification time of '0001-01-01T00:00:00Z'
Number of updated asset objects reloaded before import = 0Number of asset objects unloaded after import = 0

========================================================================
Received Import Request.
  Time since last request: 0.000039 seconds.
  path: Packages/com.unity.ai.toolkit/Modules/Accounts/Components/AIAssistantMenuItem/AIAssistantMenuItem.cs
  artifactKey: Guid(431d67e6c1ca4dcf8f39f0cfe0373cd3) Importer(815301076,1909f56bfc062723c751e8b465ee728b)
Start importing Packages/com.unity.ai.toolkit/Modules/Accounts/Components/AIAssistantMenuItem/AIAssistantMenuItem.cs using Guid(431d67e6c1ca4dcf8f39f0cfe0373cd3) Importer(815301076,1909f56bfc062723c751e8b465ee728b) (PreviewImporter) -> (artifact id: '00000000000000000000000000000000') in 0.000735 seconds
Import Error Code:(4)
Message: Build asset version error: packages/com.unity.ai.toolkit/modules/accounts/components/aiassistantmenuitem/aiassistantmenuitem.cs in SourceAssetDB has modification time of '2026-02-23T21:57:53.367Z' while content on disk has modification time of '0001-01-01T00:00:00Z'
  ERROR: Build asset version error: packages/com.unity.ai.toolkit/modules/accounts/components/aiassistantmenuitem/aiassistantmenuitem.cs in SourceAssetDB has modification time of '2026-02-23T21:57:53.367Z' while content on disk has modification time of '0001-01-01T00:00:00Z'
Number of updated asset objects reloaded before import = 0Number of asset objects unloaded after import = 0

========================================================================
Received Import Request.
  Time since last request: 0.000018 seconds.
  path: Packages/com.unity.ai.toolkit/Modules/Accounts/Components/AIAssistantMenuItem/AIAssistantMenuItem.cs
  artifactKey: Guid(431d67e6c1ca4dcf8f39f0cfe0373cd3) Importer(815301076,1909f56bfc062723c751e8b465ee728b)
Start importing Packages/com.unity.ai.toolkit/Modules/Accounts/Components/AIAssistantMenuItem/AIAssistantMenuItem.cs using Guid(431d67e6c1ca4dcf8f39f0cfe0373cd3) Importer(815301076,1909f56bfc062723c751e8b465ee728b) (PreviewImporter) -> (artifact id: '00000000000000000000000000000000') in 0.0006552 seconds
Import Error Code:(4)
Message: Build asset version error: packages/com.unity.ai.toolkit/modules/accounts/components/aiassistantmenuitem/aiassistantmenuitem.cs in SourceAssetDB has modification time of '2026-02-23T21:57:53.367Z' while content on disk has modification time of '0001-01-01T00:00:00Z'
  ERROR: Build asset version error: packages/com.unity.ai.toolkit/modules/accounts/components/aiassistantmenuitem/aiassistantmenuitem.cs in SourceAssetDB has modification time of '2026-02-23T21:57:53.367Z' while content on disk has modification time of '0001-01-01T00:00:00Z'
Number of updated asset objects reloaded before import = 0Number of asset objects unloaded after import = 0

========================================================================
Received Import Request.
  Time since last request: 0.000025 seconds.
  path: Packages/com.unity.ai.toolkit/Modules/Accounts/Components/AIAssistantMenuItem/AIAssistantMenuItem.cs
  artifactKey: Guid(431d67e6c1ca4dcf8f39f0cfe0373cd3) Importer(815301076,1909f56bfc062723c751e8b465ee728b)
Start importing Packages/com.unity.ai.toolkit/Modules/Accounts/Components/AIAssistantMenuItem/AIAssistantMenuItem.cs using Guid(431d67e6c1ca4dcf8f39f0cfe0373cd3) Importer(815301076,1909f56bfc062723c751e8b465ee728b) (PreviewImporter) -> (artifact id: '00000000000000000000000000000000') in 0.0006343 seconds
Import Error Code:(4)
Message: Build asset version error: packages/com.unity.ai.toolkit/modules/accounts/components/aiassistantmenuitem/aiassistantmenuitem.cs in SourceAssetDB has modification time of '2026-02-23T21:57:53.367Z' while content on disk has modification time of '0001-01-01T00:00:00Z'
  ERROR: Build asset version error: packages/com.unity.ai.toolkit/modules/accounts/components/aiassistantmenuitem/aiassistantmenuitem.cs in SourceAssetDB has modification time of '2026-02-23T21:57:53.367Z' while content on disk has modification time of '0001-01-01T00:00:00Z'
Number of updated asset objects reloaded before import = 0Number of asset objects unloaded after import = 0

========================================================================
Received Import Request.
  Time since last request: 0.000017 seconds.
  path: Packages/com.unity.ai.toolkit/Modules/Accounts/Components/AIAssistantMenuItem/AIAssistantMenuItem.cs
  artifactKey: Guid(431d67e6c1ca4dcf8f39f0cfe0373cd3) Importer(815301076,1909f56bfc062723c751e8b465ee728b)
Start importing Packages/com.unity.ai.toolkit/Modules/Accounts/Components/AIAssistantMenuItem/AIAssistantMenuItem.cs using Guid(431d67e6c1ca4dcf8f39f0cfe0373cd3) Importer(815301076,1909f56bfc062723c751e8b465ee728b) (PreviewImporter) -> (artifact id: '00000000000000000000000000000000') in 0.0007194 seconds
Import Error Code:(4)
Message: Build asset version error: packages/com.unity.ai.toolkit/modules/accounts/components/aiassistantmenuitem/aiassistantmenuitem.cs in SourceAssetDB has modification time of '2026-02-23T21:57:53.367Z' while content on disk has modification time of '0001-01-01T00:00:00Z'
  ERROR: Build asset version error: packages/com.unity.ai.toolkit/modules/accounts/components/aiassistantmenuitem/aiassistantmenuitem.cs in SourceAssetDB has modification time of '2026-02-23T21:57:53.367Z' while content on disk has modification time of '0001-01-01T00:00:00Z'
Number of updated asset objects reloaded before import = 0Number of asset objects unloaded after import = 0

========================================================================
Received Import Request.
  Time since last request: 0.000018 seconds.
  path: Packages/com.unity.ai.toolkit/Modules/Accounts/Components/AIAssistantMenuItem/AIAssistantMenuItem.cs
  artifactKey: Guid(431d67e6c1ca4dcf8f39f0cfe0373cd3) Importer(815301076,1909f56bfc062723c751e8b465ee728b)
Start importing Packages/com.unity.ai.toolkit/Modules/Accounts/Components/AIAssistantMenuItem/AIAssistantMenuItem.cs using Guid(431d67e6c1ca4dcf8f39f0cfe0373cd3) Importer(815301076,1909f56bfc062723c751e8b465ee728b) (PreviewImporter) -> (artifact id: '00000000000000000000000000000000') in 0.0006193 seconds
Import Error Code:(4)
Message: Build asset version error: packages/com.unity.ai.toolkit/modules/accounts/components/aiassistantmenuitem/aiassistantmenuitem.cs in SourceAssetDB has modification time of '2026-02-23T21:57:53.367Z' while content on disk has modification time of '0001-01-01T00:00:00Z'
  ERROR: Build asset version error: packages/com.unity.ai.toolkit/modules/accounts/components/aiassistantmenuitem/aiassistantmenuitem.cs in SourceAssetDB has modification time of '2026-02-23T21:57:53.367Z' while content on disk has modification time of '0001-01-01T00:00:00Z'
Number of updated asset objects reloaded before import = 0Number of asset objects unloaded after import = 0

========================================================================
Received Import Request.
  Time since last request: 0.000024 seconds.
  path: Packages/com.unity.ai.toolkit/Modules/Accounts/Components/AIAssistantMenuItem/AIAssistantMenuItem.cs
  artifactKey: Guid(431d67e6c1ca4dcf8f39f0cfe0373cd3) Importer(815301076,1909f56bfc062723c751e8b465ee728b)
Start importing Packages/com.unity.ai.toolkit/Modules/Accounts/Components/AIAssistantMenuItem/AIAssistantMenuItem.cs using Guid(431d67e6c1ca4dcf8f39f0cfe0373cd3) Importer(815301076,1909f56bfc062723c751e8b465ee728b) (PreviewImporter) -> (artifact id: '00000000000000000000000000000000') in 0.0007587 seconds
Import Error Code:(4)
Message: Build asset version error: packages/com.unity.ai.toolkit/modules/accounts/components/aiassistantmenuitem/aiassistantmenuitem.cs in SourceAssetDB has modification time of '2026-02-23T21:57:53.367Z' while content on disk has modification time of '0001-01-01T00:00:00Z'
  ERROR: Build asset version error: packages/com.unity.ai.toolkit/modules/accounts/components/aiassistantmenuitem/aiassistantmenuitem.cs in SourceAssetDB has modification time of '2026-02-23T21:57:53.367Z' while content on disk has modification time of '0001-01-01T00:00:00Z'
Number of updated asset objects reloaded before import = 0Number of asset objects unloaded after import = 0

========================================================================
Received Import Request.
  Time since last request: 0.000029 seconds.
  path: Packages/com.unity.ai.toolkit/Modules/Accounts/Components/AIAssistantMenuItem/AIAssistantMenuItem.cs
  artifactKey: Guid(431d67e6c1ca4dcf8f39f0cfe0373cd3) Importer(815301076,1909f56bfc062723c751e8b465ee728b)
Start importing Packages/com.unity.ai.toolkit/Modules/Accounts/Components/AIAssistantMenuItem/AIAssistantMenuItem.cs using Guid(431d67e6c1ca4dcf8f39f0cfe0373cd3) Importer(815301076,1909f56bfc062723c751e8b465ee728b) (PreviewImporter) -> (artifact id: '00000000000000000000000000000000') in 0.0007733 seconds
Import Error Code:(4)
Message: Build asset version error: packages/com.unity.ai.toolkit/modules/accounts/components/aiassistantmenuitem/aiassistantmenuitem.cs in SourceAssetDB has modification time of '2026-02-23T21:57:53.367Z' while content on disk has modification time of '0001-01-01T00:00:00Z'
  ERROR: Build asset version error: packages/com.unity.ai.toolkit/modules/accounts/components/aiassistantmenuitem/aiassistantmenuitem.cs in SourceAssetDB has modification time of '2026-02-23T21:57:53.367Z' while content on disk has modification time of '0001-01-01T00:00:00Z'
Number of updated asset objects reloaded before import = 0Number of asset objects unloaded after import = 0

========================================================================
Received Import Request.
  Time since last request: 0.000031 seconds.
  path: Packages/com.unity.ai.toolkit/Modules/Accounts/Components/AIAssistantMenuItem/AIAssistantMenuItem.cs
  artifactKey: Guid(431d67e6c1ca4dcf8f39f0cfe0373cd3) Importer(815301076,1909f56bfc062723c751e8b465ee728b)
Start importing Packages/com.unity.ai.toolkit/Modules/Accounts/Components/AIAssistantMenuItem/AIAssistantMenuItem.cs using Guid(431d67e6c1ca4dcf8f39f0cfe0373cd3) Importer(815301076,1909f56bfc062723c751e8b465ee728b) (PreviewImporter) -> (artifact id: '00000000000000000000000000000000') in 0.0006294 seconds
Import Error Code:(4)
Message: Build asset version error: packages/com.unity.ai.toolkit/modules/accounts/components/aiassistantmenuitem/aiassistantmenuitem.cs in SourceAssetDB has modification time of '2026-02-23T21:57:53.367Z' while content on disk has modification time of '0001-01-01T00:00:00Z'
  ERROR: Build asset version error: packages/com.unity.ai.toolkit/modules/accounts/components/aiassistantmenuitem/aiassistantmenuitem.cs in SourceAssetDB has modification time of '2026-02-23T21:57:53.367Z' while content on disk has modification time of '0001-01-01T00:00:00Z'
Number of updated asset objects reloaded before import = 0Number of asset objects unloaded after import = 0

========================================================================
Received Import Request.
  Time since last request: 0.000019 seconds.
  path: Packages/com.unity.ai.toolkit/Modules/Accounts/Components/AIAssistantMenuItem/AIAssistantMenuItem.cs
  artifactKey: Guid(431d67e6c1ca4dcf8f39f0cfe0373cd3) Importer(815301076,1909f56bfc062723c751e8b465ee728b)
Start importing Packages/com.unity.ai.toolkit/Modules/Accounts/Components/AIAssistantMenuItem/AIAssistantMenuItem.cs using Guid(431d67e6c1ca4dcf8f39f0cfe0373cd3) Importer(815301076,1909f56bfc062723c751e8b465ee728b) (PreviewImporter) -> (artifact id: '00000000000000000000000000000000') in 0.0007383 seconds
Import Error Code:(4)
Message: Build asset version error: packages/com.unity.ai.toolkit/modules/accounts/components/aiassistantmenuitem/aiassistantmenuitem.cs in SourceAssetDB has modification time of '2026-02-23T21:57:53.367Z' while content on disk has modification time of '0001-01-01T00:00:00Z'
  ERROR: Build asset version error: packages/com.unity.ai.toolkit/modules/accounts/components/aiassistantmenuitem/aiassistantmenuitem.cs in SourceAssetDB has modification time of '2026-02-23T21:57:53.367Z' while content on disk has modification time of '0001-01-01T00:00:00Z'
Number of updated asset objects reloaded before import = 0Number of asset objects unloaded after import = 0

========================================================================
Received Import Request.
  Time since last request: 0.000017 seconds.
  path: Packages/com.unity.ai.toolkit/Modules/Accounts/Components/AIAssistantMenuItem/AIAssistantMenuItem.cs
  artifactKey: Guid(431d67e6c1ca4dcf8f39f0cfe0373cd3) Importer(815301076,1909f56bfc062723c751e8b465ee728b)
Start importing Packages/com.unity.ai.toolkit/Modules/Accounts/Components/AIAssistantMenuItem/AIAssistantMenuItem.cs using Guid(431d67e6c1ca4dcf8f39f0cfe0373cd3) Importer(815301076,1909f56bfc062723c751e8b465ee728b) (PreviewImporter) -> (artifact id: '00000000000000000000000000000000') in 0.0007156 seconds
Import Error Code:(4)
Message: Build asset version error: packages/com.unity.ai.toolkit/modules/accounts/components/aiassistantmenuitem/aiassistantmenuitem.cs in SourceAssetDB has modification time of '2026-02-23T21:57:53.367Z' while content on disk has modification time of '0001-01-01T00:00:00Z'
  ERROR: Build asset version error: packages/com.unity.ai.toolkit/modules/accounts/components/aiassistantmenuitem/aiassistantmenuitem.cs in SourceAssetDB has modification time of '2026-02-23T21:57:53.367Z' while content on disk has modification time of '0001-01-01T00:00:00Z'
Number of updated asset objects reloaded before import = 0Number of asset objects unloaded after import = 0

========================================================================
Received Import Request.
  Time since last request: 0.000019 seconds.
  path: Packages/com.unity.ai.toolkit/Modules/Accounts/Components/AIAssistantMenuItem/AIAssistantMenuItem.cs
  artifactKey: Guid(431d67e6c1ca4dcf8f39f0cfe0373cd3) Importer(815301076,1909f56bfc062723c751e8b465ee728b)
Start importing Packages/com.unity.ai.toolkit/Modules/Accounts/Components/AIAssistantMenuItem/AIAssistantMenuItem.cs using Guid(431d67e6c1ca4dcf8f39f0cfe0373cd3) Importer(815301076,1909f56bfc062723c751e8b465ee728b) (PreviewImporter) -> (artifact id: '00000000000000000000000000000000') in 0.0006382 seconds
Import Error Code:(4)
Message: Build asset version error: packages/com.unity.ai.toolkit/modules/accounts/components/aiassistantmenuitem/aiassistantmenuitem.cs in SourceAssetDB has modification time of '2026-02-23T21:57:53.367Z' while content on disk has modification time of '0001-01-01T00:00:00Z'
  ERROR: Build asset version error: packages/com.unity.ai.toolkit/modules/accounts/components/aiassistantmenuitem/aiassistantmenuitem.cs in SourceAssetDB has modification time of '2026-02-23T21:57:53.367Z' while content on disk has modification time of '0001-01-01T00:00:00Z'
Number of updated asset objects reloaded before import = 0Number of asset objects unloaded after import = 0

========================================================================
Received Import Request.
  Time since last request: 0.000017 seconds.
  path: Packages/com.unity.ai.toolkit/Modules/Accounts/Components/AIAssistantMenuItem/AIAssistantMenuItem.cs
  artifactKey: Guid(431d67e6c1ca4dcf8f39f0cfe0373cd3) Importer(815301076,1909f56bfc062723c751e8b465ee728b)
Start importing Packages/com.unity.ai.toolkit/Modules/Accounts/Components/AIAssistantMenuItem/AIAssistantMenuItem.cs using Guid(431d67e6c1ca4dcf8f39f0cfe0373cd3) Importer(815301076,1909f56bfc062723c751e8b465ee728b) (PreviewImporter) -> (artifact id: '00000000000000000000000000000000') in 0.0009119 seconds
Import Error Code:(4)
Message: Build asset version error: packages/com.unity.ai.toolkit/modules/accounts/components/aiassistantmenuitem/aiassistantmenuitem.cs in SourceAssetDB has modification time of '2026-02-23T21:57:53.367Z' while content on disk has modification time of '0001-01-01T00:00:00Z'
  ERROR: Build asset version error: packages/com.unity.ai.toolkit/modules/accounts/components/aiassistantmenuitem/aiassistantmenuitem.cs in SourceAssetDB has modification time of '2026-02-23T21:57:53.367Z' while content on disk has modification time of '0001-01-01T00:00:00Z'
Number of updated asset objects reloaded before import = 0Number of asset objects unloaded after import = 0

========================================================================
Received Import Request.
  Time since last request: 0.000021 seconds.
  path: Packages/com.unity.ai.toolkit/Modules/Accounts/Components/AIAssistantMenuItem/AIAssistantMenuItem.cs
  artifactKey: Guid(431d67e6c1ca4dcf8f39f0cfe0373cd3) Importer(815301076,1909f56bfc062723c751e8b465ee728b)
Start importing Packages/com.unity.ai.toolkit/Modules/Accounts/Components/AIAssistantMenuItem/AIAssistantMenuItem.cs using Guid(431d67e6c1ca4dcf8f39f0cfe0373cd3) Importer(815301076,1909f56bfc062723c751e8b465ee728b) (PreviewImporter) -> (artifact id: '00000000000000000000000000000000') in 0.0011178 seconds
Import Error Code:(4)
Message: Build asset version error: packages/com.unity.ai.toolkit/modules/accounts/components/aiassistantmenuitem/aiassistantmenuitem.cs in SourceAssetDB has modification time of '2026-02-23T21:57:53.367Z' while content on disk has modification time of '0001-01-01T00:00:00Z'
  ERROR: Build asset version error: packages/com.unity.ai.toolkit/modules/accounts/components/aiassistantmenuitem/aiassistantmenuitem.cs in SourceAssetDB has modification time of '2026-02-23T21:57:53.367Z' while content on disk has modification time of '0001-01-01T00:00:00Z'
Number of updated asset objects reloaded before import = 0Number of asset objects unloaded after import = 0

========================================================================
Received Import Request.
  Time since last request: 0.000028 seconds.
  path: Packages/com.unity.ai.toolkit/Modules/Accounts/Components/AIAssistantMenuItem/AIAssistantMenuItem.cs
  artifactKey: Guid(431d67e6c1ca4dcf8f39f0cfe0373cd3) Importer(815301076,1909f56bfc062723c751e8b465ee728b)
Start importing Packages/com.unity.ai.toolkit/Modules/Accounts/Components/AIAssistantMenuItem/AIAssistantMenuItem.cs using Guid(431d67e6c1ca4dcf8f39f0cfe0373cd3) Importer(815301076,1909f56bfc062723c751e8b465ee728b) (PreviewImporter) -> (artifact id: '00000000000000000000000000000000') in 0.0011405 seconds
Import Error Code:(4)
Message: Build asset version error: packages/com.unity.ai.toolkit/modules/accounts/components/aiassistantmenuitem/aiassistantmenuitem.cs in SourceAssetDB has modification time of '2026-02-23T21:57:53.367Z' while content on disk has modification time of '0001-01-01T00:00:00Z'
  ERROR: Build asset version error: packages/com.unity.ai.toolkit/modules/accounts/components/aiassistantmenuitem/aiassistantmenuitem.cs in SourceAssetDB has modification time of '2026-02-23T21:57:53.367Z' while content on disk has modification time of '0001-01-01T00:00:00Z'
Number of updated asset objects reloaded before import = 0Number of asset objects unloaded after import = 0

========================================================================
Received Import Request.
  Time since last request: 0.000019 seconds.
  path: Packages/com.unity.ai.toolkit/Modules/Accounts/Components/AIAssistantMenuItem/AIAssistantMenuItem.cs
  artifactKey: Guid(431d67e6c1ca4dcf8f39f0cfe0373cd3) Importer(815301076,1909f56bfc062723c751e8b465ee728b)
Start importing Packages/com.unity.ai.toolkit/Modules/Accounts/Components/AIAssistantMenuItem/AIAssistantMenuItem.cs using Guid(431d67e6c1ca4dcf8f39f0cfe0373cd3) Importer(815301076,1909f56bfc062723c751e8b465ee728b) (PreviewImporter) -> (artifact id: '00000000000000000000000000000000') in 0.0007106 seconds
Import Error Code:(4)
Message: Build asset version error: packages/com.unity.ai.toolkit/modules/accounts/components/aiassistantmenuitem/aiassistantmenuitem.cs in SourceAssetDB has modification time of '2026-02-23T21:57:53.367Z' while content on disk has modification time of '0001-01-01T00:00:00Z'
  ERROR: Build asset version error: packages/com.unity.ai.toolkit/modules/accounts/components/aiassistantmenuitem/aiassistantmenuitem.cs in SourceAssetDB has modification time of '2026-02-23T21:57:53.367Z' while content on disk has modification time of '0001-01-01T00:00:00Z'
Number of updated asset objects reloaded before import = 0Number of asset objects unloaded after import = 0

========================================================================
Received Import Request.
  Time since last request: 0.000018 seconds.
  path: Packages/com.unity.ai.toolkit/Modules/Accounts/Components/AIAssistantMenuItem/AIAssistantMenuItem.cs
  artifactKey: Guid(431d67e6c1ca4dcf8f39f0cfe0373cd3) Importer(815301076,1909f56bfc062723c751e8b465ee728b)
Start importing Packages/com.unity.ai.toolkit/Modules/Accounts/Components/AIAssistantMenuItem/AIAssistantMenuItem.cs using Guid(431d67e6c1ca4dcf8f39f0cfe0373cd3) Importer(815301076,1909f56bfc062723c751e8b465ee728b) (PreviewImporter) -> (artifact id: '00000000000000000000000000000000') in 0.0006082 seconds
Import Error Code:(4)
Message: Build asset version error: packages/com.unity.ai.toolkit/modules/accounts/components/aiassistantmenuitem/aiassistantmenuitem.cs in SourceAssetDB has modification time of '2026-02-23T21:57:53.367Z' while content on disk has modification time of '0001-01-01T00:00:00Z'
  ERROR: Build asset version error: packages/com.unity.ai.toolkit/modules/accounts/components/aiassistantmenuitem/aiassistantmenuitem.cs in SourceAssetDB has modification time of '2026-02-23T21:57:53.367Z' while content on disk has modification time of '0001-01-01T00:00:00Z'
Number of updated asset objects reloaded before import = 0Number of asset objects unloaded after import = 0

========================================================================
Received Import Request.
  Time since last request: 0.000030 seconds.
  path: Packages/com.unity.ai.toolkit/Modules/Accounts/Components/AIAssistantMenuItem/AIAssistantMenuItem.cs
  artifactKey: Guid(431d67e6c1ca4dcf8f39f0cfe0373cd3) Importer(815301076,1909f56bfc062723c751e8b465ee728b)
Start importing Packages/com.unity.ai.toolkit/Modules/Accounts/Components/AIAssistantMenuItem/AIAssistantMenuItem.cs using Guid(431d67e6c1ca4dcf8f39f0cfe0373cd3) Importer(815301076,1909f56bfc062723c751e8b465ee728b) (PreviewImporter) -> (artifact id: '00000000000000000000000000000000') in 0.0006334 seconds
Import Error Code:(4)
Message: Build asset version error: packages/com.unity.ai.toolkit/modules/accounts/components/aiassistantmenuitem/aiassistantmenuitem.cs in SourceAssetDB has modification time of '2026-02-23T21:57:53.367Z' while content on disk has modification time of '0001-01-01T00:00:00Z'
  ERROR: Build asset version error: packages/com.unity.ai.toolkit/modules/accounts/components/aiassistantmenuitem/aiassistantmenuitem.cs in SourceAssetDB has modification time of '2026-02-23T21:57:53.367Z' while content on disk has modification time of '0001-01-01T00:00:00Z'
Number of updated asset objects reloaded before import = 0Number of asset objects unloaded after import = 0

========================================================================
Received Import Request.
  Time since last request: 0.000022 seconds.
  path: Packages/com.unity.ai.toolkit/Modules/Accounts/Components/AIAssistantMenuItem/AIAssistantMenuItem.cs
  artifactKey: Guid(431d67e6c1ca4dcf8f39f0cfe0373cd3) Importer(815301076,1909f56bfc062723c751e8b465ee728b)
Start importing Packages/com.unity.ai.toolkit/Modules/Accounts/Components/AIAssistantMenuItem/AIAssistantMenuItem.cs using Guid(431d67e6c1ca4dcf8f39f0cfe0373cd3) Importer(815301076,1909f56bfc062723c751e8b465ee728b) (PreviewImporter) -> (artifact id: '00000000000000000000000000000000') in 0.0006365 seconds
Import Error Code:(4)
Message: Build asset version error: packages/com.unity.ai.toolkit/modules/accounts/components/aiassistantmenuitem/aiassistantmenuitem.cs in SourceAssetDB has modification time of '2026-02-23T21:57:53.367Z' while content on disk has modification time of '0001-01-01T00:00:00Z'
  ERROR: Build asset version error: packages/com.unity.ai.toolkit/modules/accounts/components/aiassistantmenuitem/aiassistantmenuitem.cs in SourceAssetDB has modification time of '2026-02-23T21:57:53.367Z' while content on disk has modification time of '0001-01-01T00:00:00Z'
Number of updated asset objects reloaded before import = 0Number of asset objects unloaded after import = 0

========================================================================
Received Import Request.
  Time since last request: 0.000021 seconds.
  path: Packages/com.unity.ai.toolkit/Modules/Accounts/Components/AIAssistantMenuItem/AIAssistantMenuItem.cs
  artifactKey: Guid(431d67e6c1ca4dcf8f39f0cfe0373cd3) Importer(815301076,1909f56bfc062723c751e8b465ee728b)
Start importing Packages/com.unity.ai.toolkit/Modules/Accounts/Components/AIAssistantMenuItem/AIAssistantMenuItem.cs using Guid(431d67e6c1ca4dcf8f39f0cfe0373cd3) Importer(815301076,1909f56bfc062723c751e8b465ee728b) (PreviewImporter) -> (artifact id: '00000000000000000000000000000000') in 0.0005977 seconds
Import Error Code:(4)
Message: Build asset version error: packages/com.unity.ai.toolkit/modules/accounts/components/aiassistantmenuitem/aiassistantmenuitem.cs in SourceAssetDB has modification time of '2026-02-23T21:57:53.367Z' while content on disk has modification time of '0001-01-01T00:00:00Z'
  ERROR: Build asset version error: packages/com.unity.ai.toolkit/modules/accounts/components/aiassistantmenuitem/aiassistantmenuitem.cs in SourceAssetDB has modification time of '2026-02-23T21:57:53.367Z' while content on disk has modification time of '0001-01-01T00:00:00Z'
Number of updated asset objects reloaded before import = 0Number of asset objects unloaded after import = 0

========================================================================
Received Import Request.
  Time since last request: 0.000021 seconds.
  path: Packages/com.unity.ai.toolkit/Modules/Accounts/Components/AIAssistantMenuItem/AIAssistantMenuItem.cs
  artifactKey: Guid(431d67e6c1ca4dcf8f39f0cfe0373cd3) Importer(815301076,1909f56bfc062723c751e8b465ee728b)
Start importing Packages/com.unity.ai.toolkit/Modules/Accounts/Components/AIAssistantMenuItem/AIAssistantMenuItem.cs using Guid(431d67e6c1ca4dcf8f39f0cfe0373cd3) Importer(815301076,1909f56bfc062723c751e8b465ee728b) (PreviewImporter) -> (artifact id: '00000000000000000000000000000000') in 0.0007264 seconds
Import Error Code:(4)
Message: Build asset version error: packages/com.unity.ai.toolkit/modules/accounts/components/aiassistantmenuitem/aiassistantmenuitem.cs in SourceAssetDB has modification time of '2026-02-23T21:57:53.367Z' while content on disk has modification time of '0001-01-01T00:00:00Z'
  ERROR: Build asset version error: packages/com.unity.ai.toolkit/modules/accounts/components/aiassistantmenuitem/aiassistantmenuitem.cs in SourceAssetDB has modification time of '2026-02-23T21:57:53.367Z' while content on disk has modification time of '0001-01-01T00:00:00Z'
Number of updated asset objects reloaded before import = 0Number of asset objects unloaded after import = 0

========================================================================
Received Import Request.
  Time since last request: 0.000026 seconds.
  path: Packages/com.unity.ai.toolkit/Modules/Accounts/Components/AIAssistantMenuItem/AIAssistantMenuItem.cs
  artifactKey: Guid(431d67e6c1ca4dcf8f39f0cfe0373cd3) Importer(815301076,1909f56bfc062723c751e8b465ee728b)
Start importing Packages/com.unity.ai.toolkit/Modules/Accounts/Components/AIAssistantMenuItem/AIAssistantMenuItem.cs using Guid(431d67e6c1ca4dcf8f39f0cfe0373cd3) Importer(815301076,1909f56bfc062723c751e8b465ee728b) (PreviewImporter) -> (artifact id: '00000000000000000000000000000000') in 0.0015842 seconds
Import Error Code:(4)
Message: Build asset version error: packages/com.unity.ai.toolkit/modules/accounts/components/aiassistantmenuitem/aiassistantmenuitem.cs in SourceAssetDB has modification time of '2026-02-23T21:57:53.367Z' while content on disk has modification time of '0001-01-01T00:00:00Z'
  ERROR: Build asset version error: packages/com.unity.ai.toolkit/modules/accounts/components/aiassistantmenuitem/aiassistantmenuitem.cs in SourceAssetDB has modification time of '2026-02-23T21:57:53.367Z' while content on disk has modification time of '0001-01-01T00:00:00Z'
Number of updated asset objects reloaded before import = 0Number of asset objects unloaded after import = 0

========================================================================
Received Import Request.
  Time since last request: 0.000038 seconds.
  path: Packages/com.unity.ai.toolkit/Modules/Accounts/Components/AIAssistantMenuItem/AIAssistantMenuItem.cs
  artifactKey: Guid(431d67e6c1ca4dcf8f39f0cfe0373cd3) Importer(815301076,1909f56bfc062723c751e8b465ee728b)
Start importing Packages/com.unity.ai.toolkit/Modules/Accounts/Components/AIAssistantMenuItem/AIAssistantMenuItem.cs using Guid(431d67e6c1ca4dcf8f39f0cfe0373cd3) Importer(815301076,1909f56bfc062723c751e8b465ee728b) (PreviewImporter) -> (artifact id: '00000000000000000000000000000000') in 0.0014698 seconds
Import Error Code:(4)
Message: Build asset version error: packages/com.unity.ai.toolkit/modules/accounts/components/aiassistantmenuitem/aiassistantmenuitem.cs in SourceAssetDB has modification time of '2026-02-23T21:57:53.367Z' while content on disk has modification time of '0001-01-01T00:00:00Z'
  ERROR: Build asset version error: packages/com.unity.ai.toolkit/modules/accounts/components/aiassistantmenuitem/aiassistantmenuitem.cs in SourceAssetDB has modification time of '2026-02-23T21:57:53.367Z' while content on disk has modification time of '0001-01-01T00:00:00Z'
Number of updated asset objects reloaded before import = 0Number of asset objects unloaded after import = 0

========================================================================
Received Import Request.
  Time since last request: 0.000028 seconds.
  path: Packages/com.unity.ai.toolkit/Modules/Accounts/Components/AIAssistantMenuItem/AIAssistantMenuItem.cs
  artifactKey: Guid(431d67e6c1ca4dcf8f39f0cfe0373cd3) Importer(815301076,1909f56bfc062723c751e8b465ee728b)
Start importing Packages/com.unity.ai.toolkit/Modules/Accounts/Components/AIAssistantMenuItem/AIAssistantMenuItem.cs using Guid(431d67e6c1ca4dcf8f39f0cfe0373cd3) Importer(815301076,1909f56bfc062723c751e8b465ee728b) (PreviewImporter) -> (artifact id: '00000000000000000000000000000000') in 0.0011387 seconds
Import Error Code:(4)
Message: Build asset version error: packages/com.unity.ai.toolkit/modules/accounts/components/aiassistantmenuitem/aiassistantmenuitem.cs in SourceAssetDB has modification time of '2026-02-23T21:57:53.367Z' while content on disk has modification time of '0001-01-01T00:00:00Z'
  ERROR: Build asset version error: packages/com.unity.ai.toolkit/modules/accounts/components/aiassistantmenuitem/aiassistantmenuitem.cs in SourceAssetDB has modification time of '2026-02-23T21:57:53.367Z' while content on disk has modification time of '0001-01-01T00:00:00Z'
Number of updated asset objects reloaded before import = 0Number of asset objects unloaded after import = 0

========================================================================
Received Import Request.
  Time since last request: 0.000028 seconds.
  path: Packages/com.unity.ai.toolkit/Modules/Accounts/Components/AIAssistantMenuItem/AIAssistantMenuItem.cs
  artifactKey: Guid(431d67e6c1ca4dcf8f39f0cfe0373cd3) Importer(815301076,1909f56bfc062723c751e8b465ee728b)
Start importing Packages/com.unity.ai.toolkit/Modules/Accounts/Components/AIAssistantMenuItem/AIAssistantMenuItem.cs using Guid(431d67e6c1ca4dcf8f39f0cfe0373cd3) Importer(815301076,1909f56bfc062723c751e8b465ee728b) (PreviewImporter) -> (artifact id: '00000000000000000000000000000000') in 0.0012202 seconds
Import Error Code:(4)
Message: Build asset version error: packages/com.unity.ai.toolkit/modules/accounts/components/aiassistantmenuitem/aiassistantmenuitem.cs in SourceAssetDB has modification time of '2026-02-23T21:57:53.367Z' while content on disk has modification time of '0001-01-01T00:00:00Z'
  ERROR: Build asset version error: packages/com.unity.ai.toolkit/modules/accounts/components/aiassistantmenuitem/aiassistantmenuitem.cs in SourceAssetDB has modification time of '2026-02-23T21:57:53.367Z' while content on disk has modification time of '0001-01-01T00:00:00Z'
Number of updated asset objects reloaded before import = 0Number of asset objects unloaded after import = 0

========================================================================
Received Import Request.
  Time since last request: 0.000053 seconds.
  path: Packages/com.unity.ai.toolkit/Modules/Accounts/Components/AIAssistantMenuItem/AIAssistantMenuItem.cs
  artifactKey: Guid(431d67e6c1ca4dcf8f39f0cfe0373cd3) Importer(815301076,1909f56bfc062723c751e8b465ee728b)
Start importing Packages/com.unity.ai.toolkit/Modules/Accounts/Components/AIAssistantMenuItem/AIAssistantMenuItem.cs using Guid(431d67e6c1ca4dcf8f39f0cfe0373cd3) Importer(815301076,1909f56bfc062723c751e8b465ee728b) (PreviewImporter) -> (artifact id: '00000000000000000000000000000000') in 0.0009878 seconds
Import Error Code:(4)
Message: Build asset version error: packages/com.unity.ai.toolkit/modules/accounts/components/aiassistantmenuitem/aiassistantmenuitem.cs in SourceAssetDB has modification time of '2026-02-23T21:57:53.367Z' while content on disk has modification time of '0001-01-01T00:00:00Z'
  ERROR: Build asset version error: packages/com.unity.ai.toolkit/modules/accounts/components/aiassistantmenuitem/aiassistantmenuitem.cs in SourceAssetDB has modification time of '2026-02-23T21:57:53.367Z' while content on disk has modification time of '0001-01-01T00:00:00Z'
Number of updated asset objects reloaded before import = 0Number of asset objects unloaded after import = 0

========================================================================
Received Import Request.
  Time since last request: 0.000026 seconds.
  path: Packages/com.unity.ai.toolkit/Modules/Accounts/Components/AIAssistantMenuItem/AIAssistantMenuItem.cs
  artifactKey: Guid(431d67e6c1ca4dcf8f39f0cfe0373cd3) Importer(815301076,1909f56bfc062723c751e8b465ee728b)
Start importing Packages/com.unity.ai.toolkit/Modules/Accounts/Components/AIAssistantMenuItem/AIAssistantMenuItem.cs using Guid(431d67e6c1ca4dcf8f39f0cfe0373cd3) Importer(815301076,1909f56bfc062723c751e8b465ee728b) (PreviewImporter) -> (artifact id: '00000000000000000000000000000000') in 0.0010858 seconds
Import Error Code:(4)
Message: Build asset version error: packages/com.unity.ai.toolkit/modules/accounts/components/aiassistantmenuitem/aiassistantmenuitem.cs in SourceAssetDB has modification time of '2026-02-23T21:57:53.367Z' while content on disk has modification time of '0001-01-01T00:00:00Z'
  ERROR: Build asset version error: packages/com.unity.ai.toolkit/modules/accounts/components/aiassistantmenuitem/aiassistantmenuitem.cs in SourceAssetDB has modification time of '2026-02-23T21:57:53.367Z' while content on disk has modification time of '0001-01-01T00:00:00Z'
Number of updated asset objects reloaded before import = 0Number of asset objects unloaded after import = 0

========================================================================
Received Import Request.
  Time since last request: 0.000026 seconds.
  path: Packages/com.unity.ai.toolkit/Modules/Accounts/Components/AIAssistantMenuItem/AIAssistantMenuItem.cs
  artifactKey: Guid(431d67e6c1ca4dcf8f39f0cfe0373cd3) Importer(815301076,1909f56bfc062723c751e8b465ee728b)
Start importing Packages/com.unity.ai.toolkit/Modules/Accounts/Components/AIAssistantMenuItem/AIAssistantMenuItem.cs using Guid(431d67e6c1ca4dcf8f39f0cfe0373cd3) Importer(815301076,1909f56bfc062723c751e8b465ee728b) (PreviewImporter) -> (artifact id: '00000000000000000000000000000000') in 0.0009406 seconds
Import Error Code:(4)
Message: Build asset version error: packages/com.unity.ai.toolkit/modules/accounts/components/aiassistantmenuitem/aiassistantmenuitem.cs in SourceAssetDB has modification time of '2026-02-23T21:57:53.367Z' while content on disk has modification time of '0001-01-01T00:00:00Z'
  ERROR: Build asset version error: packages/com.unity.ai.toolkit/modules/accounts/components/aiassistantmenuitem/aiassistantmenuitem.cs in SourceAssetDB has modification time of '2026-02-23T21:57:53.367Z' while content on disk has modification time of '0001-01-01T00:00:00Z'
Number of updated asset objects reloaded before import = 0Number of asset objects unloaded after import = 0

========================================================================
Received Import Request.
  Time since last request: 0.000024 seconds.
  path: Packages/com.unity.ai.toolkit/Modules/Accounts/Components/AIAssistantMenuItem/AIAssistantMenuItem.cs
  artifactKey: Guid(431d67e6c1ca4dcf8f39f0cfe0373cd3) Importer(815301076,1909f56bfc062723c751e8b465ee728b)
Start importing Packages/com.unity.ai.toolkit/Modules/Accounts/Components/AIAssistantMenuItem/AIAssistantMenuItem.cs using Guid(431d67e6c1ca4dcf8f39f0cfe0373cd3) Importer(815301076,1909f56bfc062723c751e8b465ee728b) (PreviewImporter) -> (artifact id: '00000000000000000000000000000000') in 0.0013244 seconds
Import Error Code:(4)
Message: Build asset version error: packages/com.unity.ai.toolkit/modules/accounts/components/aiassistantmenuitem/aiassistantmenuitem.cs in SourceAssetDB has modification time of '2026-02-23T21:57:53.367Z' while content on disk has modification time of '0001-01-01T00:00:00Z'
  ERROR: Build asset version error: packages/com.unity.ai.toolkit/modules/accounts/components/aiassistantmenuitem/aiassistantmenuitem.cs in SourceAssetDB has modification time of '2026-02-23T21:57:53.367Z' while content on disk has modification time of '0001-01-01T00:00:00Z'
Number of updated asset objects reloaded before import = 0Number of asset objects unloaded after import = 0

========================================================================
Received Import Request.
  Time since last request: 0.000081 seconds.
  path: Packages/com.unity.ai.toolkit/Modules/Accounts/Components/AIAssistantMenuItem/AIAssistantMenuItem.cs
  artifactKey: Guid(431d67e6c1ca4dcf8f39f0cfe0373cd3) Importer(815301076,1909f56bfc062723c751e8b465ee728b)
Start importing Packages/com.unity.ai.toolkit/Modules/Accounts/Components/AIAssistantMenuItem/AIAssistantMenuItem.cs using Guid(431d67e6c1ca4dcf8f39f0cfe0373cd3) Importer(815301076,1909f56bfc062723c751e8b465ee728b) (PreviewImporter) -> (artifact id: '00000000000000000000000000000000') in 0.0010118 seconds
Import Error Code:(4)
Message: Build asset version error: packages/com.unity.ai.toolkit/modules/accounts/components/aiassistantmenuitem/aiassistantmenuitem.cs in SourceAssetDB has modification time of '2026-02-23T21:57:53.367Z' while content on disk has modification time of '0001-01-01T00:00:00Z'
  ERROR: Build asset version error: packages/com.unity.ai.toolkit/modules/accounts/components/aiassistantmenuitem/aiassistantmenuitem.cs in SourceAssetDB has modification time of '2026-02-23T21:57:53.367Z' while content on disk has modification time of '0001-01-01T00:00:00Z'
Number of updated asset objects reloaded before import = 0Number of asset objects unloaded after import = 0

========================================================================
Received Import Request.
  Time since last request: 0.000020 seconds.
  path: Packages/com.unity.ai.toolkit/Modules/Accounts/Components/AIAssistantMenuItem/AIAssistantMenuItem.cs
  artifactKey: Guid(431d67e6c1ca4dcf8f39f0cfe0373cd3) Importer(815301076,1909f56bfc062723c751e8b465ee728b)
Start importing Packages/com.unity.ai.toolkit/Modules/Accounts/Components/AIAssistantMenuItem/AIAssistantMenuItem.cs using Guid(431d67e6c1ca4dcf8f39f0cfe0373cd3) Importer(815301076,1909f56bfc062723c751e8b465ee728b) (PreviewImporter) -> (artifact id: '00000000000000000000000000000000') in 0.0007545 seconds
Import Error Code:(4)
Message: Build asset version error: packages/com.unity.ai.toolkit/modules/accounts/components/aiassistantmenuitem/aiassistantmenuitem.cs in SourceAssetDB has modification time of '2026-02-23T21:57:53.367Z' while content on disk has modification time of '0001-01-01T00:00:00Z'
  ERROR: Build asset version error: packages/com.unity.ai.toolkit/modules/accounts/components/aiassistantmenuitem/aiassistantmenuitem.cs in SourceAssetDB has modification time of '2026-02-23T21:57:53.367Z' while content on disk has modification time of '0001-01-01T00:00:00Z'
Number of updated asset objects reloaded before import = 0Number of asset objects unloaded after import = 0

========================================================================
Received Import Request.
  Time since last request: 0.000024 seconds.
  path: Packages/com.unity.ai.toolkit/Modules/Accounts/Components/AIAssistantMenuItem/AIAssistantMenuItem.cs
  artifactKey: Guid(431d67e6c1ca4dcf8f39f0cfe0373cd3) Importer(815301076,1909f56bfc062723c751e8b465ee728b)
Start importing Packages/com.unity.ai.toolkit/Modules/Accounts/Components/AIAssistantMenuItem/AIAssistantMenuItem.cs using Guid(431d67e6c1ca4dcf8f39f0cfe0373cd3) Importer(815301076,1909f56bfc062723c751e8b465ee728b) (PreviewImporter) -> (artifact id: '00000000000000000000000000000000') in 0.0010444 seconds
Import Error Code:(4)
Message: Build asset version error: packages/com.unity.ai.toolkit/modules/accounts/components/aiassistantmenuitem/aiassistantmenuitem.cs in SourceAssetDB has modification time of '2026-02-23T21:57:53.367Z' while content on disk has modification time of '0001-01-01T00:00:00Z'
  ERROR: Build asset version error: packages/com.unity.ai.toolkit/modules/accounts/components/aiassistantmenuitem/aiassistantmenuitem.cs in SourceAssetDB has modification time of '2026-02-23T21:57:53.367Z' while content on disk has modification time of '0001-01-01T00:00:00Z'
Number of updated asset objects reloaded before import = 0Number of asset objects unloaded after import = 0

========================================================================
Received Import Request.
  Time since last request: 0.000022 seconds.
  path: Packages/com.unity.ai.toolkit/Modules/Accounts/Components/AIAssistantMenuItem/AIAssistantMenuItem.cs
  artifactKey: Guid(431d67e6c1ca4dcf8f39f0cfe0373cd3) Importer(815301076,1909f56bfc062723c751e8b465ee728b)
Start importing Packages/com.unity.ai.toolkit/Modules/Accounts/Components/AIAssistantMenuItem/AIAssistantMenuItem.cs using Guid(431d67e6c1ca4dcf8f39f0cfe0373cd3) Importer(815301076,1909f56bfc062723c751e8b465ee728b) (PreviewImporter) -> (artifact id: '00000000000000000000000000000000') in 0.0009532 seconds
Import Error Code:(4)
Message: Build asset version error: packages/com.unity.ai.toolkit/modules/accounts/components/aiassistantmenuitem/aiassistantmenuitem.cs in SourceAssetDB has modification time of '2026-02-23T21:57:53.367Z' while content on disk has modification time of '0001-01-01T00:00:00Z'
  ERROR: Build asset version error: packages/com.unity.ai.toolkit/modules/accounts/components/aiassistantmenuitem/aiassistantmenuitem.cs in SourceAssetDB has modification time of '2026-02-23T21:57:53.367Z' while content on disk has modification time of '0001-01-01T00:00:00Z'
Number of updated asset objects reloaded before import = 0Number of asset objects unloaded after import = 0

========================================================================
Received Import Request.
  Time since last request: 0.000034 seconds.
  path: Packages/com.unity.ai.toolkit/Modules/Accounts/Components/AIAssistantMenuItem/AIAssistantMenuItem.cs
  artifactKey: Guid(431d67e6c1ca4dcf8f39f0cfe0373cd3) Importer(815301076,1909f56bfc062723c751e8b465ee728b)
Start importing Packages/com.unity.ai.toolkit/Modules/Accounts/Components/AIAssistantMenuItem/AIAssistantMenuItem.cs using Guid(431d67e6c1ca4dcf8f39f0cfe0373cd3) Importer(815301076,1909f56bfc062723c751e8b465ee728b) (PreviewImporter) -> (artifact id: '00000000000000000000000000000000') in 0.0011768 seconds
Import Error Code:(4)
Message: Build asset version error: packages/com.unity.ai.toolkit/modules/accounts/components/aiassistantmenuitem/aiassistantmenuitem.cs in SourceAssetDB has modification time of '2026-02-23T21:57:53.367Z' while content on disk has modification time of '0001-01-01T00:00:00Z'
  ERROR: Build asset version error: packages/com.unity.ai.toolkit/modules/accounts/components/aiassistantmenuitem/aiassistantmenuitem.cs in SourceAssetDB has modification time of '2026-02-23T21:57:53.367Z' while content on disk has modification time of '0001-01-01T00:00:00Z'
Number of updated asset objects reloaded before import = 0Number of asset objects unloaded after import = 0

========================================================================
Received Import Request.
  Time since last request: 0.000025 seconds.
  path: Packages/com.unity.ai.toolkit/Modules/Accounts/Components/AIAssistantMenuItem/AIAssistantMenuItem.cs
  artifactKey: Guid(431d67e6c1ca4dcf8f39f0cfe0373cd3) Importer(815301076,1909f56bfc062723c751e8b465ee728b)
Start importing Packages/com.unity.ai.toolkit/Modules/Accounts/Components/AIAssistantMenuItem/AIAssistantMenuItem.cs using Guid(431d67e6c1ca4dcf8f39f0cfe0373cd3) Importer(815301076,1909f56bfc062723c751e8b465ee728b) (PreviewImporter) -> (artifact id: '00000000000000000000000000000000') in 0.0014925 seconds
Import Error Code:(4)
Message: Build asset version error: packages/com.unity.ai.toolkit/modules/accounts/components/aiassistantmenuitem/aiassistantmenuitem.cs in SourceAssetDB has modification time of '2026-02-23T21:57:53.367Z' while content on disk has modification time of '0001-01-01T00:00:00Z'
  ERROR: Build asset version error: packages/com.unity.ai.toolkit/modules/accounts/components/aiassistantmenuitem/aiassistantmenuitem.cs in SourceAssetDB has modification time of '2026-02-23T21:57:53.367Z' while content on disk has modification time of '0001-01-01T00:00:00Z'
Number of updated asset objects reloaded before import = 0Number of asset objects unloaded after import = 0

========================================================================
Received Import Request.
  Time since last request: 0.000024 seconds.
  path: Packages/com.unity.ai.toolkit/Modules/Accounts/Components/AIAssistantMenuItem/AIAssistantMenuItem.cs
  artifactKey: Guid(431d67e6c1ca4dcf8f39f0cfe0373cd3) Importer(815301076,1909f56bfc062723c751e8b465ee728b)
Start importing Packages/com.unity.ai.toolkit/Modules/Accounts/Components/AIAssistantMenuItem/AIAssistantMenuItem.cs using Guid(431d67e6c1ca4dcf8f39f0cfe0373cd3) Importer(815301076,1909f56bfc062723c751e8b465ee728b) (PreviewImporter) -> (artifact id: '00000000000000000000000000000000') in 0.000767 seconds
Import Error Code:(4)
Message: Build asset version error: packages/com.unity.ai.toolkit/modules/accounts/components/aiassistantmenuitem/aiassistantmenuitem.cs in SourceAssetDB has modification time of '2026-02-23T21:57:53.367Z' while content on disk has modification time of '0001-01-01T00:00:00Z'
  ERROR: Build asset version error: packages/com.unity.ai.toolkit/modules/accounts/components/aiassistantmenuitem/aiassistantmenuitem.cs in SourceAssetDB has modification time of '2026-02-23T21:57:53.367Z' while content on disk has modification time of '0001-01-01T00:00:00Z'
Number of updated asset objects reloaded before import = 0Number of asset objects unloaded after import = 0

========================================================================
Received Import Request.
  Time since last request: 0.000027 seconds.
  path: Packages/com.unity.ai.toolkit/Modules/Accounts/Components/AIAssistantMenuItem/AIAssistantMenuItem.cs
  artifactKey: Guid(431d67e6c1ca4dcf8f39f0cfe0373cd3) Importer(815301076,1909f56bfc062723c751e8b465ee728b)
Start importing Packages/com.unity.ai.toolkit/Modules/Accounts/Components/AIAssistantMenuItem/AIAssistantMenuItem.cs using Guid(431d67e6c1ca4dcf8f39f0cfe0373cd3) Importer(815301076,1909f56bfc062723c751e8b465ee728b) (PreviewImporter) -> (artifact id: '00000000000000000000000000000000') in 0.0008753 seconds
Import Error Code:(4)
Message: Build asset version error: packages/com.unity.ai.toolkit/modules/accounts/components/aiassistantmenuitem/aiassistantmenuitem.cs in SourceAssetDB has modification time of '2026-02-23T21:57:53.367Z' while content on disk has modification time of '0001-01-01T00:00:00Z'
  ERROR: Build asset version error: packages/com.unity.ai.toolkit/modules/accounts/components/aiassistantmenuitem/aiassistantmenuitem.cs in SourceAssetDB has modification time of '2026-02-23T21:57:53.367Z' while content on disk has modification time of '0001-01-01T00:00:00Z'
Number of updated asset objects reloaded before import = 0Number of asset objects unloaded after import = 0

========================================================================
Received Import Request.
  Time since last request: 0.000024 seconds.
  path: Packages/com.unity.ai.toolkit/Modules/Accounts/Components/AIAssistantMenuItem/AIAssistantMenuItem.cs
  artifactKey: Guid(431d67e6c1ca4dcf8f39f0cfe0373cd3) Importer(815301076,1909f56bfc062723c751e8b465ee728b)
Start importing Packages/com.unity.ai.toolkit/Modules/Accounts/Components/AIAssistantMenuItem/AIAssistantMenuItem.cs using Guid(431d67e6c1ca4dcf8f39f0cfe0373cd3) Importer(815301076,1909f56bfc062723c751e8b465ee728b) (PreviewImporter) -> (artifact id: '00000000000000000000000000000000') in 0.000967 seconds
Import Error Code:(4)
Message: Build asset version error: packages/com.unity.ai.toolkit/modules/accounts/components/aiassistantmenuitem/aiassistantmenuitem.cs in SourceAssetDB has modification time of '2026-02-23T21:57:53.367Z' while content on disk has modification time of '0001-01-01T00:00:00Z'
  ERROR: Build asset version error: packages/com.unity.ai.toolkit/modules/accounts/components/aiassistantmenuitem/aiassistantmenuitem.cs in SourceAssetDB has modification time of '2026-02-23T21:57:53.367Z' while content on disk has modification time of '0001-01-01T00:00:00Z'
Number of updated asset objects reloaded before import = 0Number of asset objects unloaded after import = 0

========================================================================
Received Import Request.
  Time since last request: 0.000087 seconds.
  path: Packages/com.unity.ai.toolkit/Modules/Accounts/Components/AIAssistantMenuItem/AIAssistantMenuItem.cs
  artifactKey: Guid(431d67e6c1ca4dcf8f39f0cfe0373cd3) Importer(815301076,1909f56bfc062723c751e8b465ee728b)
Start importing Packages/com.unity.ai.toolkit/Modules/Accounts/Components/AIAssistantMenuItem/AIAssistantMenuItem.cs using Guid(431d67e6c1ca4dcf8f39f0cfe0373cd3) Importer(815301076,1909f56bfc062723c751e8b465ee728b) (PreviewImporter) -> (artifact id: '00000000000000000000000000000000') in 0.0010011 seconds
Import Error Code:(4)
Message: Build asset version error: packages/com.unity.ai.toolkit/modules/accounts/components/aiassistantmenuitem/aiassistantmenuitem.cs in SourceAssetDB has modification time of '2026-02-23T21:57:53.367Z' while content on disk has modification time of '0001-01-01T00:00:00Z'
  ERROR: Build asset version error: packages/com.unity.ai.toolkit/modules/accounts/components/aiassistantmenuitem/aiassistantmenuitem.cs in SourceAssetDB has modification time of '2026-02-23T21:57:53.367Z' while content on disk has modification time of '0001-01-01T00:00:00Z'
Number of updated asset objects reloaded before import = 0Number of asset objects unloaded after import = 0

========================================================================
Received Import Request.
  Time since last request: 0.000073 seconds.
  path: Packages/com.unity.ai.toolkit/Modules/Accounts/Components/AIAssistantMenuItem/AIAssistantMenuItem.cs
  artifactKey: Guid(431d67e6c1ca4dcf8f39f0cfe0373cd3) Importer(815301076,1909f56bfc062723c751e8b465ee728b)
Start importing Packages/com.unity.ai.toolkit/Modules/Accounts/Components/AIAssistantMenuItem/AIAssistantMenuItem.cs using Guid(431d67e6c1ca4dcf8f39f0cfe0373cd3) Importer(815301076,1909f56bfc062723c751e8b465ee728b) (PreviewImporter) -> (artifact id: '00000000000000000000000000000000') in 0.0016601 seconds
Import Error Code:(4)
Message: Build asset version error: packages/com.unity.ai.toolkit/modules/accounts/components/aiassistantmenuitem/aiassistantmenuitem.cs in SourceAssetDB has modification time of '2026-02-23T21:57:53.367Z' while content on disk has modification time of '0001-01-01T00:00:00Z'
  ERROR: Build asset version error: packages/com.unity.ai.toolkit/modules/accounts/components/aiassistantmenuitem/aiassistantmenuitem.cs in SourceAssetDB has modification time of '2026-02-23T21:57:53.367Z' while content on disk has modification time of '0001-01-01T00:00:00Z'
Number of updated asset objects reloaded before import = 0Number of asset objects unloaded after import = 0

========================================================================
Received Import Request.
  Time since last request: 0.000020 seconds.
  path: Packages/com.unity.ai.toolkit/Modules/Accounts/Components/AIAssistantMenuItem/AIAssistantMenuItem.cs
  artifactKey: Guid(431d67e6c1ca4dcf8f39f0cfe0373cd3) Importer(815301076,1909f56bfc062723c751e8b465ee728b)
Start importing Packages/com.unity.ai.toolkit/Modules/Accounts/Components/AIAssistantMenuItem/AIAssistantMenuItem.cs using Guid(431d67e6c1ca4dcf8f39f0cfe0373cd3) Importer(815301076,1909f56bfc062723c751e8b465ee728b) (PreviewImporter) -> (artifact id: '00000000000000000000000000000000') in 0.0009027 seconds
Import Error Code:(4)
Message: Build asset version error: packages/com.unity.ai.toolkit/modules/accounts/components/aiassistantmenuitem/aiassistantmenuitem.cs in SourceAssetDB has modification time of '2026-02-23T21:57:53.367Z' while content on disk has modification time of '0001-01-01T00:00:00Z'
  ERROR: Build asset version error: packages/com.unity.ai.toolkit/modules/accounts/components/aiassistantmenuitem/aiassistantmenuitem.cs in SourceAssetDB has modification time of '2026-02-23T21:57:53.367Z' while content on disk has modification time of '0001-01-01T00:00:00Z'
Number of updated asset objects reloaded before import = 0Number of asset objects unloaded after import = 0

========================================================================
Received Import Request.
  Time since last request: 0.000021 seconds.
  path: Packages/com.unity.ai.toolkit/Modules/Accounts/Components/AIAssistantMenuItem/AIAssistantMenuItem.cs
  artifactKey: Guid(431d67e6c1ca4dcf8f39f0cfe0373cd3) Importer(815301076,1909f56bfc062723c751e8b465ee728b)
Start importing Packages/com.unity.ai.toolkit/Modules/Accounts/Components/AIAssistantMenuItem/AIAssistantMenuItem.cs using Guid(431d67e6c1ca4dcf8f39f0cfe0373cd3) Importer(815301076,1909f56bfc062723c751e8b465ee728b) (PreviewImporter) -> (artifact id: '00000000000000000000000000000000') in 0.000835 seconds
Import Error Code:(4)
Message: Build asset version error: packages/com.unity.ai.toolkit/modules/accounts/components/aiassistantmenuitem/aiassistantmenuitem.cs in SourceAssetDB has modification time of '2026-02-23T21:57:53.367Z' while content on disk has modification time of '0001-01-01T00:00:00Z'
  ERROR: Build asset version error: packages/com.unity.ai.toolkit/modules/accounts/components/aiassistantmenuitem/aiassistantmenuitem.cs in SourceAssetDB has modification time of '2026-02-23T21:57:53.367Z' while content on disk has modification time of '0001-01-01T00:00:00Z'
Number of updated asset objects reloaded before import = 0Number of asset objects unloaded after import = 0

========================================================================
Received Import Request.
  Time since last request: 0.000029 seconds.
  path: Packages/com.unity.ai.toolkit/Modules/Accounts/Components/AIAssistantMenuItem/AIAssistantMenuItem.cs
  artifactKey: Guid(431d67e6c1ca4dcf8f39f0cfe0373cd3) Importer(815301076,1909f56bfc062723c751e8b465ee728b)
Start importing Packages/com.unity.ai.toolkit/Modules/Accounts/Components/AIAssistantMenuItem/AIAssistantMenuItem.cs using Guid(431d67e6c1ca4dcf8f39f0cfe0373cd3) Importer(815301076,1909f56bfc062723c751e8b465ee728b) (PreviewImporter) -> (artifact id: '00000000000000000000000000000000') in 0.0015421 seconds
Import Error Code:(4)
Message: Build asset version error: packages/com.unity.ai.toolkit/modules/accounts/components/aiassistantmenuitem/aiassistantmenuitem.cs in SourceAssetDB has modification time of '2026-02-23T21:57:53.367Z' while content on disk has modification time of '0001-01-01T00:00:00Z'
  ERROR: Build asset version error: packages/com.unity.ai.toolkit/modules/accounts/components/aiassistantmenuitem/aiassistantmenuitem.cs in SourceAssetDB has modification time of '2026-02-23T21:57:53.367Z' while content on disk has modification time of '0001-01-01T00:00:00Z'
Number of updated asset objects reloaded before import = 0Number of asset objects unloaded after import = 0

========================================================================
Received Import Request.
  Time since last request: 0.000070 seconds.
  path: Packages/com.unity.ai.toolkit/Modules/Accounts/Components/AIAssistantMenuItem/AIAssistantMenuItem.cs
  artifactKey: Guid(431d67e6c1ca4dcf8f39f0cfe0373cd3) Importer(815301076,1909f56bfc062723c751e8b465ee728b)
Start importing Packages/com.unity.ai.toolkit/Modules/Accounts/Components/AIAssistantMenuItem/AIAssistantMenuItem.cs using Guid(431d67e6c1ca4dcf8f39f0cfe0373cd3) Importer(815301076,1909f56bfc062723c751e8b465ee728b) (PreviewImporter) -> (artifact id: '00000000000000000000000000000000') in 0.0017056 seconds
Import Error Code:(4)
Message: Build asset version error: packages/com.unity.ai.toolkit/modules/accounts/components/aiassistantmenuitem/aiassistantmenuitem.cs in SourceAssetDB has modification time of '2026-02-23T21:57:53.367Z' while content on disk has modification time of '0001-01-01T00:00:00Z'
  ERROR: Build asset version error: packages/com.unity.ai.toolkit/modules/accounts/components/aiassistantmenuitem/aiassistantmenuitem.cs in SourceAssetDB has modification time of '2026-02-23T21:57:53.367Z' while content on disk has modification time of '0001-01-01T00:00:00Z'
Number of updated asset objects reloaded before import = 0Number of asset objects unloaded after import = 0

========================================================================
Received Import Request.
  Time since last request: 0.000024 seconds.
  path: Packages/com.unity.ai.toolkit/Modules/Accounts/Components/AIAssistantMenuItem/AIAssistantMenuItem.cs
  artifactKey: Guid(431d67e6c1ca4dcf8f39f0cfe0373cd3) Importer(815301076,1909f56bfc062723c751e8b465ee728b)
Start importing Packages/com.unity.ai.toolkit/Modules/Accounts/Components/AIAssistantMenuItem/AIAssistantMenuItem.cs using Guid(431d67e6c1ca4dcf8f39f0cfe0373cd3) Importer(815301076,1909f56bfc062723c751e8b465ee728b) (PreviewImporter) -> (artifact id: '00000000000000000000000000000000') in 0.0007879 seconds
Import Error Code:(4)
Message: Build asset version error: packages/com.unity.ai.toolkit/modules/accounts/components/aiassistantmenuitem/aiassistantmenuitem.cs in SourceAssetDB has modification time of '2026-02-23T21:57:53.367Z' while content on disk has modification time of '0001-01-01T00:00:00Z'
  ERROR: Build asset version error: packages/com.unity.ai.toolkit/modules/accounts/components/aiassistantmenuitem/aiassistantmenuitem.cs in SourceAssetDB has modification time of '2026-02-23T21:57:53.367Z' while content on disk has modification time of '0001-01-01T00:00:00Z'
Number of updated asset objects reloaded before import = 0Number of asset objects unloaded after import = 0

========================================================================
Received Import Request.
  Time since last request: 0.000027 seconds.
  path: Packages/com.unity.ai.toolkit/Modules/Accounts/Components/AIAssistantMenuItem/AIAssistantMenuItem.cs
  artifactKey: Guid(431d67e6c1ca4dcf8f39f0cfe0373cd3) Importer(815301076,1909f56bfc062723c751e8b465ee728b)
Start importing Packages/com.unity.ai.toolkit/Modules/Accounts/Components/AIAssistantMenuItem/AIAssistantMenuItem.cs using Guid(431d67e6c1ca4dcf8f39f0cfe0373cd3) Importer(815301076,1909f56bfc062723c751e8b465ee728b) (PreviewImporter) -> (artifact id: '00000000000000000000000000000000') in 0.0013791 seconds
Import Error Code:(4)
Message: Build asset version error: packages/com.unity.ai.toolkit/modules/accounts/components/aiassistantmenuitem/aiassistantmenuitem.cs in SourceAssetDB has modification time of '2026-02-23T21:57:53.367Z' while content on disk has modification time of '0001-01-01T00:00:00Z'
  ERROR: Build asset version error: packages/com.unity.ai.toolkit/modules/accounts/components/aiassistantmenuitem/aiassistantmenuitem.cs in SourceAssetDB has modification time of '2026-02-23T21:57:53.367Z' while content on disk has modification time of '0001-01-01T00:00:00Z'
Number of updated asset objects reloaded before import = 0Number of asset objects unloaded after import = 0

========================================================================
Received Import Request.
  Time since last request: 0.000025 seconds.
  path: Packages/com.unity.ai.toolkit/Modules/Accounts/Components/AIAssistantMenuItem/AIAssistantMenuItem.cs
  artifactKey: Guid(431d67e6c1ca4dcf8f39f0cfe0373cd3) Importer(815301076,1909f56bfc062723c751e8b465ee728b)
Start importing Packages/com.unity.ai.toolkit/Modules/Accounts/Components/AIAssistantMenuItem/AIAssistantMenuItem.cs using Guid(431d67e6c1ca4dcf8f39f0cfe0373cd3) Importer(815301076,1909f56bfc062723c751e8b465ee728b) (PreviewImporter) -> (artifact id: '00000000000000000000000000000000') in 0.000827 seconds
Import Error Code:(4)
Message: Build asset version error: packages/com.unity.ai.toolkit/modules/accounts/components/aiassistantmenuitem/aiassistantmenuitem.cs in SourceAssetDB has modification time of '2026-02-23T21:57:53.367Z' while content on disk has modification time of '0001-01-01T00:00:00Z'
  ERROR: Build asset version error: packages/com.unity.ai.toolkit/modules/accounts/components/aiassistantmenuitem/aiassistantmenuitem.cs in SourceAssetDB has modification time of '2026-02-23T21:57:53.367Z' while content on disk has modification time of '0001-01-01T00:00:00Z'
Number of updated asset objects reloaded before import = 0Number of asset objects unloaded after import = 0

========================================================================
Received Import Request.
  Time since last request: 0.000027 seconds.
  path: Packages/com.unity.ai.toolkit/Modules/Accounts/Components/AIAssistantMenuItem/AIAssistantMenuItem.cs
  artifactKey: Guid(431d67e6c1ca4dcf8f39f0cfe0373cd3) Importer(815301076,1909f56bfc062723c751e8b465ee728b)
Start importing Packages/com.unity.ai.toolkit/Modules/Accounts/Components/AIAssistantMenuItem/AIAssistantMenuItem.cs using Guid(431d67e6c1ca4dcf8f39f0cfe0373cd3) Importer(815301076,1909f56bfc062723c751e8b465ee728b) (PreviewImporter) -> (artifact id: '00000000000000000000000000000000') in 0.0007897 seconds
Import Error Code:(4)
Message: Build asset version error: packages/com.unity.ai.toolkit/modules/accounts/components/aiassistantmenuitem/aiassistantmenuitem.cs in SourceAssetDB has modification time of '2026-02-23T21:57:53.367Z' while content on disk has modification time of '0001-01-01T00:00:00Z'
  ERROR: Build asset version error: packages/com.unity.ai.toolkit/modules/accounts/components/aiassistantmenuitem/aiassistantmenuitem.cs in SourceAssetDB has modification time of '2026-02-23T21:57:53.367Z' while content on disk has modification time of '0001-01-01T00:00:00Z'
Number of updated asset objects reloaded before import = 0Number of asset objects unloaded after import = 0

========================================================================
Received Import Request.
  Time since last request: 0.000084 seconds.
  path: Packages/com.unity.ai.toolkit/Modules/Accounts/Components/AIAssistantMenuItem/AIAssistantMenuItem.cs
  artifactKey: Guid(431d67e6c1ca4dcf8f39f0cfe0373cd3) Importer(815301076,1909f56bfc062723c751e8b465ee728b)
Start importing Packages/com.unity.ai.toolkit/Modules/Accounts/Components/AIAssistantMenuItem/AIAssistantMenuItem.cs using Guid(431d67e6c1ca4dcf8f39f0cfe0373cd3) Importer(815301076,1909f56bfc062723c751e8b465ee728b) (PreviewImporter) -> (artifact id: '00000000000000000000000000000000') in 0.0005978 seconds
Import Error Code:(4)
Message: Build asset version error: packages/com.unity.ai.toolkit/modules/accounts/components/aiassistantmenuitem/aiassistantmenuitem.cs in SourceAssetDB has modification time of '2026-02-23T21:57:53.367Z' while content on disk has modification time of '0001-01-01T00:00:00Z'
  ERROR: Build asset version error: packages/com.unity.ai.toolkit/modules/accounts/components/aiassistantmenuitem/aiassistantmenuitem.cs in SourceAssetDB has modification time of '2026-02-23T21:57:53.367Z' while content on disk has modification time of '0001-01-01T00:00:00Z'
Number of updated asset objects reloaded before import = 0Number of asset objects unloaded after import = 0

========================================================================
Received Import Request.
  Time since last request: 0.000024 seconds.
  path: Packages/com.unity.ai.toolkit/Modules/Accounts/Components/AIAssistantMenuItem/AIAssistantMenuItem.cs
  artifactKey: Guid(431d67e6c1ca4dcf8f39f0cfe0373cd3) Importer(815301076,1909f56bfc062723c751e8b465ee728b)
Start importing Packages/com.unity.ai.toolkit/Modules/Accounts/Components/AIAssistantMenuItem/AIAssistantMenuItem.cs using Guid(431d67e6c1ca4dcf8f39f0cfe0373cd3) Importer(815301076,1909f56bfc062723c751e8b465ee728b) (PreviewImporter) -> (artifact id: '00000000000000000000000000000000') in 0.0016548 seconds
Import Error Code:(4)
Message: Build asset version error: packages/com.unity.ai.toolkit/modules/accounts/components/aiassistantmenuitem/aiassistantmenuitem.cs in SourceAssetDB has modification time of '2026-02-23T21:57:53.367Z' while content on disk has modification time of '0001-01-01T00:00:00Z'
  ERROR: Build asset version error: packages/com.unity.ai.toolkit/modules/accounts/components/aiassistantmenuitem/aiassistantmenuitem.cs in SourceAssetDB has modification time of '2026-02-23T21:57:53.367Z' while content on disk has modification time of '0001-01-01T00:00:00Z'
Number of updated asset objects reloaded before import = 0Number of asset objects unloaded after import = 0

========================================================================
Received Prepare
Refreshing native plugins compatible for Editor in 5.61 ms, found 4 plugins.
Preloading 1 native plugins for Editor in 0.12 ms.
Unloading 60 Unused Serialized files (Serialized files now loaded: 0)
Unloading 10263 unused Assets / (19.9 MB). Loaded Objects now: 11137.
Memory consumption went from 205.1 MB to 185.2 MB.
Total: 99.841600 ms (FindLiveObjects: 2.036000 ms CreateObjectMapping: 1.961400 ms MarkObjects: 88.704600 ms  DeleteObjects: 7.135800 ms)

Prepare: number of updated asset objects reloaded= 0
========================================================================
Received Prepare
ArgumentException: An item with the same key has already been added. Key: 7ff3712c342c8c2449b71ffa53e54e35
  at System.Collections.Generic.Dictionary`2[TKey,TValue].TryInsert (TKey key, TValue value, System.Collections.Generic.InsertionBehavior behavior) [0x0015a] in <1eb9db207454431c84a47bcd81e79c37>:0 
  at System.Collections.Generic.Dictionary`2[TKey,TValue].Add (TKey key, TValue value) [0x00000] in <1eb9db207454431c84a47bcd81e79c37>:0 
  at System.Linq.Enumerable.ToDictionary[TSource,TKey] (TSource[] source, System.Func`2[T,TResult] keySelector, System.Collections.Generic.IEqualityComparer`1[T] comparer) [0x0001c] in <6faa6124236442759eb396cfbfdad508>:0 
  at System.Linq.Enumerable.ToDictionary[TSource,TKey] (System.Collections.Generic.IEnumerable`1[T] source, System.Func`2[T,TResult] keySelector, System.Collections.Generic.IEqualityComparer`1[T] comparer) [0x00043] in <6faa6124236442759eb396cfbfdad508>:0 
  at System.Linq.Enumerable.ToDictionary[TSource,TKey] (System.Collections.Generic.IEnumerable`1[T] source, System.Func`2[T,TResult] keySelector) [0x00000] in <6faa6124236442759eb396cfbfdad508>:0 
  at UnityEditor.Scripting.ScriptCompilation.LoadingAssemblyDefinition.SetAllCustomScriptAssemblyReferenceJsonsContents (System.String[] paths, System.String[] contents) [0x00172] in <d9024bdc2a414b3c81b047ea3e343594>:0 
UnityEngine.DebugLogHandler:Internal_LogException_Injected(Exception, IntPtr)
UnityEngine.DebugLogHandler:Internal_LogException(Exception, Object)
UnityEngine.DebugLogHandler:LogException(Exception, Object)
UnityEngine.Logger:LogException(Exception, Object)
UnityEngine.Debug:LogException(Exception)
UnityEditor.Scripting.ScriptCompilation.EditorCompilationInterface:LogException(Exception)
UnityEditor.Scripting.ScriptCompilation.EditorCompilationInterface:EmitExceptionsAsErrors(IEnumerable`1)
UnityEditor.Scripting.ScriptCompilation.EditorCompilationInterface:SetAllCustomScriptAssemblyReferenceJsons(String[], String[])

ArgumentException: An item with the same key has already been added. Key: 7ff3712c342c8c2449b71ffa53e54e35
  at System.Collections.Generic.Dictionary`2[TKey,TValue].TryInsert (TKey key, TValue value, System.Collections.Generic.InsertionBehavior behavior) [0x0015a] in <1eb9db207454431c84a47bcd81e79c37>:0 
  at System.Collections.Generic.Dictionary`2[TKey,TValue].Add (TKey key, TValue value) [0x00000] in <1eb9db207454431c84a47bcd81e79c37>:0 
  at System.Linq.Enumerable.ToDictionary[TSource,TKey] (TSource[] source, System.Func`2[T,TResult] keySelector, System.Collections.Generic.IEqualityComparer`1[T] comparer) [0x0001c] in <6faa6124236442759eb396cfbfdad508>:0 
  at System.Linq.Enumerable.ToDictionary[TSource,TKey] (System.Collections.Generic.IEnumerable`1[T] source, System.Func`2[T,TResult] keySelector, System.Collections.Generic.IEqualityComparer`1[T] comparer) [0x00043] in <6faa6124236442759eb396cfbfdad508>:0 
  at System.Linq.Enumerable.ToDictionary[TSource,TKey] (System.Collections.Generic.IEnumerable`1[T] source, System.Func`2[T,TResult] keySelector) [0x00000] in <6faa6124236442759eb396cfbfdad508>:0 
  at UnityEditor.Scripting.ScriptCompilation.LoadingAssemblyDefinition.SetAllCustomScriptAssemblyReferenceJsonsContents (System.String[] paths, System.String[] contents) [0x00172] in <d9024bdc2a414b3c81b047ea3e343594>:0 
UnityEngine.DebugLogHandler:Internal_LogException_Injected(Exception, IntPtr)
UnityEngine.DebugLogHandler:Internal_LogException(Exception, Object)
UnityEngine.DebugLogHandler:LogException(Exception, Object)
UnityEngine.Logger:LogException(Exception, Object)
UnityEngine.Debug:LogException(Exception)
UnityEditor.Scripting.ScriptCompilation.EditorCompilationInterface:LogException(Exception)
UnityEditor.Scripting.ScriptCompilation.EditorCompilationInterface:EmitExceptionsAsErrors(IEnumerable`1)
UnityEditor.Scripting.ScriptCompilation.EditorCompilationInterface:SetAllCustomScriptAssemblyReferenceJsons(String[], String[])

ArgumentException: An item with the same key has already been added. Key: 7ff3712c342c8c2449b71ffa53e54e35
  at System.Collections.Generic.Dictionary`2[TKey,TValue].TryInsert (TKey key, TValue value, System.Collections.Generic.InsertionBehavior behavior) [0x0015a] in <1eb9db207454431c84a47bcd81e79c37>:0 
  at System.Collections.Generic.Dictionary`2[TKey,TValue].Add (TKey key, TValue value) [0x00000] in <1eb9db207454431c84a47bcd81e79c37>:0 
  at System.Linq.Enumerable.ToDictionary[TSource,TKey] (TSource[] source, System.Func`2[T,TResult] keySelector, System.Collections.Generic.IEqualityComparer`1[T] comparer) [0x0001c] in <6faa6124236442759eb396cfbfdad508>:0 
  at System.Linq.Enumerable.ToDictionary[TSource,TKey] (System.Collections.Generic.IEnumerable`1[T] source, System.Func`2[T,TResult] keySelector, System.Collections.Generic.IEqualityComparer`1[T] comparer) [0x00043] in <6faa6124236442759eb396cfbfdad508>:0 
  at System.Linq.Enumerable.ToDictionary[TSource,TKey] (System.Collections.Generic.IEnumerable`1[T] source, System.Func`2[T,TResult] keySelector) [0x00000] in <6faa6124236442759eb396cfbfdad508>:0 
  at UnityEditor.Scripting.ScriptCompilation.LoadingAssemblyDefinition.SetAllCustomScriptAssemblyReferenceJsonsContents (System.String[] paths, System.String[] contents) [0x00172] in <d9024bdc2a414b3c81b047ea3e343594>:0 
UnityEngine.DebugLogHandler:Internal_LogException_Injected(Exception, IntPtr)
UnityEngine.DebugLogHandler:Internal_LogException(Exception, Object)
UnityEngine.DebugLogHandler:LogException(Exception, Object)
UnityEngine.Logger:LogException(Exception, Object)
UnityEngine.Debug:LogException(Exception)
UnityEditor.Scripting.ScriptCompilation.EditorCompilationInterface:LogException(Exception)
UnityEditor.Scripting.ScriptCompilation.EditorCompilationInterface:EmitExceptionsAsErrors(IEnumerable`1)
UnityEditor.Scripting.ScriptCompilation.EditorCompilationInterface:SetAllCustomScriptAssemblyReferenceJsons(String[], String[])

ArgumentException: An item with the same key has already been added. Key: 7ff3712c342c8c2449b71ffa53e54e35
  at System.Collections.Generic.Dictionary`2[TKey,TValue].TryInsert (TKey key, TValue value, System.Collections.Generic.InsertionBehavior behavior) [0x0015a] in <1eb9db207454431c84a47bcd81e79c37>:0 
  at System.Collections.Generic.Dictionary`2[TKey,TValue].Add (TKey key, TValue value) [0x00000] in <1eb9db207454431c84a47bcd81e79c37>:0 
  at System.Linq.Enumerable.ToDictionary[TSource,TKey] (TSource[] source, System.Func`2[T,TResult] keySelector, System.Collections.Generic.IEqualityComparer`1[T] comparer) [0x0001c] in <6faa6124236442759eb396cfbfdad508>:0 
  at System.Linq.Enumerable.ToDictionary[TSource,TKey] (System.Collections.Generic.IEnumerable`1[T] source, System.Func`2[T,TResult] keySelector, System.Collections.Generic.IEqualityComparer`1[T] comparer) [0x00043] in <6faa6124236442759eb396cfbfdad508>:0 
  at System.Linq.Enumerable.ToDictionary[TSource,TKey] (System.Collections.Generic.IEnumerable`1[T] source, System.Func`2[T,TResult] keySelector) [0x00000] in <6faa6124236442759eb396cfbfdad508>:0 
  at UnityEditor.Scripting.ScriptCompilation.LoadingAssemblyDefinition.SetAllCustomScriptAssemblyReferenceJsonsContents (System.String[] paths, System.String[] contents) [0x00172] in <d9024bdc2a414b3c81b047ea3e343594>:0 
UnityEngine.DebugLogHandler:Internal_LogException_Injected(Exception, IntPtr)
UnityEngine.DebugLogHandler:Internal_LogException(Exception, Object)
UnityEngine.DebugLogHandler:LogException(Exception, Object)
UnityEngine.Logger:LogException(Exception, Object)
UnityEngine.Debug:LogException(Exception)
UnityEditor.Scripting.ScriptCompilation.EditorCompilationInterface:LogException(Exception)
UnityEditor.Scripting.ScriptCompilation.EditorCompilationInterface:EmitExceptionsAsErrors(IEnumerable`1)
UnityEditor.Scripting.ScriptCompilation.EditorCompilationInterface:SetAllCustomScriptAssemblyReferenceJsons(String[], String[])

ArgumentException: An item with the same key has already been added. Key: 7ff3712c342c8c2449b71ffa53e54e35
  at System.Collections.Generic.Dictionary`2[TKey,TValue].TryInsert (TKey key, TValue value, System.Collections.Generic.InsertionBehavior behavior) [0x0015a] in <1eb9db207454431c84a47bcd81e79c37>:0 
  at System.Collections.Generic.Dictionary`2[TKey,TValue].Add (TKey key, TValue value) [0x00000] in <1eb9db207454431c84a47bcd81e79c37>:0 
  at System.Linq.Enumerable.ToDictionary[TSource,TKey] (TSource[] source, System.Func`2[T,TResult] keySelector, System.Collections.Generic.IEqualityComparer`1[T] comparer) [0x0001c] in <6faa6124236442759eb396cfbfdad508>:0 
  at System.Linq.Enumerable.ToDictionary[TSource,TKey] (System.Collections.Generic.IEnumerable`1[T] source, System.Func`2[T,TResult] keySelector, System.Collections.Generic.IEqualityComparer`1[T] comparer) [0x00043] in <6faa6124236442759eb396cfbfdad508>:0 
  at System.Linq.Enumerable.ToDictionary[TSource,TKey] (System.Collections.Generic.IEnumerable`1[T] source, System.Func`2[T,TResult] keySelector) [0x00000] in <6faa6124236442759eb396cfbfdad508>:0 
  at UnityEditor.Scripting.ScriptCompilation.LoadingAssemblyDefinition.SetAllCustomScriptAssemblyReferenceJsonsContents (System.String[] paths, System.String[] contents) [0x00172] in <d9024bdc2a414b3c81b047ea3e343594>:0 
UnityEngine.DebugLogHandler:Internal_LogException_Injected(Exception, IntPtr)
UnityEngine.DebugLogHandler:Internal_LogException(Exception, Object)
UnityEngine.DebugLogHandler:LogException(Exception, Object)
UnityEngine.Logger:LogException(Exception, Object)
UnityEngine.Debug:LogException(Exception)
UnityEditor.Scripting.ScriptCompilation.EditorCompilationInterface:LogException(Exception)
UnityEditor.Scripting.ScriptCompilation.EditorCompilationInterface:EmitExceptionsAsErrors(IEnumerable`1)
UnityEditor.Scripting.ScriptCompilation.EditorCompilationInterface:SetAllCustomScriptAssemblyReferenceJsons(String[], String[])

ArgumentException: An item with the same key has already been added. Key: 7ff3712c342c8c2449b71ffa53e54e35
  at System.Collections.Generic.Dictionary`2[TKey,TValue].TryInsert (TKey key, TValue value, System.Collections.Generic.InsertionBehavior behavior) [0x0015a] in <1eb9db207454431c84a47bcd81e79c37>:0 
  at System.Collections.Generic.Dictionary`2[TKey,TValue].Add (TKey key, TValue value) [0x00000] in <1eb9db207454431c84a47bcd81e79c37>:0 
  at System.Linq.Enumerable.ToDictionary[TSource,TKey] (TSource[] source, System.Func`2[T,TResult] keySelector, System.Collections.Generic.IEqualityComparer`1[T] comparer) [0x0001c] in <6faa6124236442759eb396cfbfdad508>:0 
  at System.Linq.Enumerable.ToDictionary[TSource,TKey] (System.Collections.Generic.IEnumerable`1[T] source, System.Func`2[T,TResult] keySelector, System.Collections.Generic.IEqualityComparer`1[T] comparer) [0x00043] in <6faa6124236442759eb396cfbfdad508>:0 
  at System.Linq.Enumerable.ToDictionary[TSource,TKey] (System.Collections.Generic.IEnumerable`1[T] source, System.Func`2[T,TResult] keySelector) [0x00000] in <6faa6124236442759eb396cfbfdad508>:0 
  at UnityEditor.Scripting.ScriptCompilation.LoadingAssemblyDefinition.SetAllCustomScriptAssemblyReferenceJsonsContents (System.String[] paths, System.String[] contents) [0x00172] in <d9024bdc2a414b3c81b047ea3e343594>:0 
UnityEngine.DebugLogHandler:Internal_LogException_Injected(Exception, IntPtr)
UnityEngine.DebugLogHandler:Internal_LogException(Exception, Object)
UnityEngine.DebugLogHandler:LogException(Exception, Object)
UnityEngine.Logger:LogException(Exception, Object)
UnityEngine.Debug:LogException(Exception)
UnityEditor.Scripting.ScriptCompilation.EditorCompilationInterface:LogException(Exception)
UnityEditor.Scripting.ScriptCompilation.EditorCompilationInterface:EmitExceptionsAsErrors(IEnumerable`1)
UnityEditor.Scripting.ScriptCompilation.EditorCompilationInterface:SetAllCustomScriptAssemblyReferenceJsons(String[], String[])

ArgumentException: An item with the same key has already been added. Key: 7ff3712c342c8c2449b71ffa53e54e35
  at System.Collections.Generic.Dictionary`2[TKey,TValue].TryInsert (TKey key, TValue value, System.Collections.Generic.InsertionBehavior behavior) [0x0015a] in <1eb9db207454431c84a47bcd81e79c37>:0 
  at System.Collections.Generic.Dictionary`2[TKey,TValue].Add (TKey key, TValue value) [0x00000] in <1eb9db207454431c84a47bcd81e79c37>:0 
  at System.Linq.Enumerable.ToDictionary[TSource,TKey] (TSource[] source, System.Func`2[T,TResult] keySelector, System.Collections.Generic.IEqualityComparer`1[T] comparer) [0x0001c] in <6faa6124236442759eb396cfbfdad508>:0 
  at System.Linq.Enumerable.ToDictionary[TSource,TKey] (System.Collections.Generic.IEnumerable`1[T] source, System.Func`2[T,TResult] keySelector, System.Collections.Generic.IEqualityComparer`1[T] comparer) [0x00043] in <6faa6124236442759eb396cfbfdad508>:0 
  at System.Linq.Enumerable.ToDictionary[TSource,TKey] (System.Collections.Generic.IEnumerable`1[T] source, System.Func`2[T,TResult] keySelector) [0x00000] in <6faa6124236442759eb396cfbfdad508>:0 
  at UnityEditor.Scripting.ScriptCompilation.LoadingAssemblyDefinition.SetAllCustomScriptAssemblyReferenceJsonsContents (System.String[] paths, System.String[] contents) [0x00172] in <d9024bdc2a414b3c81b047ea3e343594>:0 
UnityEngine.DebugLogHandler:Internal_LogException_Injected(Exception, IntPtr)
UnityEngine.DebugLogHandler:Internal_LogException(Exception, Object)
UnityEngine.DebugLogHandler:LogException(Exception, Object)
UnityEngine.Logger:LogException(Exception, Object)
UnityEngine.Debug:LogException(Exception)
UnityEditor.Scripting.ScriptCompilation.EditorCompilationInterface:LogException(Exception)
UnityEditor.Scripting.ScriptCompilation.EditorCompilationInterface:EmitExceptionsAsErrors(IEnumerable`1)
UnityEditor.Scripting.ScriptCompilation.EditorCompilationInterface:SetAllCustomScriptAssemblyReferenceJsons(String[], String[])

ArgumentException: An item with the same key has already been added. Key: 7ff3712c342c8c2449b71ffa53e54e35
  at System.Collections.Generic.Dictionary`2[TKey,TValue].TryInsert (TKey key, TValue value, System.Collections.Generic.InsertionBehavior behavior) [0x0015a] in <1eb9db207454431c84a47bcd81e79c37>:0 
  at System.Collections.Generic.Dictionary`2[TKey,TValue].Add (TKey key, TValue value) [0x00000] in <1eb9db207454431c84a47bcd81e79c37>:0 
  at System.Linq.Enumerable.ToDictionary[TSource,TKey,TElement] (TSource[] source, System.Func`2[T,TResult] keySelector, System.Func`2[T,TResult] elementSelector, System.Collections.Generic.IEqualityComparer`1[T] comparer) [0x00029] in <6faa6124236442759eb396cfbfdad508>:0 
  at System.Linq.Enumerable.ToDictionary[TSource,TKey,TElement] (System.Collections.Generic.IEnumerable`1[T] source, System.Func`2[T,TResult] keySelector, System.Func`2[T,TResult] elementSelector, System.Collections.Generic.IEqualityComparer`1[T] comparer) [0x00051] in <6faa6124236442759eb396cfbfdad508>:0 
  at System.Linq.Enumerable.ToDictionary[TSource,TKey,TElement] (System.Collections.Generic.IEnumerable`1[T] source, System.Func`2[T,TResult] keySelector, System.Func`2[T,TResult] elementSelector) [0x00000] in <6faa6124236442759eb396cfbfdad508>:0 
  at UnityEditor.Scripting.ScriptCompilation.AssemblyGraphBuilder.Initialize (System.Collections.Generic.IReadOnlyCollection`1[T] assemblies, System.Collections.Generic.IReadOnlyCollection`1[T] customScriptAssemblyReferences) [0x00046] in <d9024bdc2a414b3c81b047ea3e343594>:0 
  at UnityEditor.Scripting.ScriptCompilation.AssemblyGraphBuilderFactory.GetOrCreate (System.String projectPath, System.Collections.Generic.IReadOnlyCollection`1[T] assemblies, System.Collections.Generic.IReadOnlyCollection`1[T] customScriptAssemblyReferences) [0x00038] in <d9024bdc2a414b3c81b047ea3e343594>:0 
  at UnityEditor.Scripting.ScriptCompilation.EditorCompilation.GetAssemblyGraphBuilder () [0x00027] in <d9024bdc2a414b3c81b047ea3e343594>:0 
  at UnityEditor.Scripting.ScriptCompilation.EditorCompilation.SetAllScripts (System.String[] allScripts) [0x0000d] in <d9024bdc2a414b3c81b047ea3e343594>:0 
  at UnityEditor.Scripting.ScriptCompilation.EditorCompilationInterface.SetAllScripts (System.String[] allScripts) [0x00006] in <d9024bdc2a414b3c81b047ea3e343594>:0 

ArgumentException: An item with the same key has already been added. Key: 7ff3712c342c8c2449b71ffa53e54e35
  at System.Collections.Generic.Dictionary`2[TKey,TValue].TryInsert (TKey key, TValue value, System.Collections.Generic.InsertionBehavior behavior) [0x0015a] in <1eb9db207454431c84a47bcd81e79c37>:0 
  at System.Collections.Generic.Dictionary`2[TKey,TValue].Add (TKey key, TValue value) [0x00000] in <1eb9db207454431c84a47bcd81e79c37>:0 
  at System.Linq.Enumerable.ToDictionary[TSource,TKey] (TSource[] source, System.Func`2[T,TResult] keySelector, System.Collections.Generic.IEqualityComparer`1[T] comparer) [0x0001c] in <6faa6124236442759eb396cfbfdad508>:0 
  at System.Linq.Enumerable.ToDictionary[TSource,TKey] (System.Collections.Generic.IEnumerable`1[T] source, System.Func`2[T,TResult] keySelector, System.Collections.Generic.IEqualityComparer`1[T] comparer) [0x00043] in <6faa6124236442759eb396cfbfdad508>:0 
  at System.Linq.Enumerable.ToDictionary[TSource,TKey] (System.Collections.Generic.IEnumerable`1[T] source, System.Func`2[T,TResult] keySelector) [0x00000] in <6faa6124236442759eb396cfbfdad508>:0 
  at UnityEditor.Scripting.ScriptCompilation.LoadingAssemblyDefinition.SetAllCustomScriptAssemblyReferenceJsonsContents (System.String[] paths, System.String[] contents) [0x00172] in <d9024bdc2a414b3c81b047ea3e343594>:0 
UnityEngine.DebugLogHandler:Internal_LogException_Injected(Exception, IntPtr)
UnityEngine.DebugLogHandler:Internal_LogException(Exception, Object)
UnityEngine.DebugLogHandler:LogException(Exception, Object)
UnityEngine.Logger:LogException(Exception, Object)
UnityEngine.Debug:LogException(Exception)
UnityEditor.Scripting.ScriptCompilation.EditorCompilationInterface:LogException(Exception)
UnityEditor.Scripting.ScriptCompilation.EditorCompilationInterface:EmitExceptionsAsErrors(IEnumerable`1)
UnityEditor.Scripting.ScriptCompilation.EditorCompilationInterface:SetAllCustomScriptAssemblyReferenceJsons(String[], String[])

ArgumentException: An item with the same key has already been added. Key: 7ff3712c342c8c2449b71ffa53e54e35
  at System.Collections.Generic.Dictionary`2[TKey,TValue].TryInsert (TKey key, TValue value, System.Collections.Generic.InsertionBehavior behavior) [0x0015a] in <1eb9db207454431c84a47bcd81e79c37>:0 
  at System.Collections.Generic.Dictionary`2[TKey,TValue].Add (TKey key, TValue value) [0x00000] in <1eb9db207454431c84a47bcd81e79c37>:0 
  at System.Linq.Enumerable.ToDictionary[TSource,TKey] (TSource[] source, System.Func`2[T,TResult] keySelector, System.Collections.Generic.IEqualityComparer`1[T] comparer) [0x0001c] in <6faa6124236442759eb396cfbfdad508>:0 
  at System.Linq.Enumerable.ToDictionary[TSource,TKey] (System.Collections.Generic.IEnumerable`1[T] source, System.Func`2[T,TResult] keySelector, System.Collections.Generic.IEqualityComparer`1[T] comparer) [0x00043] in <6faa6124236442759eb396cfbfdad508>:0 
  at System.Linq.Enumerable.ToDictionary[TSource,TKey] (System.Collections.Generic.IEnumerable`1[T] source, System.Func`2[T,TResult] keySelector) [0x00000] in <6faa6124236442759eb396cfbfdad508>:0 
  at UnityEditor.Scripting.ScriptCompilation.LoadingAssemblyDefinition.SetAllCustomScriptAssemblyReferenceJsonsContents (System.String[] paths, System.String[] contents) [0x00172] in <d9024bdc2a414b3c81b047ea3e343594>:0 
UnityEngine.DebugLogHandler:Internal_LogException_Injected(Exception, IntPtr)
UnityEngine.DebugLogHandler:Internal_LogException(Exception, Object)
UnityEngine.DebugLogHandler:LogException(Exception, Object)
UnityEngine.Logger:LogException(Exception, Object)
UnityEngine.Debug:LogException(Exception)
UnityEditor.Scripting.ScriptCompilation.EditorCompilationInterface:LogException(Exception)
UnityEditor.Scripting.ScriptCompilation.EditorCompilationInterface:EmitExceptionsAsErrors(IEnumerable`1)
UnityEditor.Scripting.ScriptCompilation.EditorCompilationInterface:SetAllCustomScriptAssemblyReferenceJsons(String[], String[])

ArgumentException: An item with the same key has already been added. Key: 7ff3712c342c8c2449b71ffa53e54e35
  at System.Collections.Generic.Dictionary`2[TKey,TValue].TryInsert (TKey key, TValue value, System.Collections.Generic.InsertionBehavior behavior) [0x0015a] in <1eb9db207454431c84a47bcd81e79c37>:0 
  at System.Collections.Generic.Dictionary`2[TKey,TValue].Add (TKey key, TValue value) [0x00000] in <1eb9db207454431c84a47bcd81e79c37>:0 
  at System.Linq.Enumerable.ToDictionary[TSource,TKey] (TSource[] source, System.Func`2[T,TResult] keySelector, System.Collections.Generic.IEqualityComparer`1[T] comparer) [0x0001c] in <6faa6124236442759eb396cfbfdad508>:0 
  at System.Linq.Enumerable.ToDictionary[TSource,TKey] (System.Collections.Generic.IEnumerable`1[T] source, System.Func`2[T,TResult] keySelector, System.Collections.Generic.IEqualityComparer`1[T] comparer) [0x00043] in <6faa6124236442759eb396cfbfdad508>:0 
  at System.Linq.Enumerable.ToDictionary[TSource,TKey] (System.Collections.Generic.IEnumerable`1[T] source, System.Func`2[T,TResult] keySelector) [0x00000] in <6faa6124236442759eb396cfbfdad508>:0 
  at UnityEditor.Scripting.ScriptCompilation.LoadingAssemblyDefinition.SetAllCustomScriptAssemblyReferenceJsonsContents (System.String[] paths, System.String[] contents) [0x00172] in <d9024bdc2a414b3c81b047ea3e343594>:0 
UnityEngine.DebugLogHandler:Internal_LogException_Injected(Exception, IntPtr)
UnityEngine.DebugLogHandler:Internal_LogException(Exception, Object)
UnityEngine.DebugLogHandler:LogException(Exception, Object)
UnityEngine.Logger:LogException(Exception, Object)
UnityEngine.Debug:LogException(Exception)
UnityEditor.Scripting.ScriptCompilation.EditorCompilationInterface:LogException(Exception)
UnityEditor.Scripting.ScriptCompilation.EditorCompilationInterface:EmitExceptionsAsErrors(IEnumerable`1)
UnityEditor.Scripting.ScriptCompilation.EditorCompilationInterface:SetAllCustomScriptAssemblyReferenceJsons(String[], String[])

ArgumentException: An item with the same key has already been added. Key: 7ff3712c342c8c2449b71ffa53e54e35
  at System.Collections.Generic.Dictionary`2[TKey,TValue].TryInsert (TKey key, TValue value, System.Collections.Generic.InsertionBehavior behavior) [0x0015a] in <1eb9db207454431c84a47bcd81e79c37>:0 
  at System.Collections.Generic.Dictionary`2[TKey,TValue].Add (TKey key, TValue value) [0x00000] in <1eb9db207454431c84a47bcd81e79c37>:0 
  at System.Linq.Enumerable.ToDictionary[TSource,TKey] (TSource[] source, System.Func`2[T,TResult] keySelector, System.Collections.Generic.IEqualityComparer`1[T] comparer) [0x0001c] in <6faa6124236442759eb396cfbfdad508>:0 
  at System.Linq.Enumerable.ToDictionary[TSource,TKey] (System.Collections.Generic.IEnumerable`1[T] source, System.Func`2[T,TResult] keySelector, System.Collections.Generic.IEqualityComparer`1[T] comparer) [0x00043] in <6faa6124236442759eb396cfbfdad508>:0 
  at System.Linq.Enumerable.ToDictionary[TSource,TKey] (System.Collections.Generic.IEnumerable`1[T] source, System.Func`2[T,TResult] keySelector) [0x00000] in <6faa6124236442759eb396cfbfdad508>:0 
  at UnityEditor.Scripting.ScriptCompilation.LoadingAssemblyDefinition.SetAllCustomScriptAssemblyReferenceJsonsContents (System.String[] paths, System.String[] contents) [0x00172] in <d9024bdc2a414b3c81b047ea3e343594>:0 
UnityEngine.DebugLogHandler:Internal_LogException_Injected(Exception, IntPtr)
UnityEngine.DebugLogHandler:Internal_LogException(Exception, Object)
UnityEngine.DebugLogHandler:LogException(Exception, Object)
UnityEngine.Logger:LogException(Exception, Object)
UnityEngine.Debug:LogException(Exception)
UnityEditor.Scripting.ScriptCompilation.EditorCompilationInterface:LogException(Exception)
UnityEditor.Scripting.ScriptCompilation.EditorCompilationInterface:EmitExceptionsAsErrors(IEnumerable`1)
UnityEditor.Scripting.ScriptCompilation.EditorCompilationInterface:SetAllCustomScriptAssemblyReferenceJsons(String[], String[])

ArgumentException: An item with the same key has already been added. Key: 7ff3712c342c8c2449b71ffa53e54e35
  at System.Collections.Generic.Dictionary`2[TKey,TValue].TryInsert (TKey key, TValue value, System.Collections.Generic.InsertionBehavior behavior) [0x0015a] in <1eb9db207454431c84a47bcd81e79c37>:0 
  at System.Collections.Generic.Dictionary`2[TKey,TValue].Add (TKey key, TValue value) [0x00000] in <1eb9db207454431c84a47bcd81e79c37>:0 
  at System.Linq.Enumerable.ToDictionary[TSource,TKey] (TSource[] source, System.Func`2[T,TResult] keySelector, System.Collections.Generic.IEqualityComparer`1[T] comparer) [0x0001c] in <6faa6124236442759eb396cfbfdad508>:0 
  at System.Linq.Enumerable.ToDictionary[TSource,TKey] (System.Collections.Generic.IEnumerable`1[T] source, System.Func`2[T,TResult] keySelector, System.Collections.Generic.IEqualityComparer`1[T] comparer) [0x00043] in <6faa6124236442759eb396cfbfdad508>:0 
  at System.Linq.Enumerable.ToDictionary[TSource,TKey] (System.Collections.Generic.IEnumerable`1[T] source, System.Func`2[T,TResult] keySelector) [0x00000] in <6faa6124236442759eb396cfbfdad508>:0 
  at UnityEditor.Scripting.ScriptCompilation.LoadingAssemblyDefinition.SetAllCustomScriptAssemblyReferenceJsonsContents (System.String[] paths, System.String[] contents) [0x00172] in <d9024bdc2a414b3c81b047ea3e343594>:0 
UnityEngine.DebugLogHandler:Internal_LogException_Injected(Exception, IntPtr)
UnityEngine.DebugLogHandler:Internal_LogException(Exception, Object)
UnityEngine.DebugLogHandler:LogException(Exception, Object)
UnityEngine.Logger:LogException(Exception, Object)
UnityEngine.Debug:LogException(Exception)
UnityEditor.Scripting.ScriptCompilation.EditorCompilationInterface:LogException(Exception)
UnityEditor.Scripting.ScriptCompilation.EditorCompilationInterface:EmitExceptionsAsErrors(IEnumerable`1)
UnityEditor.Scripting.ScriptCompilation.EditorCompilationInterface:SetAllCustomScriptAssemblyReferenceJsons(String[], String[])

ArgumentException: An item with the same key has already been added. Key: 7ff3712c342c8c2449b71ffa53e54e35
  at System.Collections.Generic.Dictionary`2[TKey,TValue].TryInsert (TKey key, TValue value, System.Collections.Generic.InsertionBehavior behavior) [0x0015a] in <1eb9db207454431c84a47bcd81e79c37>:0 
  at System.Collections.Generic.Dictionary`2[TKey,TValue].Add (TKey key, TValue value) [0x00000] in <1eb9db207454431c84a47bcd81e79c37>:0 
  at System.Linq.Enumerable.ToDictionary[TSource,TKey] (TSource[] source, System.Func`2[T,TResult] keySelector, System.Collections.Generic.IEqualityComparer`1[T] comparer) [0x0001c] in <6faa6124236442759eb396cfbfdad508>:0 
  at System.Linq.Enumerable.ToDictionary[TSource,TKey] (System.Collections.Generic.IEnumerable`1[T] source, System.Func`2[T,TResult] keySelector, System.Collections.Generic.IEqualityComparer`1[T] comparer) [0x00043] in <6faa6124236442759eb396cfbfdad508>:0 
  at System.Linq.Enumerable.ToDictionary[TSource,TKey] (System.Collections.Generic.IEnumerable`1[T] source, System.Func`2[T,TResult] keySelector) [0x00000] in <6faa6124236442759eb396cfbfdad508>:0 
  at UnityEditor.Scripting.ScriptCompilation.LoadingAssemblyDefinition.SetAllCustomScriptAssemblyReferenceJsonsContents (System.String[] paths, System.String[] contents) [0x00172] in <d9024bdc2a414b3c81b047ea3e343594>:0 
UnityEngine.DebugLogHandler:Internal_LogException_Injected(Exception, IntPtr)
UnityEngine.DebugLogHandler:Internal_LogException(Exception, Object)
UnityEngine.DebugLogHandler:LogException(Exception, Object)
UnityEngine.Logger:LogException(Exception, Object)
UnityEngine.Debug:LogException(Exception)
UnityEditor.Scripting.ScriptCompilation.EditorCompilationInterface:LogException(Exception)
UnityEditor.Scripting.ScriptCompilation.EditorCompilationInterface:EmitExceptionsAsErrors(IEnumerable`1)
UnityEditor.Scripting.ScriptCompilation.EditorCompilationInterface:SetAllCustomScriptAssemblyReferenceJsons(String[], String[])

ArgumentException: An item with the same key has already been added. Key: 7ff3712c342c8c2449b71ffa53e54e35
  at System.Collections.Generic.Dictionary`2[TKey,TValue].TryInsert (TKey key, TValue value, System.Collections.Generic.InsertionBehavior behavior) [0x0015a] in <1eb9db207454431c84a47bcd81e79c37>:0 
  at System.Collections.Generic.Dictionary`2[TKey,TValue].Add (TKey key, TValue value) [0x00000] in <1eb9db207454431c84a47bcd81e79c37>:0 
  at System.Linq.Enumerable.ToDictionary[TSource,TKey] (TSource[] source, System.Func`2[T,TResult] keySelector, System.Collections.Generic.IEqualityComparer`1[T] comparer) [0x0001c] in <6faa6124236442759eb396cfbfdad508>:0 
  at System.Linq.Enumerable.ToDictionary[TSource,TKey] (System.Collections.Generic.IEnumerable`1[T] source, System.Func`2[T,TResult] keySelector, System.Collections.Generic.IEqualityComparer`1[T] comparer) [0x00043] in <6faa6124236442759eb396cfbfdad508>:0 
  at System.Linq.Enumerable.ToDictionary[TSource,TKey] (System.Collections.Generic.IEnumerable`1[T] source, System.Func`2[T,TResult] keySelector) [0x00000] in <6faa6124236442759eb396cfbfdad508>:0 
  at UnityEditor.Scripting.ScriptCompilation.LoadingAssemblyDefinition.SetAllCustomScriptAssemblyReferenceJsonsContents (System.String[] paths, System.String[] contents) [0x00172] in <d9024bdc2a414b3c81b047ea3e343594>:0 
UnityEngine.DebugLogHandler:Internal_LogException_Injected(Exception, IntPtr)
UnityEngine.DebugLogHandler:Internal_LogException(Exception, Object)
UnityEngine.DebugLogHandler:LogException(Exception, Object)
UnityEngine.Logger:LogException(Exception, Object)
UnityEngine.Debug:LogException(Exception)
UnityEditor.Scripting.ScriptCompilation.EditorCompilationInterface:LogException(Exception)
UnityEditor.Scripting.ScriptCompilation.EditorCompilationInterface:EmitExceptionsAsErrors(IEnumerable`1)
UnityEditor.Scripting.ScriptCompilation.EditorCompilationInterface:SetAllCustomScriptAssemblyReferenceJsons(String[], String[])

ArgumentException: An item with the same key has already been added. Key: 7ff3712c342c8c2449b71ffa53e54e35
  at System.Collections.Generic.Dictionary`2[TKey,TValue].TryInsert (TKey key, TValue value, System.Collections.Generic.InsertionBehavior behavior) [0x0015a] in <1eb9db207454431c84a47bcd81e79c37>:0 
  at System.Collections.Generic.Dictionary`2[TKey,TValue].Add (TKey key, TValue value) [0x00000] in <1eb9db207454431c84a47bcd81e79c37>:0 
  at System.Linq.Enumerable.ToDictionary[TSource,TKey,TElement] (TSource[] source, System.Func`2[T,TResult] keySelector, System.Func`2[T,TResult] elementSelector, System.Collections.Generic.IEqualityComparer`1[T] comparer) [0x00029] in <6faa6124236442759eb396cfbfdad508>:0 
  at System.Linq.Enumerable.ToDictionary[TSource,TKey,TElement] (System.Collections.Generic.IEnumerable`1[T] source, System.Func`2[T,TResult] keySelector, System.Func`2[T,TResult] elementSelector, System.Collections.Generic.IEqualityComparer`1[T] comparer) [0x00051] in <6faa6124236442759eb396cfbfdad508>:0 
  at System.Linq.Enumerable.ToDictionary[TSource,TKey,TElement] (System.Collections.Generic.IEnumerable`1[T] source, System.Func`2[T,TResult] keySelector, System.Func`2[T,TResult] elementSelector) [0x00000] in <6faa6124236442759eb396cfbfdad508>:0 
  at UnityEditor.Scripting.ScriptCompilation.AssemblyGraphBuilder.Initialize (System.Collections.Generic.IReadOnlyCollection`1[T] assemblies, System.Collections.Generic.IReadOnlyCollection`1[T] customScriptAssemblyReferences) [0x00046] in <d9024bdc2a414b3c81b047ea3e343594>:0 
  at UnityEditor.Scripting.ScriptCompilation.AssemblyGraphBuilderFactory.GetOrCreate (System.String projectPath, System.Collections.Generic.IReadOnlyCollection`1[T] assemblies, System.Collections.Generic.IReadOnlyCollection`1[T] customScriptAssemblyReferences) [0x00038] in <d9024bdc2a414b3c81b047ea3e343594>:0 
  at UnityEditor.Scripting.ScriptCompilation.EditorCompilation.GetAssemblyGraphBuilder () [0x00027] in <d9024bdc2a414b3c81b047ea3e343594>:0 
  at UnityEditor.Scripting.ScriptCompilation.EditorCompilation.SetAllScripts (System.String[] allScripts) [0x0000d] in <d9024bdc2a414b3c81b047ea3e343594>:0 
  at UnityEditor.Scripting.ScriptCompilation.EditorCompilationInterface.SetAllScripts (System.String[] allScripts) [0x00006] in <d9024bdc2a414b3c81b047ea3e343594>:0 

Begin MonoManager ReloadAssembly
[Licensing::Client] Successfully resolved entitlement details
DirectoryNotFoundException: Could not find a part of the path "C:\Users\Nasho's Laptop\BaroodProject\Packages\com.unity.dt.app-ui\Runtime\MVVM\SourceGenerators\netstandard2.0\MVVMSourceGenerators.dll".
  at System.IO.FileStream..ctor (System.String path, System.IO.FileMode mode, System.IO.FileAccess access, System.IO.FileShare share, System.Int32 bufferSize, System.Boolean anonymous, System.IO.FileOptions options) [0x00164] in <1eb9db207454431c84a47bcd81e79c37>:0 
  at System.IO.FileStream..ctor (System.String path, System.IO.FileMode mode, System.IO.FileAccess access, System.IO.FileShare share) [0x00000] in <1eb9db207454431c84a47bcd81e79c37>:0 
  at (wrapper remoting-invoke-with-check) System.IO.FileStream..ctor(string,System.IO.FileMode,System.IO.FileAccess,System.IO.FileShare)
  at Mono.Cecil.ModuleDefinition.GetFileStream (System.String fileName, System.IO.FileMode mode, System.IO.FileAccess access, System.IO.FileShare share) [0x00006] in <4e339395f8074c75847e518298d9c5fd>:0 
  at Mono.Cecil.ModuleDefinition.ReadModule (System.String fileName, Mono.Cecil.ReaderParameters parameters) [0x00008] in <4e339395f8074c75847e518298d9c5fd>:0 
  at Mono.Cecil.AssemblyDefinition.ReadAssembly (System.String fileName, Mono.Cecil.ReaderParameters parameters) [0x00000] in <4e339395f8074c75847e518298d9c5fd>:0 
  at UnityEditor.AssemblyValidation.ValidateRoslynAnalyzers (System.String[] analyzerPaths) [0x00025] in <d9024bdc2a414b3c81b047ea3e343594>:0 

Symbol file LoadedFromMemory is not a mono symbol file
- Loaded All Assemblies, in  3.795 seconds
ArgumentException: An item with the same key has already been added. Key: 7ff3712c342c8c2449b71ffa53e54e35
  at System.Collections.Generic.Dictionary`2[TKey,TValue].TryInsert (TKey key, TValue value, System.Collections.Generic.InsertionBehavior behavior) [0x0015a] in <1eb9db207454431c84a47bcd81e79c37>:0 
  at System.Collections.Generic.Dictionary`2[TKey,TValue].Add (TKey key, TValue value) [0x00000] in <1eb9db207454431c84a47bcd81e79c37>:0 
  at System.Linq.Enumerable.ToDictionary[TSource,TKey] (TSource[] source, System.Func`2[T,TResult] keySelector, System.Collections.Generic.IEqualityComparer`1[T] comparer) [0x0001c] in <6faa6124236442759eb396cfbfdad508>:0 
  at System.Linq.Enumerable.ToDictionary[TSource,TKey] (System.Collections.Generic.IEnumerable`1[T] source, System.Func`2[T,TResult] keySelector, System.Collections.Generic.IEqualityComparer`1[T] comparer) [0x00043] in <6faa6124236442759eb396cfbfdad508>:0 
  at System.Linq.Enumerable.ToDictionary[TSource,TKey] (System.Collections.Generic.IEnumerable`1[T] source, System.Func`2[T,TResult] keySelector) [0x00000] in <6faa6124236442759eb396cfbfdad508>:0 
  at UnityEditor.Scripting.ScriptCompilation.LoadingAssemblyDefinition.SetAllCustomScriptAssemblyReferenceJsonsContents (System.String[] paths, System.String[] contents) [0x00172] in <d9024bdc2a414b3c81b047ea3e343594>:0 
UnityEngine.DebugLogHandler:Internal_LogException_Injected(Exception, IntPtr)
UnityEngine.DebugLogHandler:Internal_LogException(Exception, Object)
UnityEngine.DebugLogHandler:LogException(Exception, Object)
UnityEngine.Logger:LogException(Exception, Object)
UnityEngine.Debug:LogException(Exception)
UnityEditor.Scripting.ScriptCompilation.EditorCompilationInterface:LogException(Exception)
UnityEditor.Scripting.ScriptCompilation.EditorCompilationInterface:EmitExceptionsAsErrors(IEnumerable`1)
UnityEditor.Scripting.ScriptCompilation.EditorCompilationInterface:SetAllCustomScriptAssemblyReferenceJsons(String[], String[])

ArgumentException: An item with the same key has already been added. Key: 7ff3712c342c8c2449b71ffa53e54e35
  at System.Collections.Generic.Dictionary`2[TKey,TValue].TryInsert (TKey key, TValue value, System.Collections.Generic.InsertionBehavior behavior) [0x0015a] in <1eb9db207454431c84a47bcd81e79c37>:0 
  at System.Collections.Generic.Dictionary`2[TKey,TValue].Add (TKey key, TValue value) [0x00000] in <1eb9db207454431c84a47bcd81e79c37>:0 
  at System.Linq.Enumerable.ToDictionary[TSource,TKey] (TSource[] source, System.Func`2[T,TResult] keySelector, System.Collections.Generic.IEqualityComparer`1[T] comparer) [0x0001c] in <6faa6124236442759eb396cfbfdad508>:0 
  at System.Linq.Enumerable.ToDictionary[TSource,TKey] (System.Collections.Generic.IEnumerable`1[T] source, System.Func`2[T,TResult] keySelector, System.Collections.Generic.IEqualityComparer`1[T] comparer) [0x00043] in <6faa6124236442759eb396cfbfdad508>:0 
  at System.Linq.Enumerable.ToDictionary[TSource,TKey] (System.Collections.Generic.IEnumerable`1[T] source, System.Func`2[T,TResult] keySelector) [0x00000] in <6faa6124236442759eb396cfbfdad508>:0 
  at UnityEditor.Scripting.ScriptCompilation.LoadingAssemblyDefinition.SetAllCustomScriptAssemblyReferenceJsonsContents (System.String[] paths, System.String[] contents) [0x00172] in <d9024bdc2a414b3c81b047ea3e343594>:0 
UnityEngine.DebugLogHandler:Internal_LogException_Injected(Exception, IntPtr)
UnityEngine.DebugLogHandler:Internal_LogException(Exception, Object)
UnityEngine.DebugLogHandler:LogException(Exception, Object)
UnityEngine.Logger:LogException(Exception, Object)
UnityEngine.Debug:LogException(Exception)
UnityEditor.Scripting.ScriptCompilation.EditorCompilationInterface:LogException(Exception)
UnityEditor.Scripting.ScriptCompilation.EditorCompilationInterface:EmitExceptionsAsErrors(IEnumerable`1)
UnityEditor.Scripting.ScriptCompilation.EditorCompilationInterface:SetAllCustomScriptAssemblyReferenceJsons(String[], String[])

ArgumentException: An item with the same key has already been added. Key: 7ff3712c342c8c2449b71ffa53e54e35
  at System.Collections.Generic.Dictionary`2[TKey,TValue].TryInsert (TKey key, TValue value, System.Collections.Generic.InsertionBehavior behavior) [0x0015a] in <1eb9db207454431c84a47bcd81e79c37>:0 
  at System.Collections.Generic.Dictionary`2[TKey,TValue].Add (TKey key, TValue value) [0x00000] in <1eb9db207454431c84a47bcd81e79c37>:0 
  at System.Linq.Enumerable.ToDictionary[TSource,TKey] (TSource[] source, System.Func`2[T,TResult] keySelector, System.Collections.Generic.IEqualityComparer`1[T] comparer) [0x0001c] in <6faa6124236442759eb396cfbfdad508>:0 
  at System.Linq.Enumerable.ToDictionary[TSource,TKey] (System.Collections.Generic.IEnumerable`1[T] source, System.Func`2[T,TResult] keySelector, System.Collections.Generic.IEqualityComparer`1[T] comparer) [0x00043] in <6faa6124236442759eb396cfbfdad508>:0 
  at System.Linq.Enumerable.ToDictionary[TSource,TKey] (System.Collections.Generic.IEnumerable`1[T] source, System.Func`2[T,TResult] keySelector) [0x00000] in <6faa6124236442759eb396cfbfdad508>:0 
  at UnityEditor.Scripting.ScriptCompilation.LoadingAssemblyDefinition.SetAllCustomScriptAssemblyReferenceJsonsContents (System.String[] paths, System.String[] contents) [0x00172] in <d9024bdc2a414b3c81b047ea3e343594>:0 
UnityEngine.DebugLogHandler:Internal_LogException_Injected(Exception, IntPtr)
UnityEngine.DebugLogHandler:Internal_LogException(Exception, Object)
UnityEngine.DebugLogHandler:LogException(Exception, Object)
UnityEngine.Logger:LogException(Exception, Object)
UnityEngine.Debug:LogException(Exception)
UnityEditor.Scripting.ScriptCompilation.EditorCompilationInterface:LogException(Exception)
UnityEditor.Scripting.ScriptCompilation.EditorCompilationInterface:EmitExceptionsAsErrors(IEnumerable`1)
UnityEditor.Scripting.ScriptCompilation.EditorCompilationInterface:SetAllCustomScriptAssemblyReferenceJsons(String[], String[])

ArgumentException: An item with the same key has already been added. Key: 7ff3712c342c8c2449b71ffa53e54e35
  at System.Collections.Generic.Dictionary`2[TKey,TValue].TryInsert (TKey key, TValue value, System.Collections.Generic.InsertionBehavior behavior) [0x0015a] in <1eb9db207454431c84a47bcd81e79c37>:0 
  at System.Collections.Generic.Dictionary`2[TKey,TValue].Add (TKey key, TValue value) [0x00000] in <1eb9db207454431c84a47bcd81e79c37>:0 
  at System.Linq.Enumerable.ToDictionary[TSource,TKey] (TSource[] source, System.Func`2[T,TResult] keySelector, System.Collections.Generic.IEqualityComparer`1[T] comparer) [0x0001c] in <6faa6124236442759eb396cfbfdad508>:0 
  at System.Linq.Enumerable.ToDictionary[TSource,TKey] (System.Collections.Generic.IEnumerable`1[T] source, System.Func`2[T,TResult] keySelector, System.Collections.Generic.IEqualityComparer`1[T] comparer) [0x00043] in <6faa6124236442759eb396cfbfdad508>:0 
  at System.Linq.Enumerable.ToDictionary[TSource,TKey] (System.Collections.Generic.IEnumerable`1[T] source, System.Func`2[T,TResult] keySelector) [0x00000] in <6faa6124236442759eb396cfbfdad508>:0 
  at UnityEditor.Scripting.ScriptCompilation.LoadingAssemblyDefinition.SetAllCustomScriptAssemblyReferenceJsonsContents (System.String[] paths, System.String[] contents) [0x00172] in <d9024bdc2a414b3c81b047ea3e343594>:0 
UnityEngine.DebugLogHandler:Internal_LogException_Injected(Exception, IntPtr)
UnityEngine.DebugLogHandler:Internal_LogException(Exception, Object)
UnityEngine.DebugLogHandler:LogException(Exception, Object)
UnityEngine.Logger:LogException(Exception, Object)
UnityEngine.Debug:LogException(Exception)
UnityEditor.Scripting.ScriptCompilation.EditorCompilationInterface:LogException(Exception)
UnityEditor.Scripting.ScriptCompilation.EditorCompilationInterface:EmitExceptionsAsErrors(IEnumerable`1)
UnityEditor.Scripting.ScriptCompilation.EditorCompilationInterface:SetAllCustomScriptAssemblyReferenceJsons(String[], String[])

ArgumentException: An item with the same key has already been added. Key: 7ff3712c342c8c2449b71ffa53e54e35
  at System.Collections.Generic.Dictionary`2[TKey,TValue].TryInsert (TKey key, TValue value, System.Collections.Generic.InsertionBehavior behavior) [0x0015a] in <1eb9db207454431c84a47bcd81e79c37>:0 
  at System.Collections.Generic.Dictionary`2[TKey,TValue].Add (TKey key, TValue value) [0x00000] in <1eb9db207454431c84a47bcd81e79c37>:0 
  at System.Linq.Enumerable.ToDictionary[TSource,TKey] (TSource[] source, System.Func`2[T,TResult] keySelector, System.Collections.Generic.IEqualityComparer`1[T] comparer) [0x0001c] in <6faa6124236442759eb396cfbfdad508>:0 
  at System.Linq.Enumerable.ToDictionary[TSource,TKey] (System.Collections.Generic.IEnumerable`1[T] source, System.Func`2[T,TResult] keySelector, System.Collections.Generic.IEqualityComparer`1[T] comparer) [0x00043] in <6faa6124236442759eb396cfbfdad508>:0 
  at System.Linq.Enumerable.ToDictionary[TSource,TKey] (System.Collections.Generic.IEnumerable`1[T] source, System.Func`2[T,TResult] keySelector) [0x00000] in <6faa6124236442759eb396cfbfdad508>:0 
  at UnityEditor.Scripting.ScriptCompilation.LoadingAssemblyDefinition.SetAllCustomScriptAssemblyReferenceJsonsContents (System.String[] paths, System.String[] contents) [0x00172] in <d9024bdc2a414b3c81b047ea3e343594>:0 
UnityEngine.DebugLogHandler:Internal_LogException_Injected(Exception, IntPtr)
UnityEngine.DebugLogHandler:Internal_LogException(Exception, Object)
UnityEngine.DebugLogHandler:LogException(Exception, Object)
UnityEngine.Logger:LogException(Exception, Object)
UnityEngine.Debug:LogException(Exception)
UnityEditor.Scripting.ScriptCompilation.EditorCompilationInterface:LogException(Exception)
UnityEditor.Scripting.ScriptCompilation.EditorCompilationInterface:EmitExceptionsAsErrors(IEnumerable`1)
UnityEditor.Scripting.ScriptCompilation.EditorCompilationInterface:SetAllCustomScriptAssemblyReferenceJsons(String[], String[])

ArgumentException: An item with the same key has already been added. Key: 7ff3712c342c8c2449b71ffa53e54e35
  at System.Collections.Generic.Dictionary`2[TKey,TValue].TryInsert (TKey key, TValue value, System.Collections.Generic.InsertionBehavior behavior) [0x0015a] in <1eb9db207454431c84a47bcd81e79c37>:0 
  at System.Collections.Generic.Dictionary`2[TKey,TValue].Add (TKey key, TValue value) [0x00000] in <1eb9db207454431c84a47bcd81e79c37>:0 
  at System.Linq.Enumerable.ToDictionary[TSource,TKey] (TSource[] source, System.Func`2[T,TResult] keySelector, System.Collections.Generic.IEqualityComparer`1[T] comparer) [0x0001c] in <6faa6124236442759eb396cfbfdad508>:0 
  at System.Linq.Enumerable.ToDictionary[TSource,TKey] (System.Collections.Generic.IEnumerable`1[T] source, System.Func`2[T,TResult] keySelector, System.Collections.Generic.IEqualityComparer`1[T] comparer) [0x00043] in <6faa6124236442759eb396cfbfdad508>:0 
  at System.Linq.Enumerable.ToDictionary[TSource,TKey] (System.Collections.Generic.IEnumerable`1[T] source, System.Func`2[T,TResult] keySelector) [0x00000] in <6faa6124236442759eb396cfbfdad508>:0 
  at UnityEditor.Scripting.ScriptCompilation.LoadingAssemblyDefinition.SetAllCustomScriptAssemblyReferenceJsonsContents (System.String[] paths, System.String[] contents) [0x00172] in <d9024bdc2a414b3c81b047ea3e343594>:0 
UnityEngine.DebugLogHandler:Internal_LogException_Injected(Exception, IntPtr)
UnityEngine.DebugLogHandler:Internal_LogException(Exception, Object)
UnityEngine.DebugLogHandler:LogException(Exception, Object)
UnityEngine.Logger:LogException(Exception, Object)
UnityEngine.Debug:LogException(Exception)
UnityEditor.Scripting.ScriptCompilation.EditorCompilationInterface:LogException(Exception)
UnityEditor.Scripting.ScriptCompilation.EditorCompilationInterface:EmitExceptionsAsErrors(IEnumerable`1)
UnityEditor.Scripting.ScriptCompilation.EditorCompilationInterface:SetAllCustomScriptAssemblyReferenceJsons(String[], String[])

ArgumentException: An item with the same key has already been added. Key: 7ff3712c342c8c2449b71ffa53e54e35
  at System.Collections.Generic.Dictionary`2[TKey,TValue].TryInsert (TKey key, TValue value, System.Collections.Generic.InsertionBehavior behavior) [0x0015a] in <1eb9db207454431c84a47bcd81e79c37>:0 
  at System.Collections.Generic.Dictionary`2[TKey,TValue].Add (TKey key, TValue value) [0x00000] in <1eb9db207454431c84a47bcd81e79c37>:0 
  at System.Linq.Enumerable.ToDictionary[TSource,TKey] (TSource[] source, System.Func`2[T,TResult] keySelector, System.Collections.Generic.IEqualityComparer`1[T] comparer) [0x0001c] in <6faa6124236442759eb396cfbfdad508>:0 
  at System.Linq.Enumerable.ToDictionary[TSource,TKey] (System.Collections.Generic.IEnumerable`1[T] source, System.Func`2[T,TResult] keySelector, System.Collections.Generic.IEqualityComparer`1[T] comparer) [0x00043] in <6faa6124236442759eb396cfbfdad508>:0 
  at System.Linq.Enumerable.ToDictionary[TSource,TKey] (System.Collections.Generic.IEnumerable`1[T] source, System.Func`2[T,TResult] keySelector) [0x00000] in <6faa6124236442759eb396cfbfdad508>:0 
  at UnityEditor.Scripting.ScriptCompilation.LoadingAssemblyDefinition.SetAllCustomScriptAssemblyReferenceJsonsContents (System.String[] paths, System.String[] contents) [0x00172] in <d9024bdc2a414b3c81b047ea3e343594>:0 
UnityEngine.DebugLogHandler:Internal_LogException_Injected(Exception, IntPtr)
UnityEngine.DebugLogHandler:Internal_LogException(Exception, Object)
UnityEngine.DebugLogHandler:LogException(Exception, Object)
UnityEngine.Logger:LogException(Exception, Object)
UnityEngine.Debug:LogException(Exception)
UnityEditor.Scripting.ScriptCompilation.EditorCompilationInterface:LogException(Exception)
UnityEditor.Scripting.ScriptCompilation.EditorCompilationInterface:EmitExceptionsAsErrors(IEnumerable`1)
UnityEditor.Scripting.ScriptCompilation.EditorCompilationInterface:SetAllCustomScriptAssemblyReferenceJsons(String[], String[])

ArgumentException: An item with the same key has already been added. Key: 7ff3712c342c8c2449b71ffa53e54e35
  at System.Collections.Generic.Dictionary`2[TKey,TValue].TryInsert (TKey key, TValue value, System.Collections.Generic.InsertionBehavior behavior) [0x0015a] in <1eb9db207454431c84a47bcd81e79c37>:0 
  at System.Collections.Generic.Dictionary`2[TKey,TValue].Add (TKey key, TValue value) [0x00000] in <1eb9db207454431c84a47bcd81e79c37>:0 
  at System.Linq.Enumerable.ToDictionary[TSource,TKey,TElement] (TSource[] source, System.Func`2[T,TResult] keySelector, System.Func`2[T,TResult] elementSelector, System.Collections.Generic.IEqualityComparer`1[T] comparer) [0x00029] in <6faa6124236442759eb396cfbfdad508>:0 
  at System.Linq.Enumerable.ToDictionary[TSource,TKey,TElement] (System.Collections.Generic.IEnumerable`1[T] source, System.Func`2[T,TResult] keySelector, System.Func`2[T,TResult] elementSelector, System.Collections.Generic.IEqualityComparer`1[T] comparer) [0x00051] in <6faa6124236442759eb396cfbfdad508>:0 
  at System.Linq.Enumerable.ToDictionary[TSource,TKey,TElement] (System.Collections.Generic.IEnumerable`1[T] source, System.Func`2[T,TResult] keySelector, System.Func`2[T,TResult] elementSelector) [0x00000] in <6faa6124236442759eb396cfbfdad508>:0 
  at UnityEditor.Scripting.ScriptCompilation.AssemblyGraphBuilder.Initialize (System.Collections.Generic.IReadOnlyCollection`1[T] assemblies, System.Collections.Generic.IReadOnlyCollection`1[T] customScriptAssemblyReferences) [0x00046] in <d9024bdc2a414b3c81b047ea3e343594>:0 
  at UnityEditor.Scripting.ScriptCompilation.AssemblyGraphBuilderFactory.GetOrCreate (System.String projectPath, System.Collections.Generic.IReadOnlyCollection`1[T] assemblies, System.Collections.Generic.IReadOnlyCollection`1[T] customScriptAssemblyReferences) [0x00038] in <d9024bdc2a414b3c81b047ea3e343594>:0 
  at UnityEditor.Scripting.ScriptCompilation.EditorCompilation.GetAssemblyGraphBuilder () [0x00027] in <d9024bdc2a414b3c81b047ea3e343594>:0 
  at UnityEditor.Scripting.ScriptCompilation.EditorCompilation.SetAllScripts (System.String[] allScripts) [0x0000d] in <d9024bdc2a414b3c81b047ea3e343594>:0 
  at UnityEditor.Scripting.ScriptCompilation.EditorCompilationInterface.SetAllScripts (System.String[] allScripts) [0x00006] in <d9024bdc2a414b3c81b047ea3e343594>:0 

Refreshing native plugins compatible for Editor in 3.75 ms, found 3 plugins.
Assertion failed on expression: 'pred(*previous, *i)'
Assertion failed on expression: 'pred(*previous, *i)'
Assertion failed on expression: 'pred(*previous, *i)'
Assertion failed on expression: 'pred(*previous, *i)'
Assertion failed on expression: 'pred(*previous, *i)'
Assertion failed on expression: 'pred(*previous, *i)'
Assertion failed on expression: 'pred(*previous, *i)'
Assertion failed on expression: 'pred(*previous, *i)'
Assertion failed on expression: 'pred(*previous, *i)'
Assertion failed on expression: 'pred(*previous, *i)'
Assertion failed on expression: 'pred(*previous, *i)'
Assertion failed on expression: 'pred(*previous, *i)'
Assertion failed on expression: 'pred(*previous, *i)'
Assertion failed on expression: 'pred(*previous, *i)'
Assertion failed on expression: 'pred(*previous, *i)'
Assertion failed on expression: 'pred(*previous, *i)'
Assertion failed on expression: 'pred(*previous, *i)'
Assertion failed on expression: 'pred(*previous, *i)'
Assertion failed on expression: 'pred(*previous, *i)'
Assertion failed on expression: 'pred(*previous, *i)'
Assertion failed on expression: 'pred(*previous, *i)'
Assertion failed on expression: 'pred(*previous, *i)'
Assertion failed on expression: 'pred(*previous, *i)'
Assertion failed on expression: 'pred(*previous, *i)'
Assertion failed on expression: 'pred(*previous, *i)'
Assertion failed on expression: 'pred(*previous, *i)'
Assertion failed on expression: 'pred(*previous, *i)'
Assertion failed on expression: 'pred(*previous, *i)'
Assertion failed on expression: 'pred(*previous, *i)'
Assertion failed on expression: 'pred(*previous, *i)'
Assertion failed on expression: 'pred(*previous, *i)'
Assertion failed on expression: 'pred(*previous, *i)'
Assertion failed on expression: 'pred(*previous, *i)'
Assertion failed on expression: 'pred(*previous, *i)'
Assertion failed on expression: 'pred(*previous, *i)'
Assertion failed on expression: 'pred(*previous, *i)'
Assertion failed on expression: 'pred(*previous, *i)'
Assertion failed on expression: 'pred(*previous, *i)'
Assertion failed on expression: 'pred(*previous, *i)'
Assertion failed on expression: 'pred(*previous, *i)'
Assertion failed on expression: 'pred(*previous, *i)'
Assertion failed on expression: 'pred(*previous, *i)'
Assertion failed on expression: 'pred(*previous, *i)'
Assertion failed on expression: 'pred(*previous, *i)'
Assertion failed on expression: 'pred(*previous, *i)'
Assertion failed on expression: 'pred(*previous, *i)'
Assertion failed on expression: 'pred(*previous, *i)'
Assertion failed on expression: 'pred(*previous, *i)'
Assertion failed on expression: 'pred(*previous, *i)'
Native extension for WindowsStandalone target not found
Native extension for WebGL target not found
ArgumentException: An item with the same key has already been added. Key: 7ff3712c342c8c2449b71ffa53e54e35
  at System.Collections.Generic.Dictionary`2[TKey,TValue].TryInsert (TKey key, TValue value, System.Collections.Generic.InsertionBehavior behavior) [0x0015a] in <1eb9db207454431c84a47bcd81e79c37>:0 
  at System.Collections.Generic.Dictionary`2[TKey,TValue].Add (TKey key, TValue value) [0x00000] in <1eb9db207454431c84a47bcd81e79c37>:0 
  at System.Linq.Enumerable.ToDictionary[TSource,TKey] (TSource[] source, System.Func`2[T,TResult] keySelector, System.Collections.Generic.IEqualityComparer`1[T] comparer) [0x0001c] in <6faa6124236442759eb396cfbfdad508>:0 
  at System.Linq.Enumerable.ToDictionary[TSource,TKey] (System.Collections.Generic.IEnumerable`1[T] source, System.Func`2[T,TResult] keySelector, System.Collections.Generic.IEqualityComparer`1[T] comparer) [0x00043] in <6faa6124236442759eb396cfbfdad508>:0 
  at System.Linq.Enumerable.ToDictionary[TSource,TKey] (System.Collections.Generic.IEnumerable`1[T] source, System.Func`2[T,TResult] keySelector) [0x00000] in <6faa6124236442759eb396cfbfdad508>:0 
  at UnityEditor.Scripting.ScriptCompilation.LoadingAssemblyDefinition.SetAllCustomScriptAssemblyReferenceJsonsContents (System.String[] paths, System.String[] contents) [0x00172] in <d9024bdc2a414b3c81b047ea3e343594>:0 
UnityEngine.DebugLogHandler:Internal_LogException_Injected(Exception, IntPtr)
UnityEngine.DebugLogHandler:Internal_LogException(Exception, Object)
UnityEngine.DebugLogHandler:LogException(Exception, Object)
UnityEngine.Logger:LogException(Exception, Object)
UnityEngine.Debug:LogException(Exception)
UnityEditor.Scripting.ScriptCompilation.EditorCompilationInterface:LogException(Exception)
UnityEditor.Scripting.ScriptCompilation.EditorCompilationInterface:EmitExceptionsAsErrors(IEnumerable`1)
UnityEditor.Scripting.ScriptCompilation.EditorCompilationInterface:SetAllCustomScriptAssemblyReferenceJsons(String[], String[])

ArgumentException: An item with the same key has already been added. Key: 7ff3712c342c8c2449b71ffa53e54e35
  at System.Collections.Generic.Dictionary`2[TKey,TValue].TryInsert (TKey key, TValue value, System.Collections.Generic.InsertionBehavior behavior) [0x0015a] in <1eb9db207454431c84a47bcd81e79c37>:0 
  at System.Collections.Generic.Dictionary`2[TKey,TValue].Add (TKey key, TValue value) [0x00000] in <1eb9db207454431c84a47bcd81e79c37>:0 
  at System.Linq.Enumerable.ToDictionary[TSource,TKey] (TSource[] source, System.Func`2[T,TResult] keySelector, System.Collections.Generic.IEqualityComparer`1[T] comparer) [0x0001c] in <6faa6124236442759eb396cfbfdad508>:0 
  at System.Linq.Enumerable.ToDictionary[TSource,TKey] (System.Collections.Generic.IEnumerable`1[T] source, System.Func`2[T,TResult] keySelector, System.Collections.Generic.IEqualityComparer`1[T] comparer) [0x00043] in <6faa6124236442759eb396cfbfdad508>:0 
  at System.Linq.Enumerable.ToDictionary[TSource,TKey] (System.Collections.Generic.IEnumerable`1[T] source, System.Func`2[T,TResult] keySelector) [0x00000] in <6faa6124236442759eb396cfbfdad508>:0 
  at UnityEditor.Scripting.ScriptCompilation.LoadingAssemblyDefinition.SetAllCustomScriptAssemblyReferenceJsonsContents (System.String[] paths, System.String[] contents) [0x00172] in <d9024bdc2a414b3c81b047ea3e343594>:0 
UnityEngine.DebugLogHandler:Internal_LogException_Injected(Exception, IntPtr)
UnityEngine.DebugLogHandler:Internal_LogException(Exception, Object)
UnityEngine.DebugLogHandler:LogException(Exception, Object)
UnityEngine.Logger:LogException(Exception, Object)
UnityEngine.Debug:LogException(Exception)
UnityEditor.Scripting.ScriptCompilation.EditorCompilationInterface:LogException(Exception)
UnityEditor.Scripting.ScriptCompilation.EditorCompilationInterface:EmitExceptionsAsErrors(IEnumerable`1)
UnityEditor.Scripting.ScriptCompilation.EditorCompilationInterface:SetAllCustomScriptAssemblyReferenceJsons(String[], String[])

ArgumentException: An item with the same key has already been added. Key: 7ff3712c342c8c2449b71ffa53e54e35
  at System.Collections.Generic.Dictionary`2[TKey,TValue].TryInsert (TKey key, TValue value, System.Collections.Generic.InsertionBehavior behavior) [0x0015a] in <1eb9db207454431c84a47bcd81e79c37>:0 
  at System.Collections.Generic.Dictionary`2[TKey,TValue].Add (TKey key, TValue value) [0x00000] in <1eb9db207454431c84a47bcd81e79c37>:0 
  at System.Linq.Enumerable.ToDictionary[TSource,TKey] (TSource[] source, System.Func`2[T,TResult] keySelector, System.Collections.Generic.IEqualityComparer`1[T] comparer) [0x0001c] in <6faa6124236442759eb396cfbfdad508>:0 
  at System.Linq.Enumerable.ToDictionary[TSource,TKey] (System.Collections.Generic.IEnumerable`1[T] source, System.Func`2[T,TResult] keySelector, System.Collections.Generic.IEqualityComparer`1[T] comparer) [0x00043] in <6faa6124236442759eb396cfbfdad508>:0 
  at System.Linq.Enumerable.ToDictionary[TSource,TKey] (System.Collections.Generic.IEnumerable`1[T] source, System.Func`2[T,TResult] keySelector) [0x00000] in <6faa6124236442759eb396cfbfdad508>:0 
  at UnityEditor.Scripting.ScriptCompilation.LoadingAssemblyDefinition.SetAllCustomScriptAssemblyReferenceJsonsContents (System.String[] paths, System.String[] contents) [0x00172] in <d9024bdc2a414b3c81b047ea3e343594>:0 
UnityEngine.DebugLogHandler:Internal_LogException_Injected(Exception, IntPtr)
UnityEngine.DebugLogHandler:Internal_LogException(Exception, Object)
UnityEngine.DebugLogHandler:LogException(Exception, Object)
UnityEngine.Logger:LogException(Exception, Object)
UnityEngine.Debug:LogException(Exception)
UnityEditor.Scripting.ScriptCompilation.EditorCompilationInterface:LogException(Exception)
UnityEditor.Scripting.ScriptCompilation.EditorCompilationInterface:EmitExceptionsAsErrors(IEnumerable`1)
UnityEditor.Scripting.ScriptCompilation.EditorCompilationInterface:SetAllCustomScriptAssemblyReferenceJsons(String[], String[])

ArgumentException: An item with the same key has already been added. Key: 7ff3712c342c8c2449b71ffa53e54e35
  at System.Collections.Generic.Dictionary`2[TKey,TValue].TryInsert (TKey key, TValue value, System.Collections.Generic.InsertionBehavior behavior) [0x0015a] in <1eb9db207454431c84a47bcd81e79c37>:0 
  at System.Collections.Generic.Dictionary`2[TKey,TValue].Add (TKey key, TValue value) [0x00000] in <1eb9db207454431c84a47bcd81e79c37>:0 
  at System.Linq.Enumerable.ToDictionary[TSource,TKey] (TSource[] source, System.Func`2[T,TResult] keySelector, System.Collections.Generic.IEqualityComparer`1[T] comparer) [0x0001c] in <6faa6124236442759eb396cfbfdad508>:0 
  at System.Linq.Enumerable.ToDictionary[TSource,TKey] (System.Collections.Generic.IEnumerable`1[T] source, System.Func`2[T,TResult] keySelector, System.Collections.Generic.IEqualityComparer`1[T] comparer) [0x00043] in <6faa6124236442759eb396cfbfdad508>:0 
  at System.Linq.Enumerable.ToDictionary[TSource,TKey] (System.Collections.Generic.IEnumerable`1[T] source, System.Func`2[T,TResult] keySelector) [0x00000] in <6faa6124236442759eb396cfbfdad508>:0 
  at UnityEditor.Scripting.ScriptCompilation.LoadingAssemblyDefinition.SetAllCustomScriptAssemblyReferenceJsonsContents (System.String[] paths, System.String[] contents) [0x00172] in <d9024bdc2a414b3c81b047ea3e343594>:0 
UnityEngine.DebugLogHandler:Internal_LogException_Injected(Exception, IntPtr)
UnityEngine.DebugLogHandler:Internal_LogException(Exception, Object)
UnityEngine.DebugLogHandler:LogException(Exception, Object)
UnityEngine.Logger:LogException(Exception, Object)
UnityEngine.Debug:LogException(Exception)
UnityEditor.Scripting.ScriptCompilation.EditorCompilationInterface:LogException(Exception)
UnityEditor.Scripting.ScriptCompilation.EditorCompilationInterface:EmitExceptionsAsErrors(IEnumerable`1)
UnityEditor.Scripting.ScriptCompilation.EditorCompilationInterface:SetAllCustomScriptAssemblyReferenceJsons(String[], String[])

ArgumentException: An item with the same key has already been added. Key: 7ff3712c342c8c2449b71ffa53e54e35
  at System.Collections.Generic.Dictionary`2[TKey,TValue].TryInsert (TKey key, TValue value, System.Collections.Generic.InsertionBehavior behavior) [0x0015a] in <1eb9db207454431c84a47bcd81e79c37>:0 
  at System.Collections.Generic.Dictionary`2[TKey,TValue].Add (TKey key, TValue value) [0x00000] in <1eb9db207454431c84a47bcd81e79c37>:0 
  at System.Linq.Enumerable.ToDictionary[TSource,TKey] (TSource[] source, System.Func`2[T,TResult] keySelector, System.Collections.Generic.IEqualityComparer`1[T] comparer) [0x0001c] in <6faa6124236442759eb396cfbfdad508>:0 
  at System.Linq.Enumerable.ToDictionary[TSource,TKey] (System.Collections.Generic.IEnumerable`1[T] source, System.Func`2[T,TResult] keySelector, System.Collections.Generic.IEqualityComparer`1[T] comparer) [0x00043] in <6faa6124236442759eb396cfbfdad508>:0 
  at System.Linq.Enumerable.ToDictionary[TSource,TKey] (System.Collections.Generic.IEnumerable`1[T] source, System.Func`2[T,TResult] keySelector) [0x00000] in <6faa6124236442759eb396cfbfdad508>:0 
  at UnityEditor.Scripting.ScriptCompilation.LoadingAssemblyDefinition.SetAllCustomScriptAssemblyReferenceJsonsContents (System.String[] paths, System.String[] contents) [0x00172] in <d9024bdc2a414b3c81b047ea3e343594>:0 
UnityEngine.DebugLogHandler:Internal_LogException_Injected(Exception, IntPtr)
UnityEngine.DebugLogHandler:Internal_LogException(Exception, Object)
UnityEngine.DebugLogHandler:LogException(Exception, Object)
UnityEngine.Logger:LogException(Exception, Object)
UnityEngine.Debug:LogException(Exception)
UnityEditor.Scripting.ScriptCompilation.EditorCompilationInterface:LogException(Exception)
UnityEditor.Scripting.ScriptCompilation.EditorCompilationInterface:EmitExceptionsAsErrors(IEnumerable`1)
UnityEditor.Scripting.ScriptCompilation.EditorCompilationInterface:SetAllCustomScriptAssemblyReferenceJsons(String[], String[])

ArgumentException: An item with the same key has already been added. Key: 7ff3712c342c8c2449b71ffa53e54e35
  at System.Collections.Generic.Dictionary`2[TKey,TValue].TryInsert (TKey key, TValue value, System.Collections.Generic.InsertionBehavior behavior) [0x0015a] in <1eb9db207454431c84a47bcd81e79c37>:0 
  at System.Collections.Generic.Dictionary`2[TKey,TValue].Add (TKey key, TValue value) [0x00000] in <1eb9db207454431c84a47bcd81e79c37>:0 
  at System.Linq.Enumerable.ToDictionary[TSource,TKey] (TSource[] source, System.Func`2[T,TResult] keySelector, System.Collections.Generic.IEqualityComparer`1[T] comparer) [0x0001c] in <6faa6124236442759eb396cfbfdad508>:0 
  at System.Linq.Enumerable.ToDictionary[TSource,TKey] (System.Collections.Generic.IEnumerable`1[T] source, System.Func`2[T,TResult] keySelector, System.Collections.Generic.IEqualityComparer`1[T] comparer) [0x00043] in <6faa6124236442759eb396cfbfdad508>:0 
  at System.Linq.Enumerable.ToDictionary[TSource,TKey] (System.Collections.Generic.IEnumerable`1[T] source, System.Func`2[T,TResult] keySelector) [0x00000] in <6faa6124236442759eb396cfbfdad508>:0 
  at UnityEditor.Scripting.ScriptCompilation.LoadingAssemblyDefinition.SetAllCustomScriptAssemblyReferenceJsonsContents (System.String[] paths, System.String[] contents) [0x00172] in <d9024bdc2a414b3c81b047ea3e343594>:0 
UnityEngine.DebugLogHandler:Internal_LogException_Injected(Exception, IntPtr)
UnityEngine.DebugLogHandler:Internal_LogException(Exception, Object)
UnityEngine.DebugLogHandler:LogException(Exception, Object)
UnityEngine.Logger:LogException(Exception, Object)
UnityEngine.Debug:LogException(Exception)
UnityEditor.Scripting.ScriptCompilation.EditorCompilationInterface:LogException(Exception)
UnityEditor.Scripting.ScriptCompilation.EditorCompilationInterface:EmitExceptionsAsErrors(IEnumerable`1)
UnityEditor.Scripting.ScriptCompilation.EditorCompilationInterface:SetAllCustomScriptAssemblyReferenceJsons(String[], String[])

ArgumentException: An item with the same key has already been added. Key: 7ff3712c342c8c2449b71ffa53e54e35
  at System.Collections.Generic.Dictionary`2[TKey,TValue].TryInsert (TKey key, TValue value, System.Collections.Generic.InsertionBehavior behavior) [0x0015a] in <1eb9db207454431c84a47bcd81e79c37>:0 
  at System.Collections.Generic.Dictionary`2[TKey,TValue].Add (TKey key, TValue value) [0x00000] in <1eb9db207454431c84a47bcd81e79c37>:0 
  at System.Linq.Enumerable.ToDictionary[TSource,TKey] (TSource[] source, System.Func`2[T,TResult] keySelector, System.Collections.Generic.IEqualityComparer`1[T] comparer) [0x0001c] in <6faa6124236442759eb396cfbfdad508>:0 
  at System.Linq.Enumerable.ToDictionary[TSource,TKey] (System.Collections.Generic.IEnumerable`1[T] source, System.Func`2[T,TResult] keySelector, System.Collections.Generic.IEqualityComparer`1[T] comparer) [0x00043] in <6faa6124236442759eb396cfbfdad508>:0 
  at System.Linq.Enumerable.ToDictionary[TSource,TKey] (System.Collections.Generic.IEnumerable`1[T] source, System.Func`2[T,TResult] keySelector) [0x00000] in <6faa6124236442759eb396cfbfdad508>:0 
  at UnityEditor.Scripting.ScriptCompilation.LoadingAssemblyDefinition.SetAllCustomScriptAssemblyReferenceJsonsContents (System.String[] paths, System.String[] contents) [0x00172] in <d9024bdc2a414b3c81b047ea3e343594>:0 
UnityEngine.DebugLogHandler:Internal_LogException_Injected(Exception, IntPtr)
UnityEngine.DebugLogHandler:Internal_LogException(Exception, Object)
UnityEngine.DebugLogHandler:LogException(Exception, Object)
UnityEngine.Logger:LogException(Exception, Object)
UnityEngine.Debug:LogException(Exception)
UnityEditor.Scripting.ScriptCompilation.EditorCompilationInterface:LogException(Exception)
UnityEditor.Scripting.ScriptCompilation.EditorCompilationInterface:EmitExceptionsAsErrors(IEnumerable`1)
UnityEditor.Scripting.ScriptCompilation.EditorCompilationInterface:SetAllCustomScriptAssemblyReferenceJsons(String[], String[])

ArgumentException: An item with the same key has already been added. Key: 7ff3712c342c8c2449b71ffa53e54e35
  at System.Collections.Generic.Dictionary`2[TKey,TValue].TryInsert (TKey key, TValue value, System.Collections.Generic.InsertionBehavior behavior) [0x0015a] in <1eb9db207454431c84a47bcd81e79c37>:0 
  at System.Collections.Generic.Dictionary`2[TKey,TValue].Add (TKey key, TValue value) [0x00000] in <1eb9db207454431c84a47bcd81e79c37>:0 
  at System.Linq.Enumerable.ToDictionary[TSource,TKey,TElement] (TSource[] source, System.Func`2[T,TResult] keySelector, System.Func`2[T,TResult] elementSelector, System.Collections.Generic.IEqualityComparer`1[T] comparer) [0x00029] in <6faa6124236442759eb396cfbfdad508>:0 
  at System.Linq.Enumerable.ToDictionary[TSource,TKey,TElement] (System.Collections.Generic.IEnumerable`1[T] source, System.Func`2[T,TResult] keySelector, System.Func`2[T,TResult] elementSelector, System.Collections.Generic.IEqualityComparer`1[T] comparer) [0x00051] in <6faa6124236442759eb396cfbfdad508>:0 
  at System.Linq.Enumerable.ToDictionary[TSource,TKey,TElement] (System.Collections.Generic.IEnumerable`1[T] source, System.Func`2[T,TResult] keySelector, System.Func`2[T,TResult] elementSelector) [0x00000] in <6faa6124236442759eb396cfbfdad508>:0 
  at UnityEditor.Scripting.ScriptCompilation.AssemblyGraphBuilder.Initialize (System.Collections.Generic.IReadOnlyCollection`1[T] assemblies, System.Collections.Generic.IReadOnlyCollection`1[T] customScriptAssemblyReferences) [0x00046] in <d9024bdc2a414b3c81b047ea3e343594>:0 
  at UnityEditor.Scripting.ScriptCompilation.AssemblyGraphBuilderFactory.GetOrCreate (System.String projectPath, System.Collections.Generic.IReadOnlyCollection`1[T] assemblies, System.Collections.Generic.IReadOnlyCollection`1[T] customScriptAssemblyReferences) [0x00038] in <d9024bdc2a414b3c81b047ea3e343594>:0 
  at UnityEditor.Scripting.ScriptCompilation.EditorCompilation.GetAssemblyGraphBuilder () [0x00027] in <d9024bdc2a414b3c81b047ea3e343594>:0 
  at UnityEditor.Scripting.ScriptCompilation.EditorCompilation.SetAllScripts (System.String[] allScripts) [0x0000d] in <d9024bdc2a414b3c81b047ea3e343594>:0 
  at UnityEditor.Scripting.ScriptCompilation.EditorCompilationInterface.SetAllScripts (System.String[] allScripts) [0x00006] in <d9024bdc2a414b3c81b047ea3e343594>:0 

[Package Manager] Failed to launch server process. Reason: Unity was launched with the -noUpm command-line argument
[Package Manager] Unable to send message (not connected to server process).
[Package Manager] Cannot connect to Unity Package Manager local server
[Package Manager] Failed to launch server process. Reason: Unity was launched with the -noUpm command-line argument
[Package Manager] Unable to send message (not connected to server process).
[Package Manager] Cannot connect to Unity Package Manager local server
Mono: successfully reloaded assembly
- Finished resetting the current domain, in  1.268 seconds
Domain Reload Profiling: 5081ms
	BeginReloadAssembly (1411ms)
		ExecutionOrderSort (0ms)
		DisableScriptedObjects (62ms)
		BackupInstance (0ms)
		ReleaseScriptingObjects (1ms)
		CreateAndSetChildDomain (764ms)
	RebuildCommonClasses (72ms)
	RebuildNativeTypeToScriptingClass (20ms)
	initialDomainReloadingComplete (72ms)
	LoadAllAssembliesAndSetupDomain (2237ms)
		LoadAssemblies (1566ms)
		RebuildTransferFunctionScriptingTraits (0ms)
		AnalyzeDomain (963ms)
			TypeCache.Refresh (492ms)
				TypeCache.ScanAssembly (299ms)
			BuildScriptInfoCaches (369ms)
			ResolveRequiredComponents (17ms)
	FinalizeReload (1269ms)
		ReleaseScriptCaches (0ms)
		RebuildScriptCaches (0ms)
		SetupLoadedEditorAssemblies (830ms)
			LogAssemblyErrors (0ms)
			InitializePlatformSupportModulesInManaged (3ms)
			SetLoadedEditorAssemblies (6ms)
			BeforeProcessingInitializeOnLoad (236ms)
			ProcessInitializeOnLoadAttributes (441ms)
			ProcessInitializeOnLoadMethodAttributes (139ms)
			AfterProcessingInitializeOnLoad (5ms)
			EditorAssembliesLoaded (0ms)
		ExecutionOrderSort2 (0ms)
		AwakeInstancesAfterBackupRestoration (20ms)
Refreshing native plugins compatible for Editor in 1.90 ms, found 3 plugins.
Preloading 0 native plugins for Editor in 0.00 ms.
Unloading 18 Unused Serialized files (Serialized files now loaded: 0)
Unloading 7066 unused Assets / (4.5 MB). Loaded Objects now: 8010.
Memory consumption went from 172.9 MB to 168.4 MB.
Total: 11.728500 ms (FindLiveObjects: 0.912000 ms CreateObjectMapping: 0.716000 ms MarkObjects: 7.051500 ms  DeleteObjects: 3.046300 ms)

Prepare: number of updated asset objects reloaded= 87
========================================================================
Received Import Request.
  Time since last request: 468.965273 seconds.
  path: Packages/com.unity.ai.toolkit/package.json
  artifactKey: Guid(974cb0cb9ec4d4112ab74f1d16e3e394) Importer(815301076,1909f56bfc062723c751e8b465ee728b)
Start importing Packages/com.unity.ai.toolkit/package.json using Guid(974cb0cb9ec4d4112ab74f1d16e3e394) Importer(815301076,1909f56bfc062723c751e8b465ee728b) (PreviewImporter) -> (artifact id: 'b642c468e8f0c09792f0be83da526c04') in 0.1391451 seconds
Number of updated asset objects reloaded before import = 0Number of asset objects unloaded after import = 1

========================================================================
Received Prepare
ArgumentException: An item with the same key has already been added. Key: 7ff3712c342c8c2449b71ffa53e54e35
  at System.Collections.Generic.Dictionary`2[TKey,TValue].TryInsert (TKey key, TValue value, System.Collections.Generic.InsertionBehavior behavior) [0x0015a] in <1eb9db207454431c84a47bcd81e79c37>:0 
  at System.Collections.Generic.Dictionary`2[TKey,TValue].Add (TKey key, TValue value) [0x00000] in <1eb9db207454431c84a47bcd81e79c37>:0 
  at System.Linq.Enumerable.ToDictionary[TSource,TKey] (TSource[] source, System.Func`2[T,TResult] keySelector, System.Collections.Generic.IEqualityComparer`1[T] comparer) [0x0001c] in <6faa6124236442759eb396cfbfdad508>:0 
  at System.Linq.Enumerable.ToDictionary[TSource,TKey] (System.Collections.Generic.IEnumerable`1[T] source, System.Func`2[T,TResult] keySelector, System.Collections.Generic.IEqualityComparer`1[T] comparer) [0x00043] in <6faa6124236442759eb396cfbfdad508>:0 
  at System.Linq.Enumerable.ToDictionary[TSource,TKey] (System.Collections.Generic.IEnumerable`1[T] source, System.Func`2[T,TResult] keySelector) [0x00000] in <6faa6124236442759eb396cfbfdad508>:0 
  at UnityEditor.Scripting.ScriptCompilation.LoadingAssemblyDefinition.SetAllCustomScriptAssemblyReferenceJsonsContents (System.String[] paths, System.String[] contents) [0x00172] in <d9024bdc2a414b3c81b047ea3e343594>:0 
UnityEngine.DebugLogHandler:Internal_LogException_Injected(Exception, IntPtr)
UnityEngine.DebugLogHandler:Internal_LogException(Exception, Object)
UnityEngine.DebugLogHandler:LogException(Exception, Object)
UnityEngine.Logger:LogException(Exception, Object)
UnityEngine.Debug:LogException(Exception)
UnityEditor.Scripting.ScriptCompilation.EditorCompilationInterface:LogException(Exception)
UnityEditor.Scripting.ScriptCompilation.EditorCompilationInterface:EmitExceptionsAsErrors(IEnumerable`1)
UnityEditor.Scripting.ScriptCompilation.EditorCompilationInterface:SetAllCustomScriptAssemblyReferenceJsons(String[], String[])

ArgumentException: An item with the same key has already been added. Key: 7ff3712c342c8c2449b71ffa53e54e35
  at System.Collections.Generic.Dictionary`2[TKey,TValue].TryInsert (TKey key, TValue value, System.Collections.Generic.InsertionBehavior behavior) [0x0015a] in <1eb9db207454431c84a47bcd81e79c37>:0 
  at System.Collections.Generic.Dictionary`2[TKey,TValue].Add (TKey key, TValue value) [0x00000] in <1eb9db207454431c84a47bcd81e79c37>:0 
  at System.Linq.Enumerable.ToDictionary[TSource,TKey] (TSource[] source, System.Func`2[T,TResult] keySelector, System.Collections.Generic.IEqualityComparer`1[T] comparer) [0x0001c] in <6faa6124236442759eb396cfbfdad508>:0 
  at System.Linq.Enumerable.ToDictionary[TSource,TKey] (System.Collections.Generic.IEnumerable`1[T] source, System.Func`2[T,TResult] keySelector, System.Collections.Generic.IEqualityComparer`1[T] comparer) [0x00043] in <6faa6124236442759eb396cfbfdad508>:0 
  at System.Linq.Enumerable.ToDictionary[TSource,TKey] (System.Collections.Generic.IEnumerable`1[T] source, System.Func`2[T,TResult] keySelector) [0x00000] in <6faa6124236442759eb396cfbfdad508>:0 
  at UnityEditor.Scripting.ScriptCompilation.LoadingAssemblyDefinition.SetAllCustomScriptAssemblyReferenceJsonsContents (System.String[] paths, System.String[] contents) [0x00172] in <d9024bdc2a414b3c81b047ea3e343594>:0 
UnityEngine.DebugLogHandler:Internal_LogException_Injected(Exception, IntPtr)
UnityEngine.DebugLogHandler:Internal_LogException(Exception, Object)
UnityEngine.DebugLogHandler:LogException(Exception, Object)
UnityEngine.Logger:LogException(Exception, Object)
UnityEngine.Debug:LogException(Exception)
UnityEditor.Scripting.ScriptCompilation.EditorCompilationInterface:LogException(Exception)
UnityEditor.Scripting.ScriptCompilation.EditorCompilationInterface:EmitExceptionsAsErrors(IEnumerable`1)
UnityEditor.Scripting.ScriptCompilation.EditorCompilationInterface:SetAllCustomScriptAssemblyReferenceJsons(String[], String[])

ArgumentException: An item with the same key has already been added. Key: 7ff3712c342c8c2449b71ffa53e54e35
  at System.Collections.Generic.Dictionary`2[TKey,TValue].TryInsert (TKey key, TValue value, System.Collections.Generic.InsertionBehavior behavior) [0x0015a] in <1eb9db207454431c84a47bcd81e79c37>:0 
  at System.Collections.Generic.Dictionary`2[TKey,TValue].Add (TKey key, TValue value) [0x00000] in <1eb9db207454431c84a47bcd81e79c37>:0 
  at System.Linq.Enumerable.ToDictionary[TSource,TKey] (TSource[] source, System.Func`2[T,TResult] keySelector, System.Collections.Generic.IEqualityComparer`1[T] comparer) [0x0001c] in <6faa6124236442759eb396cfbfdad508>:0 
  at System.Linq.Enumerable.ToDictionary[TSource,TKey] (System.Collections.Generic.IEnumerable`1[T] source, System.Func`2[T,TResult] keySelector, System.Collections.Generic.IEqualityComparer`1[T] comparer) [0x00043] in <6faa6124236442759eb396cfbfdad508>:0 
  at System.Linq.Enumerable.ToDictionary[TSource,TKey] (System.Collections.Generic.IEnumerable`1[T] source, System.Func`2[T,TResult] keySelector) [0x00000] in <6faa6124236442759eb396cfbfdad508>:0 
  at UnityEditor.Scripting.ScriptCompilation.LoadingAssemblyDefinition.SetAllCustomScriptAssemblyReferenceJsonsContents (System.String[] paths, System.String[] contents) [0x00172] in <d9024bdc2a414b3c81b047ea3e343594>:0 
UnityEngine.DebugLogHandler:Internal_LogException_Injected(Exception, IntPtr)
UnityEngine.DebugLogHandler:Internal_LogException(Exception, Object)
UnityEngine.DebugLogHandler:LogException(Exception, Object)
UnityEngine.Logger:LogException(Exception, Object)
UnityEngine.Debug:LogException(Exception)
UnityEditor.Scripting.ScriptCompilation.EditorCompilationInterface:LogException(Exception)
UnityEditor.Scripting.ScriptCompilation.EditorCompilationInterface:EmitExceptionsAsErrors(IEnumerable`1)
UnityEditor.Scripting.ScriptCompilation.EditorCompilationInterface:SetAllCustomScriptAssemblyReferenceJsons(String[], String[])

ArgumentException: An item with the same key has already been added. Key: 7ff3712c342c8c2449b71ffa53e54e35
  at System.Collections.Generic.Dictionary`2[TKey,TValue].TryInsert (TKey key, TValue value, System.Collections.Generic.InsertionBehavior behavior) [0x0015a] in <1eb9db207454431c84a47bcd81e79c37>:0 
  at System.Collections.Generic.Dictionary`2[TKey,TValue].Add (TKey key, TValue value) [0x00000] in <1eb9db207454431c84a47bcd81e79c37>:0 
  at System.Linq.Enumerable.ToDictionary[TSource,TKey] (TSource[] source, System.Func`2[T,TResult] keySelector, System.Collections.Generic.IEqualityComparer`1[T] comparer) [0x0001c] in <6faa6124236442759eb396cfbfdad508>:0 
  at System.Linq.Enumerable.ToDictionary[TSource,TKey] (System.Collections.Generic.IEnumerable`1[T] source, System.Func`2[T,TResult] keySelector, System.Collections.Generic.IEqualityComparer`1[T] comparer) [0x00043] in <6faa6124236442759eb396cfbfdad508>:0 
  at System.Linq.Enumerable.ToDictionary[TSource,TKey] (System.Collections.Generic.IEnumerable`1[T] source, System.Func`2[T,TResult] keySelector) [0x00000] in <6faa6124236442759eb396cfbfdad508>:0 
  at UnityEditor.Scripting.ScriptCompilation.LoadingAssemblyDefinition.SetAllCustomScriptAssemblyReferenceJsonsContents (System.String[] paths, System.String[] contents) [0x00172] in <d9024bdc2a414b3c81b047ea3e343594>:0 
UnityEngine.DebugLogHandler:Internal_LogException_Injected(Exception, IntPtr)
UnityEngine.DebugLogHandler:Internal_LogException(Exception, Object)
UnityEngine.DebugLogHandler:LogException(Exception, Object)
UnityEngine.Logger:LogException(Exception, Object)
UnityEngine.Debug:LogException(Exception)
UnityEditor.Scripting.ScriptCompilation.EditorCompilationInterface:LogException(Exception)
UnityEditor.Scripting.ScriptCompilation.EditorCompilationInterface:EmitExceptionsAsErrors(IEnumerable`1)
UnityEditor.Scripting.ScriptCompilation.EditorCompilationInterface:SetAllCustomScriptAssemblyReferenceJsons(String[], String[])

ArgumentException: An item with the same key has already been added. Key: 7ff3712c342c8c2449b71ffa53e54e35
  at System.Collections.Generic.Dictionary`2[TKey,TValue].TryInsert (TKey key, TValue value, System.Collections.Generic.InsertionBehavior behavior) [0x0015a] in <1eb9db207454431c84a47bcd81e79c37>:0 
  at System.Collections.Generic.Dictionary`2[TKey,TValue].Add (TKey key, TValue value) [0x00000] in <1eb9db207454431c84a47bcd81e79c37>:0 
  at System.Linq.Enumerable.ToDictionary[TSource,TKey] (TSource[] source, System.Func`2[T,TResult] keySelector, System.Collections.Generic.IEqualityComparer`1[T] comparer) [0x0001c] in <6faa6124236442759eb396cfbfdad508>:0 
  at System.Linq.Enumerable.ToDictionary[TSource,TKey] (System.Collections.Generic.IEnumerable`1[T] source, System.Func`2[T,TResult] keySelector, System.Collections.Generic.IEqualityComparer`1[T] comparer) [0x00043] in <6faa6124236442759eb396cfbfdad508>:0 
  at System.Linq.Enumerable.ToDictionary[TSource,TKey] (System.Collections.Generic.IEnumerable`1[T] source, System.Func`2[T,TResult] keySelector) [0x00000] in <6faa6124236442759eb396cfbfdad508>:0 
  at UnityEditor.Scripting.ScriptCompilation.LoadingAssemblyDefinition.SetAllCustomScriptAssemblyReferenceJsonsContents (System.String[] paths, System.String[] contents) [0x00172] in <d9024bdc2a414b3c81b047ea3e343594>:0 
UnityEngine.DebugLogHandler:Internal_LogException_Injected(Exception, IntPtr)
UnityEngine.DebugLogHandler:Internal_LogException(Exception, Object)
UnityEngine.DebugLogHandler:LogException(Exception, Object)
UnityEngine.Logger:LogException(Exception, Object)
UnityEngine.Debug:LogException(Exception)
UnityEditor.Scripting.ScriptCompilation.EditorCompilationInterface:LogException(Exception)
UnityEditor.Scripting.ScriptCompilation.EditorCompilationInterface:EmitExceptionsAsErrors(IEnumerable`1)
UnityEditor.Scripting.ScriptCompilation.EditorCompilationInterface:SetAllCustomScriptAssemblyReferenceJsons(String[], String[])

ArgumentException: An item with the same key has already been added. Key: 7ff3712c342c8c2449b71ffa53e54e35
  at System.Collections.Generic.Dictionary`2[TKey,TValue].TryInsert (TKey key, TValue value, System.Collections.Generic.InsertionBehavior behavior) [0x0015a] in <1eb9db207454431c84a47bcd81e79c37>:0 
  at System.Collections.Generic.Dictionary`2[TKey,TValue].Add (TKey key, TValue value) [0x00000] in <1eb9db207454431c84a47bcd81e79c37>:0 
  at System.Linq.Enumerable.ToDictionary[TSource,TKey] (TSource[] source, System.Func`2[T,TResult] keySelector, System.Collections.Generic.IEqualityComparer`1[T] comparer) [0x0001c] in <6faa6124236442759eb396cfbfdad508>:0 
  at System.Linq.Enumerable.ToDictionary[TSource,TKey] (System.Collections.Generic.IEnumerable`1[T] source, System.Func`2[T,TResult] keySelector, System.Collections.Generic.IEqualityComparer`1[T] comparer) [0x00043] in <6faa6124236442759eb396cfbfdad508>:0 
  at System.Linq.Enumerable.ToDictionary[TSource,TKey] (System.Collections.Generic.IEnumerable`1[T] source, System.Func`2[T,TResult] keySelector) [0x00000] in <6faa6124236442759eb396cfbfdad508>:0 
  at UnityEditor.Scripting.ScriptCompilation.LoadingAssemblyDefinition.SetAllCustomScriptAssemblyReferenceJsonsContents (System.String[] paths, System.String[] contents) [0x00172] in <d9024bdc2a414b3c81b047ea3e343594>:0 
UnityEngine.DebugLogHandler:Internal_LogException_Injected(Exception, IntPtr)
UnityEngine.DebugLogHandler:Internal_LogException(Exception, Object)
UnityEngine.DebugLogHandler:LogException(Exception, Object)
UnityEngine.Logger:LogException(Exception, Object)
UnityEngine.Debug:LogException(Exception)
UnityEditor.Scripting.ScriptCompilation.EditorCompilationInterface:LogException(Exception)
UnityEditor.Scripting.ScriptCompilation.EditorCompilationInterface:EmitExceptionsAsErrors(IEnumerable`1)
UnityEditor.Scripting.ScriptCompilation.EditorCompilationInterface:SetAllCustomScriptAssemblyReferenceJsons(String[], String[])

ArgumentException: An item with the same key has already been added. Key: 7ff3712c342c8c2449b71ffa53e54e35
  at System.Collections.Generic.Dictionary`2[TKey,TValue].TryInsert (TKey key, TValue value, System.Collections.Generic.InsertionBehavior behavior) [0x0015a] in <1eb9db207454431c84a47bcd81e79c37>:0 
  at System.Collections.Generic.Dictionary`2[TKey,TValue].Add (TKey key, TValue value) [0x00000] in <1eb9db207454431c84a47bcd81e79c37>:0 
  at System.Linq.Enumerable.ToDictionary[TSource,TKey] (TSource[] source, System.Func`2[T,TResult] keySelector, System.Collections.Generic.IEqualityComparer`1[T] comparer) [0x0001c] in <6faa6124236442759eb396cfbfdad508>:0 
  at System.Linq.Enumerable.ToDictionary[TSource,TKey] (System.Collections.Generic.IEnumerable`1[T] source, System.Func`2[T,TResult] keySelector, System.Collections.Generic.IEqualityComparer`1[T] comparer) [0x00043] in <6faa6124236442759eb396cfbfdad508>:0 
  at System.Linq.Enumerable.ToDictionary[TSource,TKey] (System.Collections.Generic.IEnumerable`1[T] source, System.Func`2[T,TResult] keySelector) [0x00000] in <6faa6124236442759eb396cfbfdad508>:0 
  at UnityEditor.Scripting.ScriptCompilation.LoadingAssemblyDefinition.SetAllCustomScriptAssemblyReferenceJsonsContents (System.String[] paths, System.String[] contents) [0x00172] in <d9024bdc2a414b3c81b047ea3e343594>:0 
UnityEngine.DebugLogHandler:Internal_LogException_Injected(Exception, IntPtr)
UnityEngine.DebugLogHandler:Internal_LogException(Exception, Object)
UnityEngine.DebugLogHandler:LogException(Exception, Object)
UnityEngine.Logger:LogException(Exception, Object)
UnityEngine.Debug:LogException(Exception)
UnityEditor.Scripting.ScriptCompilation.EditorCompilationInterface:LogException(Exception)
UnityEditor.Scripting.ScriptCompilation.EditorCompilationInterface:EmitExceptionsAsErrors(IEnumerable`1)
UnityEditor.Scripting.ScriptCompilation.EditorCompilationInterface:SetAllCustomScriptAssemblyReferenceJsons(String[], String[])

ArgumentException: An item with the same key has already been added. Key: 7ff3712c342c8c2449b71ffa53e54e35
  at System.Collections.Generic.Dictionary`2[TKey,TValue].TryInsert (TKey key, TValue value, System.Collections.Generic.InsertionBehavior behavior) [0x0015a] in <1eb9db207454431c84a47bcd81e79c37>:0 
  at System.Collections.Generic.Dictionary`2[TKey,TValue].Add (TKey key, TValue value) [0x00000] in <1eb9db207454431c84a47bcd81e79c37>:0 
  at System.Linq.Enumerable.ToDictionary[TSource,TKey,TElement] (TSource[] source, System.Func`2[T,TResult] keySelector, System.Func`2[T,TResult] elementSelector, System.Collections.Generic.IEqualityComparer`1[T] comparer) [0x00029] in <6faa6124236442759eb396cfbfdad508>:0 
  at System.Linq.Enumerable.ToDictionary[TSource,TKey,TElement] (System.Collections.Generic.IEnumerable`1[T] source, System.Func`2[T,TResult] keySelector, System.Func`2[T,TResult] elementSelector, System.Collections.Generic.IEqualityComparer`1[T] comparer) [0x00051] in <6faa6124236442759eb396cfbfdad508>:0 
  at System.Linq.Enumerable.ToDictionary[TSource,TKey,TElement] (System.Collections.Generic.IEnumerable`1[T] source, System.Func`2[T,TResult] keySelector, System.Func`2[T,TResult] elementSelector) [0x00000] in <6faa6124236442759eb396cfbfdad508>:0 
  at UnityEditor.Scripting.ScriptCompilation.AssemblyGraphBuilder.Initialize (System.Collections.Generic.IReadOnlyCollection`1[T] assemblies, System.Collections.Generic.IReadOnlyCollection`1[T] customScriptAssemblyReferences) [0x00046] in <d9024bdc2a414b3c81b047ea3e343594>:0 
  at UnityEditor.Scripting.ScriptCompilation.AssemblyGraphBuilderFactory.GetOrCreate (System.String projectPath, System.Collections.Generic.IReadOnlyCollection`1[T] assemblies, System.Collections.Generic.IReadOnlyCollection`1[T] customScriptAssemblyReferences) [0x00038] in <d9024bdc2a414b3c81b047ea3e343594>:0 
  at UnityEditor.Scripting.ScriptCompilation.EditorCompilation.GetAssemblyGraphBuilder () [0x00027] in <d9024bdc2a414b3c81b047ea3e343594>:0 
  at UnityEditor.Scripting.ScriptCompilation.EditorCompilation.SetAllScripts (System.String[] allScripts) [0x0000d] in <d9024bdc2a414b3c81b047ea3e343594>:0 
  at UnityEditor.Scripting.ScriptCompilation.EditorCompilationInterface.SetAllScripts (System.String[] allScripts) [0x00006] in <d9024bdc2a414b3c81b047ea3e343594>:0 

ArgumentException: An item with the same key has already been added. Key: 7ff3712c342c8c2449b71ffa53e54e35
  at System.Collections.Generic.Dictionary`2[TKey,TValue].TryInsert (TKey key, TValue value, System.Collections.Generic.InsertionBehavior behavior) [0x0015a] in <1eb9db207454431c84a47bcd81e79c37>:0 
  at System.Collections.Generic.Dictionary`2[TKey,TValue].Add (TKey key, TValue value) [0x00000] in <1eb9db207454431c84a47bcd81e79c37>:0 
  at System.Linq.Enumerable.ToDictionary[TSource,TKey] (TSource[] source, System.Func`2[T,TResult] keySelector, System.Collections.Generic.IEqualityComparer`1[T] comparer) [0x0001c] in <6faa6124236442759eb396cfbfdad508>:0 
  at System.Linq.Enumerable.ToDictionary[TSource,TKey] (System.Collections.Generic.IEnumerable`1[T] source, System.Func`2[T,TResult] keySelector, System.Collections.Generic.IEqualityComparer`1[T] comparer) [0x00043] in <6faa6124236442759eb396cfbfdad508>:0 
  at System.Linq.Enumerable.ToDictionary[TSource,TKey] (System.Collections.Generic.IEnumerable`1[T] source, System.Func`2[T,TResult] keySelector) [0x00000] in <6faa6124236442759eb396cfbfdad508>:0 
  at UnityEditor.Scripting.ScriptCompilation.LoadingAssemblyDefinition.SetAllCustomScriptAssemblyReferenceJsonsContents (System.String[] paths, System.String[] contents) [0x00172] in <d9024bdc2a414b3c81b047ea3e343594>:0 
UnityEngine.DebugLogHandler:Internal_LogException_Injected(Exception, IntPtr)
UnityEngine.DebugLogHandler:Internal_LogException(Exception, Object)
UnityEngine.DebugLogHandler:LogException(Exception, Object)
UnityEngine.Logger:LogException(Exception, Object)
UnityEngine.Debug:LogException(Exception)
UnityEditor.Scripting.ScriptCompilation.EditorCompilationInterface:LogException(Exception)
UnityEditor.Scripting.ScriptCompilation.EditorCompilationInterface:EmitExceptionsAsErrors(IEnumerable`1)
UnityEditor.Scripting.ScriptCompilation.EditorCompilationInterface:SetAllCustomScriptAssemblyReferenceJsons(String[], String[])

ArgumentException: An item with the same key has already been added. Key: 7ff3712c342c8c2449b71ffa53e54e35
  at System.Collections.Generic.Dictionary`2[TKey,TValue].TryInsert (TKey key, TValue value, System.Collections.Generic.InsertionBehavior behavior) [0x0015a] in <1eb9db207454431c84a47bcd81e79c37>:0 
  at System.Collections.Generic.Dictionary`2[TKey,TValue].Add (TKey key, TValue value) [0x00000] in <1eb9db207454431c84a47bcd81e79c37>:0 
  at System.Linq.Enumerable.ToDictionary[TSource,TKey] (TSource[] source, System.Func`2[T,TResult] keySelector, System.Collections.Generic.IEqualityComparer`1[T] comparer) [0x0001c] in <6faa6124236442759eb396cfbfdad508>:0 
  at System.Linq.Enumerable.ToDictionary[TSource,TKey] (System.Collections.Generic.IEnumerable`1[T] source, System.Func`2[T,TResult] keySelector, System.Collections.Generic.IEqualityComparer`1[T] comparer) [0x00043] in <6faa6124236442759eb396cfbfdad508>:0 
  at System.Linq.Enumerable.ToDictionary[TSource,TKey] (System.Collections.Generic.IEnumerable`1[T] source, System.Func`2[T,TResult] keySelector) [0x00000] in <6faa6124236442759eb396cfbfdad508>:0 
  at UnityEditor.Scripting.ScriptCompilation.LoadingAssemblyDefinition.SetAllCustomScriptAssemblyReferenceJsonsContents (System.String[] paths, System.String[] contents) [0x00172] in <d9024bdc2a414b3c81b047ea3e343594>:0 
UnityEngine.DebugLogHandler:Internal_LogException_Injected(Exception, IntPtr)
UnityEngine.DebugLogHandler:Internal_LogException(Exception, Object)
UnityEngine.DebugLogHandler:LogException(Exception, Object)
UnityEngine.Logger:LogException(Exception, Object)
UnityEngine.Debug:LogException(Exception)
UnityEditor.Scripting.ScriptCompilation.EditorCompilationInterface:LogException(Exception)
UnityEditor.Scripting.ScriptCompilation.EditorCompilationInterface:EmitExceptionsAsErrors(IEnumerable`1)
UnityEditor.Scripting.ScriptCompilation.EditorCompilationInterface:SetAllCustomScriptAssemblyReferenceJsons(String[], String[])

ArgumentException: An item with the same key has already been added. Key: 7ff3712c342c8c2449b71ffa53e54e35
  at System.Collections.Generic.Dictionary`2[TKey,TValue].TryInsert (TKey key, TValue value, System.Collections.Generic.InsertionBehavior behavior) [0x0015a] in <1eb9db207454431c84a47bcd81e79c37>:0 
  at System.Collections.Generic.Dictionary`2[TKey,TValue].Add (TKey key, TValue value) [0x00000] in <1eb9db207454431c84a47bcd81e79c37>:0 
  at System.Linq.Enumerable.ToDictionary[TSource,TKey] (TSource[] source, System.Func`2[T,TResult] keySelector, System.Collections.Generic.IEqualityComparer`1[T] comparer) [0x0001c] in <6faa6124236442759eb396cfbfdad508>:0 
  at System.Linq.Enumerable.ToDictionary[TSource,TKey] (System.Collections.Generic.IEnumerable`1[T] source, System.Func`2[T,TResult] keySelector, System.Collections.Generic.IEqualityComparer`1[T] comparer) [0x00043] in <6faa6124236442759eb396cfbfdad508>:0 
  at System.Linq.Enumerable.ToDictionary[TSource,TKey] (System.Collections.Generic.IEnumerable`1[T] source, System.Func`2[T,TResult] keySelector) [0x00000] in <6faa6124236442759eb396cfbfdad508>:0 
  at UnityEditor.Scripting.ScriptCompilation.LoadingAssemblyDefinition.SetAllCustomScriptAssemblyReferenceJsonsContents (System.String[] paths, System.String[] contents) [0x00172] in <d9024bdc2a414b3c81b047ea3e343594>:0 
UnityEngine.DebugLogHandler:Internal_LogException_Injected(Exception, IntPtr)
UnityEngine.DebugLogHandler:Internal_LogException(Exception, Object)
UnityEngine.DebugLogHandler:LogException(Exception, Object)
UnityEngine.Logger:LogException(Exception, Object)
UnityEngine.Debug:LogException(Exception)
UnityEditor.Scripting.ScriptCompilation.EditorCompilationInterface:LogException(Exception)
UnityEditor.Scripting.ScriptCompilation.EditorCompilationInterface:EmitExceptionsAsErrors(IEnumerable`1)
UnityEditor.Scripting.ScriptCompilation.EditorCompilationInterface:SetAllCustomScriptAssemblyReferenceJsons(String[], String[])

ArgumentException: An item with the same key has already been added. Key: 7ff3712c342c8c2449b71ffa53e54e35
  at System.Collections.Generic.Dictionary`2[TKey,TValue].TryInsert (TKey key, TValue value, System.Collections.Generic.InsertionBehavior behavior) [0x0015a] in <1eb9db207454431c84a47bcd81e79c37>:0 
  at System.Collections.Generic.Dictionary`2[TKey,TValue].Add (TKey key, TValue value) [0x00000] in <1eb9db207454431c84a47bcd81e79c37>:0 
  at System.Linq.Enumerable.ToDictionary[TSource,TKey] (TSource[] source, System.Func`2[T,TResult] keySelector, System.Collections.Generic.IEqualityComparer`1[T] comparer) [0x0001c] in <6faa6124236442759eb396cfbfdad508>:0 
  at System.Linq.Enumerable.ToDictionary[TSource,TKey] (System.Collections.Generic.IEnumerable`1[T] source, System.Func`2[T,TResult] keySelector, System.Collections.Generic.IEqualityComparer`1[T] comparer) [0x00043] in <6faa6124236442759eb396cfbfdad508>:0 
  at System.Linq.Enumerable.ToDictionary[TSource,TKey] (System.Collections.Generic.IEnumerable`1[T] source, System.Func`2[T,TResult] keySelector) [0x00000] in <6faa6124236442759eb396cfbfdad508>:0 
  at UnityEditor.Scripting.ScriptCompilation.LoadingAssemblyDefinition.SetAllCustomScriptAssemblyReferenceJsonsContents (System.String[] paths, System.String[] contents) [0x00172] in <d9024bdc2a414b3c81b047ea3e343594>:0 
UnityEngine.DebugLogHandler:Internal_LogException_Injected(Exception, IntPtr)
UnityEngine.DebugLogHandler:Internal_LogException(Exception, Object)
UnityEngine.DebugLogHandler:LogException(Exception, Object)
UnityEngine.Logger:LogException(Exception, Object)
UnityEngine.Debug:LogException(Exception)
UnityEditor.Scripting.ScriptCompilation.EditorCompilationInterface:LogException(Exception)
UnityEditor.Scripting.ScriptCompilation.EditorCompilationInterface:EmitExceptionsAsErrors(IEnumerable`1)
UnityEditor.Scripting.ScriptCompilation.EditorCompilationInterface:SetAllCustomScriptAssemblyReferenceJsons(String[], String[])

ArgumentException: An item with the same key has already been added. Key: 7ff3712c342c8c2449b71ffa53e54e35
  at System.Collections.Generic.Dictionary`2[TKey,TValue].TryInsert (TKey key, TValue value, System.Collections.Generic.InsertionBehavior behavior) [0x0015a] in <1eb9db207454431c84a47bcd81e79c37>:0 
  at System.Collections.Generic.Dictionary`2[TKey,TValue].Add (TKey key, TValue value) [0x00000] in <1eb9db207454431c84a47bcd81e79c37>:0 
  at System.Linq.Enumerable.ToDictionary[TSource,TKey] (TSource[] source, System.Func`2[T,TResult] keySelector, System.Collections.Generic.IEqualityComparer`1[T] comparer) [0x0001c] in <6faa6124236442759eb396cfbfdad508>:0 
  at System.Linq.Enumerable.ToDictionary[TSource,TKey] (System.Collections.Generic.IEnumerable`1[T] source, System.Func`2[T,TResult] keySelector, System.Collections.Generic.IEqualityComparer`1[T] comparer) [0x00043] in <6faa6124236442759eb396cfbfdad508>:0 
  at System.Linq.Enumerable.ToDictionary[TSource,TKey] (System.Collections.Generic.IEnumerable`1[T] source, System.Func`2[T,TResult] keySelector) [0x00000] in <6faa6124236442759eb396cfbfdad508>:0 
  at UnityEditor.Scripting.ScriptCompilation.LoadingAssemblyDefinition.SetAllCustomScriptAssemblyReferenceJsonsContents (System.String[] paths, System.String[] contents) [0x00172] in <d9024bdc2a414b3c81b047ea3e343594>:0 
UnityEngine.DebugLogHandler:Internal_LogException_Injected(Exception, IntPtr)
UnityEngine.DebugLogHandler:Internal_LogException(Exception, Object)
UnityEngine.DebugLogHandler:LogException(Exception, Object)
UnityEngine.Logger:LogException(Exception, Object)
UnityEngine.Debug:LogException(Exception)
UnityEditor.Scripting.ScriptCompilation.EditorCompilationInterface:LogException(Exception)
UnityEditor.Scripting.ScriptCompilation.EditorCompilationInterface:EmitExceptionsAsErrors(IEnumerable`1)
UnityEditor.Scripting.ScriptCompilation.EditorCompilationInterface:SetAllCustomScriptAssemblyReferenceJsons(String[], String[])

ArgumentException: An item with the same key has already been added. Key: 7ff3712c342c8c2449b71ffa53e54e35
  at System.Collections.Generic.Dictionary`2[TKey,TValue].TryInsert (TKey key, TValue value, System.Collections.Generic.InsertionBehavior behavior) [0x0015a] in <1eb9db207454431c84a47bcd81e79c37>:0 
  at System.Collections.Generic.Dictionary`2[TKey,TValue].Add (TKey key, TValue value) [0x00000] in <1eb9db207454431c84a47bcd81e79c37>:0 
  at System.Linq.Enumerable.ToDictionary[TSource,TKey] (TSource[] source, System.Func`2[T,TResult] keySelector, System.Collections.Generic.IEqualityComparer`1[T] comparer) [0x0001c] in <6faa6124236442759eb396cfbfdad508>:0 
  at System.Linq.Enumerable.ToDictionary[TSource,TKey] (System.Collections.Generic.IEnumerable`1[T] source, System.Func`2[T,TResult] keySelector, System.Collections.Generic.IEqualityComparer`1[T] comparer) [0x00043] in <6faa6124236442759eb396cfbfdad508>:0 
  at System.Linq.Enumerable.ToDictionary[TSource,TKey] (System.Collections.Generic.IEnumerable`1[T] source, System.Func`2[T,TResult] keySelector) [0x00000] in <6faa6124236442759eb396cfbfdad508>:0 
  at UnityEditor.Scripting.ScriptCompilation.LoadingAssemblyDefinition.SetAllCustomScriptAssemblyReferenceJsonsContents (System.String[] paths, System.String[] contents) [0x00172] in <d9024bdc2a414b3c81b047ea3e343594>:0 
UnityEngine.DebugLogHandler:Internal_LogException_Injected(Exception, IntPtr)
UnityEngine.DebugLogHandler:Internal_LogException(Exception, Object)
UnityEngine.DebugLogHandler:LogException(Exception, Object)
UnityEngine.Logger:LogException(Exception, Object)
UnityEngine.Debug:LogException(Exception)
UnityEditor.Scripting.ScriptCompilation.EditorCompilationInterface:LogException(Exception)
UnityEditor.Scripting.ScriptCompilation.EditorCompilationInterface:EmitExceptionsAsErrors(IEnumerable`1)
UnityEditor.Scripting.ScriptCompilation.EditorCompilationInterface:SetAllCustomScriptAssemblyReferenceJsons(String[], String[])

ArgumentException: An item with the same key has already been added. Key: 7ff3712c342c8c2449b71ffa53e54e35
  at System.Collections.Generic.Dictionary`2[TKey,TValue].TryInsert (TKey key, TValue value, System.Collections.Generic.InsertionBehavior behavior) [0x0015a] in <1eb9db207454431c84a47bcd81e79c37>:0 
  at System.Collections.Generic.Dictionary`2[TKey,TValue].Add (TKey key, TValue value) [0x00000] in <1eb9db207454431c84a47bcd81e79c37>:0 
  at System.Linq.Enumerable.ToDictionary[TSource,TKey] (TSource[] source, System.Func`2[T,TResult] keySelector, System.Collections.Generic.IEqualityComparer`1[T] comparer) [0x0001c] in <6faa6124236442759eb396cfbfdad508>:0 
  at System.Linq.Enumerable.ToDictionary[TSource,TKey] (System.Collections.Generic.IEnumerable`1[T] source, System.Func`2[T,TResult] keySelector, System.Collections.Generic.IEqualityComparer`1[T] comparer) [0x00043] in <6faa6124236442759eb396cfbfdad508>:0 
  at System.Linq.Enumerable.ToDictionary[TSource,TKey] (System.Collections.Generic.IEnumerable`1[T] source, System.Func`2[T,TResult] keySelector) [0x00000] in <6faa6124236442759eb396cfbfdad508>:0 
  at UnityEditor.Scripting.ScriptCompilation.LoadingAssemblyDefinition.SetAllCustomScriptAssemblyReferenceJsonsContents (System.String[] paths, System.String[] contents) [0x00172] in <d9024bdc2a414b3c81b047ea3e343594>:0 
UnityEngine.DebugLogHandler:Internal_LogException_Injected(Exception, IntPtr)
UnityEngine.DebugLogHandler:Internal_LogException(Exception, Object)
UnityEngine.DebugLogHandler:LogException(Exception, Object)
UnityEngine.Logger:LogException(Exception, Object)
UnityEngine.Debug:LogException(Exception)
UnityEditor.Scripting.ScriptCompilation.EditorCompilationInterface:LogException(Exception)
UnityEditor.Scripting.ScriptCompilation.EditorCompilationInterface:EmitExceptionsAsErrors(IEnumerable`1)
UnityEditor.Scripting.ScriptCompilation.EditorCompilationInterface:SetAllCustomScriptAssemblyReferenceJsons(String[], String[])

ArgumentException: An item with the same key has already been added. Key: 7ff3712c342c8c2449b71ffa53e54e35
  at System.Collections.Generic.Dictionary`2[TKey,TValue].TryInsert (TKey key, TValue value, System.Collections.Generic.InsertionBehavior behavior) [0x0015a] in <1eb9db207454431c84a47bcd81e79c37>:0 
  at System.Collections.Generic.Dictionary`2[TKey,TValue].Add (TKey key, TValue value) [0x00000] in <1eb9db207454431c84a47bcd81e79c37>:0 
  at System.Linq.Enumerable.ToDictionary[TSource,TKey,TElement] (TSource[] source, System.Func`2[T,TResult] keySelector, System.Func`2[T,TResult] elementSelector, System.Collections.Generic.IEqualityComparer`1[T] comparer) [0x00029] in <6faa6124236442759eb396cfbfdad508>:0 
  at System.Linq.Enumerable.ToDictionary[TSource,TKey,TElement] (System.Collections.Generic.IEnumerable`1[T] source, System.Func`2[T,TResult] keySelector, System.Func`2[T,TResult] elementSelector, System.Collections.Generic.IEqualityComparer`1[T] comparer) [0x00051] in <6faa6124236442759eb396cfbfdad508>:0 
  at System.Linq.Enumerable.ToDictionary[TSource,TKey,TElement] (System.Collections.Generic.IEnumerable`1[T] source, System.Func`2[T,TResult] keySelector, System.Func`2[T,TResult] elementSelector) [0x00000] in <6faa6124236442759eb396cfbfdad508>:0 
  at UnityEditor.Scripting.ScriptCompilation.AssemblyGraphBuilder.Initialize (System.Collections.Generic.IReadOnlyCollection`1[T] assemblies, System.Collections.Generic.IReadOnlyCollection`1[T] customScriptAssemblyReferences) [0x00046] in <d9024bdc2a414b3c81b047ea3e343594>:0 
  at UnityEditor.Scripting.ScriptCompilation.AssemblyGraphBuilderFactory.GetOrCreate (System.String projectPath, System.Collections.Generic.IReadOnlyCollection`1[T] assemblies, System.Collections.Generic.IReadOnlyCollection`1[T] customScriptAssemblyReferences) [0x00038] in <d9024bdc2a414b3c81b047ea3e343594>:0 
  at UnityEditor.Scripting.ScriptCompilation.EditorCompilation.GetAssemblyGraphBuilder () [0x00027] in <d9024bdc2a414b3c81b047ea3e343594>:0 
  at UnityEditor.Scripting.ScriptCompilation.EditorCompilation.SetAllScripts (System.String[] allScripts) [0x0000d] in <d9024bdc2a414b3c81b047ea3e343594>:0 
  at UnityEditor.Scripting.ScriptCompilation.EditorCompilationInterface.SetAllScripts (System.String[] allScripts) [0x00006] in <d9024bdc2a414b3c81b047ea3e343594>:0 

Begin MonoManager ReloadAssembly
[Licensing::Client] Successfully resolved entitlement details
DirectoryNotFoundException: Could not find a part of the path "C:\Users\Nasho's Laptop\BaroodProject\Packages\com.unity.dt.app-ui\Runtime\MVVM\SourceGenerators\netstandard2.0\MVVMSourceGenerators.dll".
  at System.IO.FileStream..ctor (System.String path, System.IO.FileMode mode, System.IO.FileAccess access, System.IO.FileShare share, System.Int32 bufferSize, System.Boolean anonymous, System.IO.FileOptions options) [0x00164] in <1eb9db207454431c84a47bcd81e79c37>:0 
  at System.IO.FileStream..ctor (System.String path, System.IO.FileMode mode, System.IO.FileAccess access, System.IO.FileShare share) [0x00000] in <1eb9db207454431c84a47bcd81e79c37>:0 
  at (wrapper remoting-invoke-with-check) System.IO.FileStream..ctor(string,System.IO.FileMode,System.IO.FileAccess,System.IO.FileShare)
  at Mono.Cecil.ModuleDefinition.GetFileStream (System.String fileName, System.IO.FileMode mode, System.IO.FileAccess access, System.IO.FileShare share) [0x00006] in <4e339395f8074c75847e518298d9c5fd>:0 
  at Mono.Cecil.ModuleDefinition.ReadModule (System.String fileName, Mono.Cecil.ReaderParameters parameters) [0x00008] in <4e339395f8074c75847e518298d9c5fd>:0 
  at Mono.Cecil.AssemblyDefinition.ReadAssembly (System.String fileName, Mono.Cecil.ReaderParameters parameters) [0x00000] in <4e339395f8074c75847e518298d9c5fd>:0 
  at UnityEditor.AssemblyValidation.ValidateRoslynAnalyzers (System.String[] analyzerPaths) [0x00025] in <d9024bdc2a414b3c81b047ea3e343594>:0 

Symbol file LoadedFromMemory is not a mono symbol file
- Loaded All Assemblies, in  1.499 seconds
ArgumentException: An item with the same key has already been added. Key: 7ff3712c342c8c2449b71ffa53e54e35
  at System.Collections.Generic.Dictionary`2[TKey,TValue].TryInsert (TKey key, TValue value, System.Collections.Generic.InsertionBehavior behavior) [0x0015a] in <1eb9db207454431c84a47bcd81e79c37>:0 
  at System.Collections.Generic.Dictionary`2[TKey,TValue].Add (TKey key, TValue value) [0x00000] in <1eb9db207454431c84a47bcd81e79c37>:0 
  at System.Linq.Enumerable.ToDictionary[TSource,TKey] (TSource[] source, System.Func`2[T,TResult] keySelector, System.Collections.Generic.IEqualityComparer`1[T] comparer) [0x0001c] in <6faa6124236442759eb396cfbfdad508>:0 
  at System.Linq.Enumerable.ToDictionary[TSource,TKey] (System.Collections.Generic.IEnumerable`1[T] source, System.Func`2[T,TResult] keySelector, System.Collections.Generic.IEqualityComparer`1[T] comparer) [0x00043] in <6faa6124236442759eb396cfbfdad508>:0 
  at System.Linq.Enumerable.ToDictionary[TSource,TKey] (System.Collections.Generic.IEnumerable`1[T] source, System.Func`2[T,TResult] keySelector) [0x00000] in <6faa6124236442759eb396cfbfdad508>:0 
  at UnityEditor.Scripting.ScriptCompilation.LoadingAssemblyDefinition.SetAllCustomScriptAssemblyReferenceJsonsContents (System.String[] paths, System.String[] contents) [0x00172] in <d9024bdc2a414b3c81b047ea3e343594>:0 
UnityEngine.DebugLogHandler:Internal_LogException_Injected(Exception, IntPtr)
UnityEngine.DebugLogHandler:Internal_LogException(Exception, Object)
UnityEngine.DebugLogHandler:LogException(Exception, Object)
UnityEngine.Logger:LogException(Exception, Object)
UnityEngine.Debug:LogException(Exception)
UnityEditor.Scripting.ScriptCompilation.EditorCompilationInterface:LogException(Exception)
UnityEditor.Scripting.ScriptCompilation.EditorCompilationInterface:EmitExceptionsAsErrors(IEnumerable`1)
UnityEditor.Scripting.ScriptCompilation.EditorCompilationInterface:SetAllCustomScriptAssemblyReferenceJsons(String[], String[])

ArgumentException: An item with the same key has already been added. Key: 7ff3712c342c8c2449b71ffa53e54e35
  at System.Collections.Generic.Dictionary`2[TKey,TValue].TryInsert (TKey key, TValue value, System.Collections.Generic.InsertionBehavior behavior) [0x0015a] in <1eb9db207454431c84a47bcd81e79c37>:0 
  at System.Collections.Generic.Dictionary`2[TKey,TValue].Add (TKey key, TValue value) [0x00000] in <1eb9db207454431c84a47bcd81e79c37>:0 
  at System.Linq.Enumerable.ToDictionary[TSource,TKey] (TSource[] source, System.Func`2[T,TResult] keySelector, System.Collections.Generic.IEqualityComparer`1[T] comparer) [0x0001c] in <6faa6124236442759eb396cfbfdad508>:0 
  at System.Linq.Enumerable.ToDictionary[TSource,TKey] (System.Collections.Generic.IEnumerable`1[T] source, System.Func`2[T,TResult] keySelector, System.Collections.Generic.IEqualityComparer`1[T] comparer) [0x00043] in <6faa6124236442759eb396cfbfdad508>:0 
  at System.Linq.Enumerable.ToDictionary[TSource,TKey] (System.Collections.Generic.IEnumerable`1[T] source, System.Func`2[T,TResult] keySelector) [0x00000] in <6faa6124236442759eb396cfbfdad508>:0 
  at UnityEditor.Scripting.ScriptCompilation.LoadingAssemblyDefinition.SetAllCustomScriptAssemblyReferenceJsonsContents (System.String[] paths, System.String[] contents) [0x00172] in <d9024bdc2a414b3c81b047ea3e343594>:0 
UnityEngine.DebugLogHandler:Internal_LogException_Injected(Exception, IntPtr)
UnityEngine.DebugLogHandler:Internal_LogException(Exception, Object)
UnityEngine.DebugLogHandler:LogException(Exception, Object)
UnityEngine.Logger:LogException(Exception, Object)
UnityEngine.Debug:LogException(Exception)
UnityEditor.Scripting.ScriptCompilation.EditorCompilationInterface:LogException(Exception)
UnityEditor.Scripting.ScriptCompilation.EditorCompilationInterface:EmitExceptionsAsErrors(IEnumerable`1)
UnityEditor.Scripting.ScriptCompilation.EditorCompilationInterface:SetAllCustomScriptAssemblyReferenceJsons(String[], String[])

ArgumentException: An item with the same key has already been added. Key: 7ff3712c342c8c2449b71ffa53e54e35
  at System.Collections.Generic.Dictionary`2[TKey,TValue].TryInsert (TKey key, TValue value, System.Collections.Generic.InsertionBehavior behavior) [0x0015a] in <1eb9db207454431c84a47bcd81e79c37>:0 
  at System.Collections.Generic.Dictionary`2[TKey,TValue].Add (TKey key, TValue value) [0x00000] in <1eb9db207454431c84a47bcd81e79c37>:0 
  at System.Linq.Enumerable.ToDictionary[TSource,TKey] (TSource[] source, System.Func`2[T,TResult] keySelector, System.Collections.Generic.IEqualityComparer`1[T] comparer) [0x0001c] in <6faa6124236442759eb396cfbfdad508>:0 
  at System.Linq.Enumerable.ToDictionary[TSource,TKey] (System.Collections.Generic.IEnumerable`1[T] source, System.Func`2[T,TResult] keySelector, System.Collections.Generic.IEqualityComparer`1[T] comparer) [0x00043] in <6faa6124236442759eb396cfbfdad508>:0 
  at System.Linq.Enumerable.ToDictionary[TSource,TKey] (System.Collections.Generic.IEnumerable`1[T] source, System.Func`2[T,TResult] keySelector) [0x00000] in <6faa6124236442759eb396cfbfdad508>:0 
  at UnityEditor.Scripting.ScriptCompilation.LoadingAssemblyDefinition.SetAllCustomScriptAssemblyReferenceJsonsContents (System.String[] paths, System.String[] contents) [0x00172] in <d9024bdc2a414b3c81b047ea3e343594>:0 
UnityEngine.DebugLogHandler:Internal_LogException_Injected(Exception, IntPtr)
UnityEngine.DebugLogHandler:Internal_LogException(Exception, Object)
UnityEngine.DebugLogHandler:LogException(Exception, Object)
UnityEngine.Logger:LogException(Exception, Object)
UnityEngine.Debug:LogException(Exception)
UnityEditor.Scripting.ScriptCompilation.EditorCompilationInterface:LogException(Exception)
UnityEditor.Scripting.ScriptCompilation.EditorCompilationInterface:EmitExceptionsAsErrors(IEnumerable`1)
UnityEditor.Scripting.ScriptCompilation.EditorCompilationInterface:SetAllCustomScriptAssemblyReferenceJsons(String[], String[])

ArgumentException: An item with the same key has already been added. Key: 7ff3712c342c8c2449b71ffa53e54e35
  at System.Collections.Generic.Dictionary`2[TKey,TValue].TryInsert (TKey key, TValue value, System.Collections.Generic.InsertionBehavior behavior) [0x0015a] in <1eb9db207454431c84a47bcd81e79c37>:0 
  at System.Collections.Generic.Dictionary`2[TKey,TValue].Add (TKey key, TValue value) [0x00000] in <1eb9db207454431c84a47bcd81e79c37>:0 
  at System.Linq.Enumerable.ToDictionary[TSource,TKey] (TSource[] source, System.Func`2[T,TResult] keySelector, System.Collections.Generic.IEqualityComparer`1[T] comparer) [0x0001c] in <6faa6124236442759eb396cfbfdad508>:0 
  at System.Linq.Enumerable.ToDictionary[TSource,TKey] (System.Collections.Generic.IEnumerable`1[T] source, System.Func`2[T,TResult] keySelector, System.Collections.Generic.IEqualityComparer`1[T] comparer) [0x00043] in <6faa6124236442759eb396cfbfdad508>:0 
  at System.Linq.Enumerable.ToDictionary[TSource,TKey] (System.Collections.Generic.IEnumerable`1[T] source, System.Func`2[T,TResult] keySelector) [0x00000] in <6faa6124236442759eb396cfbfdad508>:0 
  at UnityEditor.Scripting.ScriptCompilation.LoadingAssemblyDefinition.SetAllCustomScriptAssemblyReferenceJsonsContents (System.String[] paths, System.String[] contents) [0x00172] in <d9024bdc2a414b3c81b047ea3e343594>:0 
UnityEngine.DebugLogHandler:Internal_LogException_Injected(Exception, IntPtr)
UnityEngine.DebugLogHandler:Internal_LogException(Exception, Object)
UnityEngine.DebugLogHandler:LogException(Exception, Object)
UnityEngine.Logger:LogException(Exception, Object)
UnityEngine.Debug:LogException(Exception)
UnityEditor.Scripting.ScriptCompilation.EditorCompilationInterface:LogException(Exception)
UnityEditor.Scripting.ScriptCompilation.EditorCompilationInterface:EmitExceptionsAsErrors(IEnumerable`1)
UnityEditor.Scripting.ScriptCompilation.EditorCompilationInterface:SetAllCustomScriptAssemblyReferenceJsons(String[], String[])

ArgumentException: An item with the same key has already been added. Key: 7ff3712c342c8c2449b71ffa53e54e35
  at System.Collections.Generic.Dictionary`2[TKey,TValue].TryInsert (TKey key, TValue value, System.Collections.Generic.InsertionBehavior behavior) [0x0015a] in <1eb9db207454431c84a47bcd81e79c37>:0 
  at System.Collections.Generic.Dictionary`2[TKey,TValue].Add (TKey key, TValue value) [0x00000] in <1eb9db207454431c84a47bcd81e79c37>:0 
  at System.Linq.Enumerable.ToDictionary[TSource,TKey] (TSource[] source, System.Func`2[T,TResult] keySelector, System.Collections.Generic.IEqualityComparer`1[T] comparer) [0x0001c] in <6faa6124236442759eb396cfbfdad508>:0 
  at System.Linq.Enumerable.ToDictionary[TSource,TKey] (System.Collections.Generic.IEnumerable`1[T] source, System.Func`2[T,TResult] keySelector, System.Collections.Generic.IEqualityComparer`1[T] comparer) [0x00043] in <6faa6124236442759eb396cfbfdad508>:0 
  at System.Linq.Enumerable.ToDictionary[TSource,TKey] (System.Collections.Generic.IEnumerable`1[T] source, System.Func`2[T,TResult] keySelector) [0x00000] in <6faa6124236442759eb396cfbfdad508>:0 
  at UnityEditor.Scripting.ScriptCompilation.LoadingAssemblyDefinition.SetAllCustomScriptAssemblyReferenceJsonsContents (System.String[] paths, System.String[] contents) [0x00172] in <d9024bdc2a414b3c81b047ea3e343594>:0 
UnityEngine.DebugLogHandler:Internal_LogException_Injected(Exception, IntPtr)
UnityEngine.DebugLogHandler:Internal_LogException(Exception, Object)
UnityEngine.DebugLogHandler:LogException(Exception, Object)
UnityEngine.Logger:LogException(Exception, Object)
UnityEngine.Debug:LogException(Exception)
UnityEditor.Scripting.ScriptCompilation.EditorCompilationInterface:LogException(Exception)
UnityEditor.Scripting.ScriptCompilation.EditorCompilationInterface:EmitExceptionsAsErrors(IEnumerable`1)
UnityEditor.Scripting.ScriptCompilation.EditorCompilationInterface:SetAllCustomScriptAssemblyReferenceJsons(String[], String[])

ArgumentException: An item with the same key has already been added. Key: 7ff3712c342c8c2449b71ffa53e54e35
  at System.Collections.Generic.Dictionary`2[TKey,TValue].TryInsert (TKey key, TValue value, System.Collections.Generic.InsertionBehavior behavior) [0x0015a] in <1eb9db207454431c84a47bcd81e79c37>:0 
  at System.Collections.Generic.Dictionary`2[TKey,TValue].Add (TKey key, TValue value) [0x00000] in <1eb9db207454431c84a47bcd81e79c37>:0 
  at System.Linq.Enumerable.ToDictionary[TSource,TKey] (TSource[] source, System.Func`2[T,TResult] keySelector, System.Collections.Generic.IEqualityComparer`1[T] comparer) [0x0001c] in <6faa6124236442759eb396cfbfdad508>:0 
  at System.Linq.Enumerable.ToDictionary[TSource,TKey] (System.Collections.Generic.IEnumerable`1[T] source, System.Func`2[T,TResult] keySelector, System.Collections.Generic.IEqualityComparer`1[T] comparer) [0x00043] in <6faa6124236442759eb396cfbfdad508>:0 
  at System.Linq.Enumerable.ToDictionary[TSource,TKey] (System.Collections.Generic.IEnumerable`1[T] source, System.Func`2[T,TResult] keySelector) [0x00000] in <6faa6124236442759eb396cfbfdad508>:0 
  at UnityEditor.Scripting.ScriptCompilation.LoadingAssemblyDefinition.SetAllCustomScriptAssemblyReferenceJsonsContents (System.String[] paths, System.String[] contents) [0x00172] in <d9024bdc2a414b3c81b047ea3e343594>:0 
UnityEngine.DebugLogHandler:Internal_LogException_Injected(Exception, IntPtr)
UnityEngine.DebugLogHandler:Internal_LogException(Exception, Object)
UnityEngine.DebugLogHandler:LogException(Exception, Object)
UnityEngine.Logger:LogException(Exception, Object)
UnityEngine.Debug:LogException(Exception)
UnityEditor.Scripting.ScriptCompilation.EditorCompilationInterface:LogException(Exception)
UnityEditor.Scripting.ScriptCompilation.EditorCompilationInterface:EmitExceptionsAsErrors(IEnumerable`1)
UnityEditor.Scripting.ScriptCompilation.EditorCompilationInterface:SetAllCustomScriptAssemblyReferenceJsons(String[], String[])

ArgumentException: An item with the same key has already been added. Key: 7ff3712c342c8c2449b71ffa53e54e35
  at System.Collections.Generic.Dictionary`2[TKey,TValue].TryInsert (TKey key, TValue value, System.Collections.Generic.InsertionBehavior behavior) [0x0015a] in <1eb9db207454431c84a47bcd81e79c37>:0 
  at System.Collections.Generic.Dictionary`2[TKey,TValue].Add (TKey key, TValue value) [0x00000] in <1eb9db207454431c84a47bcd81e79c37>:0 
  at System.Linq.Enumerable.ToDictionary[TSource,TKey] (TSource[] source, System.Func`2[T,TResult] keySelector, System.Collections.Generic.IEqualityComparer`1[T] comparer) [0x0001c] in <6faa6124236442759eb396cfbfdad508>:0 
  at System.Linq.Enumerable.ToDictionary[TSource,TKey] (System.Collections.Generic.IEnumerable`1[T] source, System.Func`2[T,TResult] keySelector, System.Collections.Generic.IEqualityComparer`1[T] comparer) [0x00043] in <6faa6124236442759eb396cfbfdad508>:0 
  at System.Linq.Enumerable.ToDictionary[TSource,TKey] (System.Collections.Generic.IEnumerable`1[T] source, System.Func`2[T,TResult] keySelector) [0x00000] in <6faa6124236442759eb396cfbfdad508>:0 
  at UnityEditor.Scripting.ScriptCompilation.LoadingAssemblyDefinition.SetAllCustomScriptAssemblyReferenceJsonsContents (System.String[] paths, System.String[] contents) [0x00172] in <d9024bdc2a414b3c81b047ea3e343594>:0 
UnityEngine.DebugLogHandler:Internal_LogException_Injected(Exception, IntPtr)
UnityEngine.DebugLogHandler:Internal_LogException(Exception, Object)
UnityEngine.DebugLogHandler:LogException(Exception, Object)
UnityEngine.Logger:LogException(Exception, Object)
UnityEngine.Debug:LogException(Exception)
UnityEditor.Scripting.ScriptCompilation.EditorCompilationInterface:LogException(Exception)
UnityEditor.Scripting.ScriptCompilation.EditorCompilationInterface:EmitExceptionsAsErrors(IEnumerable`1)
UnityEditor.Scripting.ScriptCompilation.EditorCompilationInterface:SetAllCustomScriptAssemblyReferenceJsons(String[], String[])

ArgumentException: An item with the same key has already been added. Key: 7ff3712c342c8c2449b71ffa53e54e35
  at System.Collections.Generic.Dictionary`2[TKey,TValue].TryInsert (TKey key, TValue value, System.Collections.Generic.InsertionBehavior behavior) [0x0015a] in <1eb9db207454431c84a47bcd81e79c37>:0 
  at System.Collections.Generic.Dictionary`2[TKey,TValue].Add (TKey key, TValue value) [0x00000] in <1eb9db207454431c84a47bcd81e79c37>:0 
  at System.Linq.Enumerable.ToDictionary[TSource,TKey,TElement] (TSource[] source, System.Func`2[T,TResult] keySelector, System.Func`2[T,TResult] elementSelector, System.Collections.Generic.IEqualityComparer`1[T] comparer) [0x00029] in <6faa6124236442759eb396cfbfdad508>:0 
  at System.Linq.Enumerable.ToDictionary[TSource,TKey,TElement] (System.Collections.Generic.IEnumerable`1[T] source, System.Func`2[T,TResult] keySelector, System.Func`2[T,TResult] elementSelector, System.Collections.Generic.IEqualityComparer`1[T] comparer) [0x00051] in <6faa6124236442759eb396cfbfdad508>:0 
  at System.Linq.Enumerable.ToDictionary[TSource,TKey,TElement] (System.Collections.Generic.IEnumerable`1[T] source, System.Func`2[T,TResult] keySelector, System.Func`2[T,TResult] elementSelector) [0x00000] in <6faa6124236442759eb396cfbfdad508>:0 
  at UnityEditor.Scripting.ScriptCompilation.AssemblyGraphBuilder.Initialize (System.Collections.Generic.IReadOnlyCollection`1[T] assemblies, System.Collections.Generic.IReadOnlyCollection`1[T] customScriptAssemblyReferences) [0x00046] in <d9024bdc2a414b3c81b047ea3e343594>:0 
  at UnityEditor.Scripting.ScriptCompilation.AssemblyGraphBuilderFactory.GetOrCreate (System.String projectPath, System.Collections.Generic.IReadOnlyCollection`1[T] assemblies, System.Collections.Generic.IReadOnlyCollection`1[T] customScriptAssemblyReferences) [0x00038] in <d9024bdc2a414b3c81b047ea3e343594>:0 
  at UnityEditor.Scripting.ScriptCompilation.EditorCompilation.GetAssemblyGraphBuilder () [0x00027] in <d9024bdc2a414b3c81b047ea3e343594>:0 
  at UnityEditor.Scripting.ScriptCompilation.EditorCompilation.SetAllScripts (System.String[] allScripts) [0x0000d] in <d9024bdc2a414b3c81b047ea3e343594>:0 
  at UnityEditor.Scripting.ScriptCompilation.EditorCompilationInterface.SetAllScripts (System.String[] allScripts) [0x00006] in <d9024bdc2a414b3c81b047ea3e343594>:0 

Refreshing native plugins compatible for Editor in 2.43 ms, found 3 plugins.
Assertion failed on expression: 'pred(*previous, *i)'
Assertion failed on expression: 'pred(*previous, *i)'
Assertion failed on expression: 'pred(*previous, *i)'
Assertion failed on expression: 'pred(*previous, *i)'
Assertion failed on expression: 'pred(*previous, *i)'
Assertion failed on expression: 'pred(*previous, *i)'
Assertion failed on expression: 'pred(*previous, *i)'
Assertion failed on expression: 'pred(*previous, *i)'
Assertion failed on expression: 'pred(*previous, *i)'
Assertion failed on expression: 'pred(*previous, *i)'
Assertion failed on expression: 'pred(*previous, *i)'
Assertion failed on expression: 'pred(*previous, *i)'
Assertion failed on expression: 'pred(*previous, *i)'
Assertion failed on expression: 'pred(*previous, *i)'
Assertion failed on expression: 'pred(*previous, *i)'
Assertion failed on expression: 'pred(*previous, *i)'
Assertion failed on expression: 'pred(*previous, *i)'
Assertion failed on expression: 'pred(*previous, *i)'
Assertion failed on expression: 'pred(*previous, *i)'
Assertion failed on expression: 'pred(*previous, *i)'
Assertion failed on expression: 'pred(*previous, *i)'
Assertion failed on expression: 'pred(*previous, *i)'
Assertion failed on expression: 'pred(*previous, *i)'
Assertion failed on expression: 'pred(*previous, *i)'
Assertion failed on expression: 'pred(*previous, *i)'
Assertion failed on expression: 'pred(*previous, *i)'
Assertion failed on expression: 'pred(*previous, *i)'
Assertion failed on expression: 'pred(*previous, *i)'
Assertion failed on expression: 'pred(*previous, *i)'
Assertion failed on expression: 'pred(*previous, *i)'
Assertion failed on expression: 'pred(*previous, *i)'
Assertion failed on expression: 'pred(*previous, *i)'
Assertion failed on expression: 'pred(*previous, *i)'
Assertion failed on expression: 'pred(*previous, *i)'
Assertion failed on expression: 'pred(*previous, *i)'
Assertion failed on expression: 'pred(*previous, *i)'
Assertion failed on expression: 'pred(*previous, *i)'
Assertion failed on expression: 'pred(*previous, *i)'
Assertion failed on expression: 'pred(*previous, *i)'
Assertion failed on expression: 'pred(*previous, *i)'
Assertion failed on expression: 'pred(*previous, *i)'
Assertion failed on expression: 'pred(*previous, *i)'
Assertion failed on expression: 'pred(*previous, *i)'
Assertion failed on expression: 'pred(*previous, *i)'
Assertion failed on expression: 'pred(*previous, *i)'
Assertion failed on expression: 'pred(*previous, *i)'
Assertion failed on expression: 'pred(*previous, *i)'
Assertion failed on expression: 'pred(*previous, *i)'
Assertion failed on expression: 'pred(*previous, *i)'
Native extension for WindowsStandalone target not found
Native extension for WebGL target not found
ArgumentException: An item with the same key has already been added. Key: 7ff3712c342c8c2449b71ffa53e54e35
  at System.Collections.Generic.Dictionary`2[TKey,TValue].TryInsert (TKey key, TValue value, System.Collections.Generic.InsertionBehavior behavior) [0x0015a] in <1eb9db207454431c84a47bcd81e79c37>:0 
  at System.Collections.Generic.Dictionary`2[TKey,TValue].Add (TKey key, TValue value) [0x00000] in <1eb9db207454431c84a47bcd81e79c37>:0 
  at System.Linq.Enumerable.ToDictionary[TSource,TKey] (TSource[] source, System.Func`2[T,TResult] keySelector, System.Collections.Generic.IEqualityComparer`1[T] comparer) [0x0001c] in <6faa6124236442759eb396cfbfdad508>:0 
  at System.Linq.Enumerable.ToDictionary[TSource,TKey] (System.Collections.Generic.IEnumerable`1[T] source, System.Func`2[T,TResult] keySelector, System.Collections.Generic.IEqualityComparer`1[T] comparer) [0x00043] in <6faa6124236442759eb396cfbfdad508>:0 
  at System.Linq.Enumerable.ToDictionary[TSource,TKey] (System.Collections.Generic.IEnumerable`1[T] source, System.Func`2[T,TResult] keySelector) [0x00000] in <6faa6124236442759eb396cfbfdad508>:0 
  at UnityEditor.Scripting.ScriptCompilation.LoadingAssemblyDefinition.SetAllCustomScriptAssemblyReferenceJsonsContents (System.String[] paths, System.String[] contents) [0x00172] in <d9024bdc2a414b3c81b047ea3e343594>:0 
UnityEngine.DebugLogHandler:Internal_LogException_Injected(Exception, IntPtr)
UnityEngine.DebugLogHandler:Internal_LogException(Exception, Object)
UnityEngine.DebugLogHandler:LogException(Exception, Object)
UnityEngine.Logger:LogException(Exception, Object)
UnityEngine.Debug:LogException(Exception)
UnityEditor.Scripting.ScriptCompilation.EditorCompilationInterface:LogException(Exception)
UnityEditor.Scripting.ScriptCompilation.EditorCompilationInterface:EmitExceptionsAsErrors(IEnumerable`1)
UnityEditor.Scripting.ScriptCompilation.EditorCompilationInterface:SetAllCustomScriptAssemblyReferenceJsons(String[], String[])

ArgumentException: An item with the same key has already been added. Key: 7ff3712c342c8c2449b71ffa53e54e35
  at System.Collections.Generic.Dictionary`2[TKey,TValue].TryInsert (TKey key, TValue value, System.Collections.Generic.InsertionBehavior behavior) [0x0015a] in <1eb9db207454431c84a47bcd81e79c37>:0 
  at System.Collections.Generic.Dictionary`2[TKey,TValue].Add (TKey key, TValue value) [0x00000] in <1eb9db207454431c84a47bcd81e79c37>:0 
  at System.Linq.Enumerable.ToDictionary[TSource,TKey] (TSource[] source, System.Func`2[T,TResult] keySelector, System.Collections.Generic.IEqualityComparer`1[T] comparer) [0x0001c] in <6faa6124236442759eb396cfbfdad508>:0 
  at System.Linq.Enumerable.ToDictionary[TSource,TKey] (System.Collections.Generic.IEnumerable`1[T] source, System.Func`2[T,TResult] keySelector, System.Collections.Generic.IEqualityComparer`1[T] comparer) [0x00043] in <6faa6124236442759eb396cfbfdad508>:0 
  at System.Linq.Enumerable.ToDictionary[TSource,TKey] (System.Collections.Generic.IEnumerable`1[T] source, System.Func`2[T,TResult] keySelector) [0x00000] in <6faa6124236442759eb396cfbfdad508>:0 
  at UnityEditor.Scripting.ScriptCompilation.LoadingAssemblyDefinition.SetAllCustomScriptAssemblyReferenceJsonsContents (System.String[] paths, System.String[] contents) [0x00172] in <d9024bdc2a414b3c81b047ea3e343594>:0 
UnityEngine.DebugLogHandler:Internal_LogException_Injected(Exception, IntPtr)
UnityEngine.DebugLogHandler:Internal_LogException(Exception, Object)
UnityEngine.DebugLogHandler:LogException(Exception, Object)
UnityEngine.Logger:LogException(Exception, Object)
UnityEngine.Debug:LogException(Exception)
UnityEditor.Scripting.ScriptCompilation.EditorCompilationInterface:LogException(Exception)
UnityEditor.Scripting.ScriptCompilation.EditorCompilationInterface:EmitExceptionsAsErrors(IEnumerable`1)
UnityEditor.Scripting.ScriptCompilation.EditorCompilationInterface:SetAllCustomScriptAssemblyReferenceJsons(String[], String[])

ArgumentException: An item with the same key has already been added. Key: 7ff3712c342c8c2449b71ffa53e54e35
  at System.Collections.Generic.Dictionary`2[TKey,TValue].TryInsert (TKey key, TValue value, System.Collections.Generic.InsertionBehavior behavior) [0x0015a] in <1eb9db207454431c84a47bcd81e79c37>:0 
  at System.Collections.Generic.Dictionary`2[TKey,TValue].Add (TKey key, TValue value) [0x00000] in <1eb9db207454431c84a47bcd81e79c37>:0 
  at System.Linq.Enumerable.ToDictionary[TSource,TKey] (TSource[] source, System.Func`2[T,TResult] keySelector, System.Collections.Generic.IEqualityComparer`1[T] comparer) [0x0001c] in <6faa6124236442759eb396cfbfdad508>:0 
  at System.Linq.Enumerable.ToDictionary[TSource,TKey] (System.Collections.Generic.IEnumerable`1[T] source, System.Func`2[T,TResult] keySelector, System.Collections.Generic.IEqualityComparer`1[T] comparer) [0x00043] in <6faa6124236442759eb396cfbfdad508>:0 
  at System.Linq.Enumerable.ToDictionary[TSource,TKey] (System.Collections.Generic.IEnumerable`1[T] source, System.Func`2[T,TResult] keySelector) [0x00000] in <6faa6124236442759eb396cfbfdad508>:0 
  at UnityEditor.Scripting.ScriptCompilation.LoadingAssemblyDefinition.SetAllCustomScriptAssemblyReferenceJsonsContents (System.String[] paths, System.String[] contents) [0x00172] in <d9024bdc2a414b3c81b047ea3e343594>:0 
UnityEngine.DebugLogHandler:Internal_LogException_Injected(Exception, IntPtr)
UnityEngine.DebugLogHandler:Internal_LogException(Exception, Object)
UnityEngine.DebugLogHandler:LogException(Exception, Object)
UnityEngine.Logger:LogException(Exception, Object)
UnityEngine.Debug:LogException(Exception)
UnityEditor.Scripting.ScriptCompilation.EditorCompilationInterface:LogException(Exception)
UnityEditor.Scripting.ScriptCompilation.EditorCompilationInterface:EmitExceptionsAsErrors(IEnumerable`1)
UnityEditor.Scripting.ScriptCompilation.EditorCompilationInterface:SetAllCustomScriptAssemblyReferenceJsons(String[], String[])

ArgumentException: An item with the same key has already been added. Key: 7ff3712c342c8c2449b71ffa53e54e35
  at System.Collections.Generic.Dictionary`2[TKey,TValue].TryInsert (TKey key, TValue value, System.Collections.Generic.InsertionBehavior behavior) [0x0015a] in <1eb9db207454431c84a47bcd81e79c37>:0 
  at System.Collections.Generic.Dictionary`2[TKey,TValue].Add (TKey key, TValue value) [0x00000] in <1eb9db207454431c84a47bcd81e79c37>:0 
  at System.Linq.Enumerable.ToDictionary[TSource,TKey] (TSource[] source, System.Func`2[T,TResult] keySelector, System.Collections.Generic.IEqualityComparer`1[T] comparer) [0x0001c] in <6faa6124236442759eb396cfbfdad508>:0 
  at System.Linq.Enumerable.ToDictionary[TSource,TKey] (System.Collections.Generic.IEnumerable`1[T] source, System.Func`2[T,TResult] keySelector, System.Collections.Generic.IEqualityComparer`1[T] comparer) [0x00043] in <6faa6124236442759eb396cfbfdad508>:0 
  at System.Linq.Enumerable.ToDictionary[TSource,TKey] (System.Collections.Generic.IEnumerable`1[T] source, System.Func`2[T,TResult] keySelector) [0x00000] in <6faa6124236442759eb396cfbfdad508>:0 
  at UnityEditor.Scripting.ScriptCompilation.LoadingAssemblyDefinition.SetAllCustomScriptAssemblyReferenceJsonsContents (System.String[] paths, System.String[] contents) [0x00172] in <d9024bdc2a414b3c81b047ea3e343594>:0 
UnityEngine.DebugLogHandler:Internal_LogException_Injected(Exception, IntPtr)
UnityEngine.DebugLogHandler:Internal_LogException(Exception, Object)
UnityEngine.DebugLogHandler:LogException(Exception, Object)
UnityEngine.Logger:LogException(Exception, Object)
UnityEngine.Debug:LogException(Exception)
UnityEditor.Scripting.ScriptCompilation.EditorCompilationInterface:LogException(Exception)
UnityEditor.Scripting.ScriptCompilation.EditorCompilationInterface:EmitExceptionsAsErrors(IEnumerable`1)
UnityEditor.Scripting.ScriptCompilation.EditorCompilationInterface:SetAllCustomScriptAssemblyReferenceJsons(String[], String[])

ArgumentException: An item with the same key has already been added. Key: 7ff3712c342c8c2449b71ffa53e54e35
  at System.Collections.Generic.Dictionary`2[TKey,TValue].TryInsert (TKey key, TValue value, System.Collections.Generic.InsertionBehavior behavior) [0x0015a] in <1eb9db207454431c84a47bcd81e79c37>:0 
  at System.Collections.Generic.Dictionary`2[TKey,TValue].Add (TKey key, TValue value) [0x00000] in <1eb9db207454431c84a47bcd81e79c37>:0 
  at System.Linq.Enumerable.ToDictionary[TSource,TKey] (TSource[] source, System.Func`2[T,TResult] keySelector, System.Collections.Generic.IEqualityComparer`1[T] comparer) [0x0001c] in <6faa6124236442759eb396cfbfdad508>:0 
  at System.Linq.Enumerable.ToDictionary[TSource,TKey] (System.Collections.Generic.IEnumerable`1[T] source, System.Func`2[T,TResult] keySelector, System.Collections.Generic.IEqualityComparer`1[T] comparer) [0x00043] in <6faa6124236442759eb396cfbfdad508>:0 
  at System.Linq.Enumerable.ToDictionary[TSource,TKey] (System.Collections.Generic.IEnumerable`1[T] source, System.Func`2[T,TResult] keySelector) [0x00000] in <6faa6124236442759eb396cfbfdad508>:0 
  at UnityEditor.Scripting.ScriptCompilation.LoadingAssemblyDefinition.SetAllCustomScriptAssemblyReferenceJsonsContents (System.String[] paths, System.String[] contents) [0x00172] in <d9024bdc2a414b3c81b047ea3e343594>:0 
UnityEngine.DebugLogHandler:Internal_LogException_Injected(Exception, IntPtr)
UnityEngine.DebugLogHandler:Internal_LogException(Exception, Object)
UnityEngine.DebugLogHandler:LogException(Exception, Object)
UnityEngine.Logger:LogException(Exception, Object)
UnityEngine.Debug:LogException(Exception)
UnityEditor.Scripting.ScriptCompilation.EditorCompilationInterface:LogException(Exception)
UnityEditor.Scripting.ScriptCompilation.EditorCompilationInterface:EmitExceptionsAsErrors(IEnumerable`1)
UnityEditor.Scripting.ScriptCompilation.EditorCompilationInterface:SetAllCustomScriptAssemblyReferenceJsons(String[], String[])

ArgumentException: An item with the same key has already been added. Key: 7ff3712c342c8c2449b71ffa53e54e35
  at System.Collections.Generic.Dictionary`2[TKey,TValue].TryInsert (TKey key, TValue value, System.Collections.Generic.InsertionBehavior behavior) [0x0015a] in <1eb9db207454431c84a47bcd81e79c37>:0 
  at System.Collections.Generic.Dictionary`2[TKey,TValue].Add (TKey key, TValue value) [0x00000] in <1eb9db207454431c84a47bcd81e79c37>:0 
  at System.Linq.Enumerable.ToDictionary[TSource,TKey] (TSource[] source, System.Func`2[T,TResult] keySelector, System.Collections.Generic.IEqualityComparer`1[T] comparer) [0x0001c] in <6faa6124236442759eb396cfbfdad508>:0 
  at System.Linq.Enumerable.ToDictionary[TSource,TKey] (System.Collections.Generic.IEnumerable`1[T] source, System.Func`2[T,TResult] keySelector, System.Collections.Generic.IEqualityComparer`1[T] comparer) [0x00043] in <6faa6124236442759eb396cfbfdad508>:0 
  at System.Linq.Enumerable.ToDictionary[TSource,TKey] (System.Collections.Generic.IEnumerable`1[T] source, System.Func`2[T,TResult] keySelector) [0x00000] in <6faa6124236442759eb396cfbfdad508>:0 
  at UnityEditor.Scripting.ScriptCompilation.LoadingAssemblyDefinition.SetAllCustomScriptAssemblyReferenceJsonsContents (System.String[] paths, System.String[] contents) [0x00172] in <d9024bdc2a414b3c81b047ea3e343594>:0 
UnityEngine.DebugLogHandler:Internal_LogException_Injected(Exception, IntPtr)
UnityEngine.DebugLogHandler:Internal_LogException(Exception, Object)
UnityEngine.DebugLogHandler:LogException(Exception, Object)
UnityEngine.Logger:LogException(Exception, Object)
UnityEngine.Debug:LogException(Exception)
UnityEditor.Scripting.ScriptCompilation.EditorCompilationInterface:LogException(Exception)
UnityEditor.Scripting.ScriptCompilation.EditorCompilationInterface:EmitExceptionsAsErrors(IEnumerable`1)
UnityEditor.Scripting.ScriptCompilation.EditorCompilationInterface:SetAllCustomScriptAssemblyReferenceJsons(String[], String[])

ArgumentException: An item with the same key has already been added. Key: 7ff3712c342c8c2449b71ffa53e54e35
  at System.Collections.Generic.Dictionary`2[TKey,TValue].TryInsert (TKey key, TValue value, System.Collections.Generic.InsertionBehavior behavior) [0x0015a] in <1eb9db207454431c84a47bcd81e79c37>:0 
  at System.Collections.Generic.Dictionary`2[TKey,TValue].Add (TKey key, TValue value) [0x00000] in <1eb9db207454431c84a47bcd81e79c37>:0 
  at System.Linq.Enumerable.ToDictionary[TSource,TKey] (TSource[] source, System.Func`2[T,TResult] keySelector, System.Collections.Generic.IEqualityComparer`1[T] comparer) [0x0001c] in <6faa6124236442759eb396cfbfdad508>:0 
  at System.Linq.Enumerable.ToDictionary[TSource,TKey] (System.Collections.Generic.IEnumerable`1[T] source, System.Func`2[T,TResult] keySelector, System.Collections.Generic.IEqualityComparer`1[T] comparer) [0x00043] in <6faa6124236442759eb396cfbfdad508>:0 
  at System.Linq.Enumerable.ToDictionary[TSource,TKey] (System.Collections.Generic.IEnumerable`1[T] source, System.Func`2[T,TResult] keySelector) [0x00000] in <6faa6124236442759eb396cfbfdad508>:0 
  at UnityEditor.Scripting.ScriptCompilation.LoadingAssemblyDefinition.SetAllCustomScriptAssemblyReferenceJsonsContents (System.String[] paths, System.String[] contents) [0x00172] in <d9024bdc2a414b3c81b047ea3e343594>:0 
UnityEngine.DebugLogHandler:Internal_LogException_Injected(Exception, IntPtr)
UnityEngine.DebugLogHandler:Internal_LogException(Exception, Object)
UnityEngine.DebugLogHandler:LogException(Exception, Object)
UnityEngine.Logger:LogException(Exception, Object)
UnityEngine.Debug:LogException(Exception)
UnityEditor.Scripting.ScriptCompilation.EditorCompilationInterface:LogException(Exception)
UnityEditor.Scripting.ScriptCompilation.EditorCompilationInterface:EmitExceptionsAsErrors(IEnumerable`1)
UnityEditor.Scripting.ScriptCompilation.EditorCompilationInterface:SetAllCustomScriptAssemblyReferenceJsons(String[], String[])

ArgumentException: An item with the same key has already been added. Key: 7ff3712c342c8c2449b71ffa53e54e35
  at System.Collections.Generic.Dictionary`2[TKey,TValue].TryInsert (TKey key, TValue value, System.Collections.Generic.InsertionBehavior behavior) [0x0015a] in <1eb9db207454431c84a47bcd81e79c37>:0 
  at System.Collections.Generic.Dictionary`2[TKey,TValue].Add (TKey key, TValue value) [0x00000] in <1eb9db207454431c84a47bcd81e79c37>:0 
  at System.Linq.Enumerable.ToDictionary[TSource,TKey,TElement] (TSource[] source, System.Func`2[T,TResult] keySelector, System.Func`2[T,TResult] elementSelector, System.Collections.Generic.IEqualityComparer`1[T] comparer) [0x00029] in <6faa6124236442759eb396cfbfdad508>:0 
  at System.Linq.Enumerable.ToDictionary[TSource,TKey,TElement] (System.Collections.Generic.IEnumerable`1[T] source, System.Func`2[T,TResult] keySelector, System.Func`2[T,TResult] elementSelector, System.Collections.Generic.IEqualityComparer`1[T] comparer) [0x00051] in <6faa6124236442759eb396cfbfdad508>:0 
  at System.Linq.Enumerable.ToDictionary[TSource,TKey,TElement] (System.Collections.Generic.IEnumerable`1[T] source, System.Func`2[T,TResult] keySelector, System.Func`2[T,TResult] elementSelector) [0x00000] in <6faa6124236442759eb396cfbfdad508>:0 
  at UnityEditor.Scripting.ScriptCompilation.AssemblyGraphBuilder.Initialize (System.Collections.Generic.IReadOnlyCollection`1[T] assemblies, System.Collections.Generic.IReadOnlyCollection`1[T] customScriptAssemblyReferences) [0x00046] in <d9024bdc2a414b3c81b047ea3e343594>:0 
  at UnityEditor.Scripting.ScriptCompilation.AssemblyGraphBuilderFactory.GetOrCreate (System.String projectPath, System.Collections.Generic.IReadOnlyCollection`1[T] assemblies, System.Collections.Generic.IReadOnlyCollection`1[T] customScriptAssemblyReferences) [0x00038] in <d9024bdc2a414b3c81b047ea3e343594>:0 
  at UnityEditor.Scripting.ScriptCompilation.EditorCompilation.GetAssemblyGraphBuilder () [0x00027] in <d9024bdc2a414b3c81b047ea3e343594>:0 
  at UnityEditor.Scripting.ScriptCompilation.EditorCompilation.SetAllScripts (System.String[] allScripts) [0x0000d] in <d9024bdc2a414b3c81b047ea3e343594>:0 
  at UnityEditor.Scripting.ScriptCompilation.EditorCompilationInterface.SetAllScripts (System.String[] allScripts) [0x00006] in <d9024bdc2a414b3c81b047ea3e343594>:0 

[Package Manager] Failed to launch server process. Reason: Unity was launched with the -noUpm command-line argument
[Package Manager] Unable to send message (not connected to server process).
[Package Manager] Cannot connect to Unity Package Manager local server
[Package Manager] Failed to launch server process. Reason: Unity was launched with the -noUpm command-line argument
[Package Manager] Unable to send message (not connected to server process).
[Package Manager] Cannot connect to Unity Package Manager local server
Mono: successfully reloaded assembly
- Finished resetting the current domain, in  3.468 seconds
Domain Reload Profiling: 4973ms
	BeginReloadAssembly (623ms)
		ExecutionOrderSort (0ms)
		DisableScriptedObjects (28ms)
		BackupInstance (0ms)
		ReleaseScriptingObjects (1ms)
		CreateAndSetChildDomain (160ms)
	RebuildCommonClasses (45ms)
	RebuildNativeTypeToScriptingClass (16ms)
	initialDomainReloadingComplete (36ms)
	LoadAllAssembliesAndSetupDomain (785ms)
		LoadAssemblies (763ms)
		RebuildTransferFunctionScriptingTraits (0ms)
		AnalyzeDomain (276ms)
			TypeCache.Refresh (22ms)
				TypeCache.ScanAssembly (0ms)
			BuildScriptInfoCaches (233ms)
			ResolveRequiredComponents (11ms)
	FinalizeReload (3469ms)
		ReleaseScriptCaches (0ms)
		RebuildScriptCaches (0ms)
		SetupLoadedEditorAssemblies (2949ms)
			LogAssemblyErrors (0ms)
			InitializePlatformSupportModulesInManaged (7ms)
			SetLoadedEditorAssemblies (13ms)
			BeforeProcessingInitializeOnLoad (768ms)
			ProcessInitializeOnLoadAttributes (1617ms)
			ProcessInitializeOnLoadMethodAttributes (528ms)
			AfterProcessingInitializeOnLoad (15ms)
			EditorAssembliesLoaded (1ms)
		ExecutionOrderSort2 (0ms)
		AwakeInstancesAfterBackupRestoration (70ms)
Refreshing native plugins compatible for Editor in 3.06 ms, found 3 plugins.
Preloading 0 native plugins for Editor in 0.00 ms.
Unloading 18 Unused Serialized files (Serialized files now loaded: 0)
Unloading 7066 unused Assets / (3.6 MB). Loaded Objects now: 7927.
Memory consumption went from 165.3 MB to 161.6 MB.
Total: 29.492600 ms (FindLiveObjects: 2.594600 ms CreateObjectMapping: 2.195500 ms MarkObjects: 14.145600 ms  DeleteObjects: 10.553600 ms)

Prepare: number of updated asset objects reloaded= 0
========================================================================
Received Import Request.
  Time since last request: 212.190015 seconds.
  path: Assets/Animations/GateController.controller
  artifactKey: Guid(137751e98b3672b448887974b244d897) Importer(815301076,1909f56bfc062723c751e8b465ee728b)
Start importing Assets/Animations/GateController.controller using Guid(137751e98b3672b448887974b244d897) Importer(815301076,1909f56bfc062723c751e8b465ee728b) (PreviewImporter) -> (artifact id: '36255ca19e922407220c710d5d6d7a92') in 0.1236246 seconds
Number of updated asset objects reloaded before import = 0Number of asset objects unloaded after import = 11

========================================================================
Received Prepare
ArgumentException: An item with the same key has already been added. Key: 7ff3712c342c8c2449b71ffa53e54e35
  at System.Collections.Generic.Dictionary`2[TKey,TValue].TryInsert (TKey key, TValue value, System.Collections.Generic.InsertionBehavior behavior) [0x0015a] in <1eb9db207454431c84a47bcd81e79c37>:0 
  at System.Collections.Generic.Dictionary`2[TKey,TValue].Add (TKey key, TValue value) [0x00000] in <1eb9db207454431c84a47bcd81e79c37>:0 
  at System.Linq.Enumerable.ToDictionary[TSource,TKey] (TSource[] source, System.Func`2[T,TResult] keySelector, System.Collections.Generic.IEqualityComparer`1[T] comparer) [0x0001c] in <6faa6124236442759eb396cfbfdad508>:0 
  at System.Linq.Enumerable.ToDictionary[TSource,TKey] (System.Collections.Generic.IEnumerable`1[T] source, System.Func`2[T,TResult] keySelector, System.Collections.Generic.IEqualityComparer`1[T] comparer) [0x00043] in <6faa6124236442759eb396cfbfdad508>:0 
  at System.Linq.Enumerable.ToDictionary[TSource,TKey] (System.Collections.Generic.IEnumerable`1[T] source, System.Func`2[T,TResult] keySelector) [0x00000] in <6faa6124236442759eb396cfbfdad508>:0 
  at UnityEditor.Scripting.ScriptCompilation.LoadingAssemblyDefinition.SetAllCustomScriptAssemblyReferenceJsonsContents (System.String[] paths, System.String[] contents) [0x00172] in <d9024bdc2a414b3c81b047ea3e343594>:0 
UnityEngine.DebugLogHandler:Internal_LogException_Injected(Exception, IntPtr)
UnityEngine.DebugLogHandler:Internal_LogException(Exception, Object)
UnityEngine.DebugLogHandler:LogException(Exception, Object)
UnityEngine.Logger:LogException(Exception, Object)
UnityEngine.Debug:LogException(Exception)
UnityEditor.Scripting.ScriptCompilation.EditorCompilationInterface:LogException(Exception)
UnityEditor.Scripting.ScriptCompilation.EditorCompilationInterface:EmitExceptionsAsErrors(IEnumerable`1)
UnityEditor.Scripting.ScriptCompilation.EditorCompilationInterface:SetAllCustomScriptAssemblyReferenceJsons(String[], String[])

ArgumentException: An item with the same key has already been added. Key: 7ff3712c342c8c2449b71ffa53e54e35
  at System.Collections.Generic.Dictionary`2[TKey,TValue].TryInsert (TKey key, TValue value, System.Collections.Generic.InsertionBehavior behavior) [0x0015a] in <1eb9db207454431c84a47bcd81e79c37>:0 
  at System.Collections.Generic.Dictionary`2[TKey,TValue].Add (TKey key, TValue value) [0x00000] in <1eb9db207454431c84a47bcd81e79c37>:0 
  at System.Linq.Enumerable.ToDictionary[TSource,TKey] (TSource[] source, System.Func`2[T,TResult] keySelector, System.Collections.Generic.IEqualityComparer`1[T] comparer) [0x0001c] in <6faa6124236442759eb396cfbfdad508>:0 
  at System.Linq.Enumerable.ToDictionary[TSource,TKey] (System.Collections.Generic.IEnumerable`1[T] source, System.Func`2[T,TResult] keySelector, System.Collections.Generic.IEqualityComparer`1[T] comparer) [0x00043] in <6faa6124236442759eb396cfbfdad508>:0 
  at System.Linq.Enumerable.ToDictionary[TSource,TKey] (System.Collections.Generic.IEnumerable`1[T] source, System.Func`2[T,TResult] keySelector) [0x00000] in <6faa6124236442759eb396cfbfdad508>:0 
  at UnityEditor.Scripting.ScriptCompilation.LoadingAssemblyDefinition.SetAllCustomScriptAssemblyReferenceJsonsContents (System.String[] paths, System.String[] contents) [0x00172] in <d9024bdc2a414b3c81b047ea3e343594>:0 
UnityEngine.DebugLogHandler:Internal_LogException_Injected(Exception, IntPtr)
UnityEngine.DebugLogHandler:Internal_LogException(Exception, Object)
UnityEngine.DebugLogHandler:LogException(Exception, Object)
UnityEngine.Logger:LogException(Exception, Object)
UnityEngine.Debug:LogException(Exception)
UnityEditor.Scripting.ScriptCompilation.EditorCompilationInterface:LogException(Exception)
UnityEditor.Scripting.ScriptCompilation.EditorCompilationInterface:EmitExceptionsAsErrors(IEnumerable`1)
UnityEditor.Scripting.ScriptCompilation.EditorCompilationInterface:SetAllCustomScriptAssemblyReferenceJsons(String[], String[])

ArgumentException: An item with the same key has already been added. Key: 7ff3712c342c8c2449b71ffa53e54e35
  at System.Collections.Generic.Dictionary`2[TKey,TValue].TryInsert (TKey key, TValue value, System.Collections.Generic.InsertionBehavior behavior) [0x0015a] in <1eb9db207454431c84a47bcd81e79c37>:0 
  at System.Collections.Generic.Dictionary`2[TKey,TValue].Add (TKey key, TValue value) [0x00000] in <1eb9db207454431c84a47bcd81e79c37>:0 
  at System.Linq.Enumerable.ToDictionary[TSource,TKey] (TSource[] source, System.Func`2[T,TResult] keySelector, System.Collections.Generic.IEqualityComparer`1[T] comparer) [0x0001c] in <6faa6124236442759eb396cfbfdad508>:0 
  at System.Linq.Enumerable.ToDictionary[TSource,TKey] (System.Collections.Generic.IEnumerable`1[T] source, System.Func`2[T,TResult] keySelector, System.Collections.Generic.IEqualityComparer`1[T] comparer) [0x00043] in <6faa6124236442759eb396cfbfdad508>:0 
  at System.Linq.Enumerable.ToDictionary[TSource,TKey] (System.Collections.Generic.IEnumerable`1[T] source, System.Func`2[T,TResult] keySelector) [0x00000] in <6faa6124236442759eb396cfbfdad508>:0 
  at UnityEditor.Scripting.ScriptCompilation.LoadingAssemblyDefinition.SetAllCustomScriptAssemblyReferenceJsonsContents (System.String[] paths, System.String[] contents) [0x00172] in <d9024bdc2a414b3c81b047ea3e343594>:0 
UnityEngine.DebugLogHandler:Internal_LogException_Injected(Exception, IntPtr)
UnityEngine.DebugLogHandler:Internal_LogException(Exception, Object)
UnityEngine.DebugLogHandler:LogException(Exception, Object)
UnityEngine.Logger:LogException(Exception, Object)
UnityEngine.Debug:LogException(Exception)
UnityEditor.Scripting.ScriptCompilation.EditorCompilationInterface:LogException(Exception)
UnityEditor.Scripting.ScriptCompilation.EditorCompilationInterface:EmitExceptionsAsErrors(IEnumerable`1)
UnityEditor.Scripting.ScriptCompilation.EditorCompilationInterface:SetAllCustomScriptAssemblyReferenceJsons(String[], String[])

ArgumentException: An item with the same key has already been added. Key: 7ff3712c342c8c2449b71ffa53e54e35
  at System.Collections.Generic.Dictionary`2[TKey,TValue].TryInsert (TKey key, TValue value, System.Collections.Generic.InsertionBehavior behavior) [0x0015a] in <1eb9db207454431c84a47bcd81e79c37>:0 
  at System.Collections.Generic.Dictionary`2[TKey,TValue].Add (TKey key, TValue value) [0x00000] in <1eb9db207454431c84a47bcd81e79c37>:0 
  at System.Linq.Enumerable.ToDictionary[TSource,TKey] (TSource[] source, System.Func`2[T,TResult] keySelector, System.Collections.Generic.IEqualityComparer`1[T] comparer) [0x0001c] in <6faa6124236442759eb396cfbfdad508>:0 
  at System.Linq.Enumerable.ToDictionary[TSource,TKey] (System.Collections.Generic.IEnumerable`1[T] source, System.Func`2[T,TResult] keySelector, System.Collections.Generic.IEqualityComparer`1[T] comparer) [0x00043] in <6faa6124236442759eb396cfbfdad508>:0 
  at System.Linq.Enumerable.ToDictionary[TSource,TKey] (System.Collections.Generic.IEnumerable`1[T] source, System.Func`2[T,TResult] keySelector) [0x00000] in <6faa6124236442759eb396cfbfdad508>:0 
  at UnityEditor.Scripting.ScriptCompilation.LoadingAssemblyDefinition.SetAllCustomScriptAssemblyReferenceJsonsContents (System.String[] paths, System.String[] contents) [0x00172] in <d9024bdc2a414b3c81b047ea3e343594>:0 
UnityEngine.DebugLogHandler:Internal_LogException_Injected(Exception, IntPtr)
UnityEngine.DebugLogHandler:Internal_LogException(Exception, Object)
UnityEngine.DebugLogHandler:LogException(Exception, Object)
UnityEngine.Logger:LogException(Exception, Object)
UnityEngine.Debug:LogException(Exception)
UnityEditor.Scripting.ScriptCompilation.EditorCompilationInterface:LogException(Exception)
UnityEditor.Scripting.ScriptCompilation.EditorCompilationInterface:EmitExceptionsAsErrors(IEnumerable`1)
UnityEditor.Scripting.ScriptCompilation.EditorCompilationInterface:SetAllCustomScriptAssemblyReferenceJsons(String[], String[])

ArgumentException: An item with the same key has already been added. Key: 7ff3712c342c8c2449b71ffa53e54e35
  at System.Collections.Generic.Dictionary`2[TKey,TValue].TryInsert (TKey key, TValue value, System.Collections.Generic.InsertionBehavior behavior) [0x0015a] in <1eb9db207454431c84a47bcd81e79c37>:0 
  at System.Collections.Generic.Dictionary`2[TKey,TValue].Add (TKey key, TValue value) [0x00000] in <1eb9db207454431c84a47bcd81e79c37>:0 
  at System.Linq.Enumerable.ToDictionary[TSource,TKey] (TSource[] source, System.Func`2[T,TResult] keySelector, System.Collections.Generic.IEqualityComparer`1[T] comparer) [0x0001c] in <6faa6124236442759eb396cfbfdad508>:0 
  at System.Linq.Enumerable.ToDictionary[TSource,TKey] (System.Collections.Generic.IEnumerable`1[T] source, System.Func`2[T,TResult] keySelector, System.Collections.Generic.IEqualityComparer`1[T] comparer) [0x00043] in <6faa6124236442759eb396cfbfdad508>:0 
  at System.Linq.Enumerable.ToDictionary[TSource,TKey] (System.Collections.Generic.IEnumerable`1[T] source, System.Func`2[T,TResult] keySelector) [0x00000] in <6faa6124236442759eb396cfbfdad508>:0 
  at UnityEditor.Scripting.ScriptCompilation.LoadingAssemblyDefinition.SetAllCustomScriptAssemblyReferenceJsonsContents (System.String[] paths, System.String[] contents) [0x00172] in <d9024bdc2a414b3c81b047ea3e343594>:0 
UnityEngine.DebugLogHandler:Internal_LogException_Injected(Exception, IntPtr)
UnityEngine.DebugLogHandler:Internal_LogException(Exception, Object)
UnityEngine.DebugLogHandler:LogException(Exception, Object)
UnityEngine.Logger:LogException(Exception, Object)
UnityEngine.Debug:LogException(Exception)
UnityEditor.Scripting.ScriptCompilation.EditorCompilationInterface:LogException(Exception)
UnityEditor.Scripting.ScriptCompilation.EditorCompilationInterface:EmitExceptionsAsErrors(IEnumerable`1)
UnityEditor.Scripting.ScriptCompilation.EditorCompilationInterface:SetAllCustomScriptAssemblyReferenceJsons(String[], String[])

ArgumentException: An item with the same key has already been added. Key: 7ff3712c342c8c2449b71ffa53e54e35
  at System.Collections.Generic.Dictionary`2[TKey,TValue].TryInsert (TKey key, TValue value, System.Collections.Generic.InsertionBehavior behavior) [0x0015a] in <1eb9db207454431c84a47bcd81e79c37>:0 
  at System.Collections.Generic.Dictionary`2[TKey,TValue].Add (TKey key, TValue value) [0x00000] in <1eb9db207454431c84a47bcd81e79c37>:0 
  at System.Linq.Enumerable.ToDictionary[TSource,TKey] (TSource[] source, System.Func`2[T,TResult] keySelector, System.Collections.Generic.IEqualityComparer`1[T] comparer) [0x0001c] in <6faa6124236442759eb396cfbfdad508>:0 
  at System.Linq.Enumerable.ToDictionary[TSource,TKey] (System.Collections.Generic.IEnumerable`1[T] source, System.Func`2[T,TResult] keySelector, System.Collections.Generic.IEqualityComparer`1[T] comparer) [0x00043] in <6faa6124236442759eb396cfbfdad508>:0 
  at System.Linq.Enumerable.ToDictionary[TSource,TKey] (System.Collections.Generic.IEnumerable`1[T] source, System.Func`2[T,TResult] keySelector) [0x00000] in <6faa6124236442759eb396cfbfdad508>:0 
  at UnityEditor.Scripting.ScriptCompilation.LoadingAssemblyDefinition.SetAllCustomScriptAssemblyReferenceJsonsContents (System.String[] paths, System.String[] contents) [0x00172] in <d9024bdc2a414b3c81b047ea3e343594>:0 
UnityEngine.DebugLogHandler:Internal_LogException_Injected(Exception, IntPtr)
UnityEngine.DebugLogHandler:Internal_LogException(Exception, Object)
UnityEngine.DebugLogHandler:LogException(Exception, Object)
UnityEngine.Logger:LogException(Exception, Object)
UnityEngine.Debug:LogException(Exception)
UnityEditor.Scripting.ScriptCompilation.EditorCompilationInterface:LogException(Exception)
UnityEditor.Scripting.ScriptCompilation.EditorCompilationInterface:EmitExceptionsAsErrors(IEnumerable`1)
UnityEditor.Scripting.ScriptCompilation.EditorCompilationInterface:SetAllCustomScriptAssemblyReferenceJsons(String[], String[])

ArgumentException: An item with the same key has already been added. Key: 7ff3712c342c8c2449b71ffa53e54e35
  at System.Collections.Generic.Dictionary`2[TKey,TValue].TryInsert (TKey key, TValue value, System.Collections.Generic.InsertionBehavior behavior) [0x0015a] in <1eb9db207454431c84a47bcd81e79c37>:0 
  at System.Collections.Generic.Dictionary`2[TKey,TValue].Add (TKey key, TValue value) [0x00000] in <1eb9db207454431c84a47bcd81e79c37>:0 
  at System.Linq.Enumerable.ToDictionary[TSource,TKey] (TSource[] source, System.Func`2[T,TResult] keySelector, System.Collections.Generic.IEqualityComparer`1[T] comparer) [0x0001c] in <6faa6124236442759eb396cfbfdad508>:0 
  at System.Linq.Enumerable.ToDictionary[TSource,TKey] (System.Collections.Generic.IEnumerable`1[T] source, System.Func`2[T,TResult] keySelector, System.Collections.Generic.IEqualityComparer`1[T] comparer) [0x00043] in <6faa6124236442759eb396cfbfdad508>:0 
  at System.Linq.Enumerable.ToDictionary[TSource,TKey] (System.Collections.Generic.IEnumerable`1[T] source, System.Func`2[T,TResult] keySelector) [0x00000] in <6faa6124236442759eb396cfbfdad508>:0 
  at UnityEditor.Scripting.ScriptCompilation.LoadingAssemblyDefinition.SetAllCustomScriptAssemblyReferenceJsonsContents (System.String[] paths, System.String[] contents) [0x00172] in <d9024bdc2a414b3c81b047ea3e343594>:0 
UnityEngine.DebugLogHandler:Internal_LogException_Injected(Exception, IntPtr)
UnityEngine.DebugLogHandler:Internal_LogException(Exception, Object)
UnityEngine.DebugLogHandler:LogException(Exception, Object)
UnityEngine.Logger:LogException(Exception, Object)
UnityEngine.Debug:LogException(Exception)
UnityEditor.Scripting.ScriptCompilation.EditorCompilationInterface:LogException(Exception)
UnityEditor.Scripting.ScriptCompilation.EditorCompilationInterface:EmitExceptionsAsErrors(IEnumerable`1)
UnityEditor.Scripting.ScriptCompilation.EditorCompilationInterface:SetAllCustomScriptAssemblyReferenceJsons(String[], String[])

ArgumentException: An item with the same key has already been added. Key: 7ff3712c342c8c2449b71ffa53e54e35
  at System.Collections.Generic.Dictionary`2[TKey,TValue].TryInsert (TKey key, TValue value, System.Collections.Generic.InsertionBehavior behavior) [0x0015a] in <1eb9db207454431c84a47bcd81e79c37>:0 
  at System.Collections.Generic.Dictionary`2[TKey,TValue].Add (TKey key, TValue value) [0x00000] in <1eb9db207454431c84a47bcd81e79c37>:0 
  at System.Linq.Enumerable.ToDictionary[TSource,TKey,TElement] (TSource[] source, System.Func`2[T,TResult] keySelector, System.Func`2[T,TResult] elementSelector, System.Collections.Generic.IEqualityComparer`1[T] comparer) [0x00029] in <6faa6124236442759eb396cfbfdad508>:0 
  at System.Linq.Enumerable.ToDictionary[TSource,TKey,TElement] (System.Collections.Generic.IEnumerable`1[T] source, System.Func`2[T,TResult] keySelector, System.Func`2[T,TResult] elementSelector, System.Collections.Generic.IEqualityComparer`1[T] comparer) [0x00051] in <6faa6124236442759eb396cfbfdad508>:0 
  at System.Linq.Enumerable.ToDictionary[TSource,TKey,TElement] (System.Collections.Generic.IEnumerable`1[T] source, System.Func`2[T,TResult] keySelector, System.Func`2[T,TResult] elementSelector) [0x00000] in <6faa6124236442759eb396cfbfdad508>:0 
  at UnityEditor.Scripting.ScriptCompilation.AssemblyGraphBuilder.Initialize (System.Collections.Generic.IReadOnlyCollection`1[T] assemblies, System.Collections.Generic.IReadOnlyCollection`1[T] customScriptAssemblyReferences) [0x00046] in <d9024bdc2a414b3c81b047ea3e343594>:0 
  at UnityEditor.Scripting.ScriptCompilation.AssemblyGraphBuilderFactory.GetOrCreate (System.String projectPath, System.Collections.Generic.IReadOnlyCollection`1[T] assemblies, System.Collections.Generic.IReadOnlyCollection`1[T] customScriptAssemblyReferences) [0x00038] in <d9024bdc2a414b3c81b047ea3e343594>:0 
  at UnityEditor.Scripting.ScriptCompilation.EditorCompilation.GetAssemblyGraphBuilder () [0x00027] in <d9024bdc2a414b3c81b047ea3e343594>:0 
  at UnityEditor.Scripting.ScriptCompilation.EditorCompilation.SetAllScripts (System.String[] allScripts) [0x0000d] in <d9024bdc2a414b3c81b047ea3e343594>:0 
  at UnityEditor.Scripting.ScriptCompilation.EditorCompilationInterface.SetAllScripts (System.String[] allScripts) [0x00006] in <d9024bdc2a414b3c81b047ea3e343594>:0 

ArgumentException: An item with the same key has already been added. Key: 7ff3712c342c8c2449b71ffa53e54e35
  at System.Collections.Generic.Dictionary`2[TKey,TValue].TryInsert (TKey key, TValue value, System.Collections.Generic.InsertionBehavior behavior) [0x0015a] in <1eb9db207454431c84a47bcd81e79c37>:0 
  at System.Collections.Generic.Dictionary`2[TKey,TValue].Add (TKey key, TValue value) [0x00000] in <1eb9db207454431c84a47bcd81e79c37>:0 
  at System.Linq.Enumerable.ToDictionary[TSource,TKey] (TSource[] source, System.Func`2[T,TResult] keySelector, System.Collections.Generic.IEqualityComparer`1[T] comparer) [0x0001c] in <6faa6124236442759eb396cfbfdad508>:0 
  at System.Linq.Enumerable.ToDictionary[TSource,TKey] (System.Collections.Generic.IEnumerable`1[T] source, System.Func`2[T,TResult] keySelector, System.Collections.Generic.IEqualityComparer`1[T] comparer) [0x00043] in <6faa6124236442759eb396cfbfdad508>:0 
  at System.Linq.Enumerable.ToDictionary[TSource,TKey] (System.Collections.Generic.IEnumerable`1[T] source, System.Func`2[T,TResult] keySelector) [0x00000] in <6faa6124236442759eb396cfbfdad508>:0 
  at UnityEditor.Scripting.ScriptCompilation.LoadingAssemblyDefinition.SetAllCustomScriptAssemblyReferenceJsonsContents (System.String[] paths, System.String[] contents) [0x00172] in <d9024bdc2a414b3c81b047ea3e343594>:0 
UnityEngine.DebugLogHandler:Internal_LogException_Injected(Exception, IntPtr)
UnityEngine.DebugLogHandler:Internal_LogException(Exception, Object)
UnityEngine.DebugLogHandler:LogException(Exception, Object)
UnityEngine.Logger:LogException(Exception, Object)
UnityEngine.Debug:LogException(Exception)
UnityEditor.Scripting.ScriptCompilation.EditorCompilationInterface:LogException(Exception)
UnityEditor.Scripting.ScriptCompilation.EditorCompilationInterface:EmitExceptionsAsErrors(IEnumerable`1)
UnityEditor.Scripting.ScriptCompilation.EditorCompilationInterface:SetAllCustomScriptAssemblyReferenceJsons(String[], String[])

ArgumentException: An item with the same key has already been added. Key: 7ff3712c342c8c2449b71ffa53e54e35
  at System.Collections.Generic.Dictionary`2[TKey,TValue].TryInsert (TKey key, TValue value, System.Collections.Generic.InsertionBehavior behavior) [0x0015a] in <1eb9db207454431c84a47bcd81e79c37>:0 
  at System.Collections.Generic.Dictionary`2[TKey,TValue].Add (TKey key, TValue value) [0x00000] in <1eb9db207454431c84a47bcd81e79c37>:0 
  at System.Linq.Enumerable.ToDictionary[TSource,TKey] (TSource[] source, System.Func`2[T,TResult] keySelector, System.Collections.Generic.IEqualityComparer`1[T] comparer) [0x0001c] in <6faa6124236442759eb396cfbfdad508>:0 
  at System.Linq.Enumerable.ToDictionary[TSource,TKey] (System.Collections.Generic.IEnumerable`1[T] source, System.Func`2[T,TResult] keySelector, System.Collections.Generic.IEqualityComparer`1[T] comparer) [0x00043] in <6faa6124236442759eb396cfbfdad508>:0 
  at System.Linq.Enumerable.ToDictionary[TSource,TKey] (System.Collections.Generic.IEnumerable`1[T] source, System.Func`2[T,TResult] keySelector) [0x00000] in <6faa6124236442759eb396cfbfdad508>:0 
  at UnityEditor.Scripting.ScriptCompilation.LoadingAssemblyDefinition.SetAllCustomScriptAssemblyReferenceJsonsContents (System.String[] paths, System.String[] contents) [0x00172] in <d9024bdc2a414b3c81b047ea3e343594>:0 
UnityEngine.DebugLogHandler:Internal_LogException_Injected(Exception, IntPtr)
UnityEngine.DebugLogHandler:Internal_LogException(Exception, Object)
UnityEngine.DebugLogHandler:LogException(Exception, Object)
UnityEngine.Logger:LogException(Exception, Object)
UnityEngine.Debug:LogException(Exception)
UnityEditor.Scripting.ScriptCompilation.EditorCompilationInterface:LogException(Exception)
UnityEditor.Scripting.ScriptCompilation.EditorCompilationInterface:EmitExceptionsAsErrors(IEnumerable`1)
UnityEditor.Scripting.ScriptCompilation.EditorCompilationInterface:SetAllCustomScriptAssemblyReferenceJsons(String[], String[])

ArgumentException: An item with the same key has already been added. Key: 7ff3712c342c8c2449b71ffa53e54e35
  at System.Collections.Generic.Dictionary`2[TKey,TValue].TryInsert (TKey key, TValue value, System.Collections.Generic.InsertionBehavior behavior) [0x0015a] in <1eb9db207454431c84a47bcd81e79c37>:0 
  at System.Collections.Generic.Dictionary`2[TKey,TValue].Add (TKey key, TValue value) [0x00000] in <1eb9db207454431c84a47bcd81e79c37>:0 
  at System.Linq.Enumerable.ToDictionary[TSource,TKey] (TSource[] source, System.Func`2[T,TResult] keySelector, System.Collections.Generic.IEqualityComparer`1[T] comparer) [0x0001c] in <6faa6124236442759eb396cfbfdad508>:0 
  at System.Linq.Enumerable.ToDictionary[TSource,TKey] (System.Collections.Generic.IEnumerable`1[T] source, System.Func`2[T,TResult] keySelector, System.Collections.Generic.IEqualityComparer`1[T] comparer) [0x00043] in <6faa6124236442759eb396cfbfdad508>:0 
  at System.Linq.Enumerable.ToDictionary[TSource,TKey] (System.Collections.Generic.IEnumerable`1[T] source, System.Func`2[T,TResult] keySelector) [0x00000] in <6faa6124236442759eb396cfbfdad508>:0 
  at UnityEditor.Scripting.ScriptCompilation.LoadingAssemblyDefinition.SetAllCustomScriptAssemblyReferenceJsonsContents (System.String[] paths, System.String[] contents) [0x00172] in <d9024bdc2a414b3c81b047ea3e343594>:0 
UnityEngine.DebugLogHandler:Internal_LogException_Injected(Exception, IntPtr)
UnityEngine.DebugLogHandler:Internal_LogException(Exception, Object)
UnityEngine.DebugLogHandler:LogException(Exception, Object)
UnityEngine.Logger:LogException(Exception, Object)
UnityEngine.Debug:LogException(Exception)
UnityEditor.Scripting.ScriptCompilation.EditorCompilationInterface:LogException(Exception)
UnityEditor.Scripting.ScriptCompilation.EditorCompilationInterface:EmitExceptionsAsErrors(IEnumerable`1)
UnityEditor.Scripting.ScriptCompilation.EditorCompilationInterface:SetAllCustomScriptAssemblyReferenceJsons(String[], String[])

ArgumentException: An item with the same key has already been added. Key: 7ff3712c342c8c2449b71ffa53e54e35
  at System.Collections.Generic.Dictionary`2[TKey,TValue].TryInsert (TKey key, TValue value, System.Collections.Generic.InsertionBehavior behavior) [0x0015a] in <1eb9db207454431c84a47bcd81e79c37>:0 
  at System.Collections.Generic.Dictionary`2[TKey,TValue].Add (TKey key, TValue value) [0x00000] in <1eb9db207454431c84a47bcd81e79c37>:0 
  at System.Linq.Enumerable.ToDictionary[TSource,TKey] (TSource[] source, System.Func`2[T,TResult] keySelector, System.Collections.Generic.IEqualityComparer`1[T] comparer) [0x0001c] in <6faa6124236442759eb396cfbfdad508>:0 
  at System.Linq.Enumerable.ToDictionary[TSource,TKey] (System.Collections.Generic.IEnumerable`1[T] source, System.Func`2[T,TResult] keySelector, System.Collections.Generic.IEqualityComparer`1[T] comparer) [0x00043] in <6faa6124236442759eb396cfbfdad508>:0 
  at System.Linq.Enumerable.ToDictionary[TSource,TKey] (System.Collections.Generic.IEnumerable`1[T] source, System.Func`2[T,TResult] keySelector) [0x00000] in <6faa6124236442759eb396cfbfdad508>:0 
  at UnityEditor.Scripting.ScriptCompilation.LoadingAssemblyDefinition.SetAllCustomScriptAssemblyReferenceJsonsContents (System.String[] paths, System.String[] contents) [0x00172] in <d9024bdc2a414b3c81b047ea3e343594>:0 
UnityEngine.DebugLogHandler:Internal_LogException_Injected(Exception, IntPtr)
UnityEngine.DebugLogHandler:Internal_LogException(Exception, Object)
UnityEngine.DebugLogHandler:LogException(Exception, Object)
UnityEngine.Logger:LogException(Exception, Object)
UnityEngine.Debug:LogException(Exception)
UnityEditor.Scripting.ScriptCompilation.EditorCompilationInterface:LogException(Exception)
UnityEditor.Scripting.ScriptCompilation.EditorCompilationInterface:EmitExceptionsAsErrors(IEnumerable`1)
UnityEditor.Scripting.ScriptCompilation.EditorCompilationInterface:SetAllCustomScriptAssemblyReferenceJsons(String[], String[])

ArgumentException: An item with the same key has already been added. Key: 7ff3712c342c8c2449b71ffa53e54e35
  at System.Collections.Generic.Dictionary`2[TKey,TValue].TryInsert (TKey key, TValue value, System.Collections.Generic.InsertionBehavior behavior) [0x0015a] in <1eb9db207454431c84a47bcd81e79c37>:0 
  at System.Collections.Generic.Dictionary`2[TKey,TValue].Add (TKey key, TValue value) [0x00000] in <1eb9db207454431c84a47bcd81e79c37>:0 
  at System.Linq.Enumerable.ToDictionary[TSource,TKey] (TSource[] source, System.Func`2[T,TResult] keySelector, System.Collections.Generic.IEqualityComparer`1[T] comparer) [0x0001c] in <6faa6124236442759eb396cfbfdad508>:0 
  at System.Linq.Enumerable.ToDictionary[TSource,TKey] (System.Collections.Generic.IEnumerable`1[T] source, System.Func`2[T,TResult] keySelector, System.Collections.Generic.IEqualityComparer`1[T] comparer) [0x00043] in <6faa6124236442759eb396cfbfdad508>:0 
  at System.Linq.Enumerable.ToDictionary[TSource,TKey] (System.Collections.Generic.IEnumerable`1[T] source, System.Func`2[T,TResult] keySelector) [0x00000] in <6faa6124236442759eb396cfbfdad508>:0 
  at UnityEditor.Scripting.ScriptCompilation.LoadingAssemblyDefinition.SetAllCustomScriptAssemblyReferenceJsonsContents (System.String[] paths, System.String[] contents) [0x00172] in <d9024bdc2a414b3c81b047ea3e343594>:0 
UnityEngine.DebugLogHandler:Internal_LogException_Injected(Exception, IntPtr)
UnityEngine.DebugLogHandler:Internal_LogException(Exception, Object)
UnityEngine.DebugLogHandler:LogException(Exception, Object)
UnityEngine.Logger:LogException(Exception, Object)
UnityEngine.Debug:LogException(Exception)
UnityEditor.Scripting.ScriptCompilation.EditorCompilationInterface:LogException(Exception)
UnityEditor.Scripting.ScriptCompilation.EditorCompilationInterface:EmitExceptionsAsErrors(IEnumerable`1)
UnityEditor.Scripting.ScriptCompilation.EditorCompilationInterface:SetAllCustomScriptAssemblyReferenceJsons(String[], String[])

ArgumentException: An item with the same key has already been added. Key: 7ff3712c342c8c2449b71ffa53e54e35
  at System.Collections.Generic.Dictionary`2[TKey,TValue].TryInsert (TKey key, TValue value, System.Collections.Generic.InsertionBehavior behavior) [0x0015a] in <1eb9db207454431c84a47bcd81e79c37>:0 
  at System.Collections.Generic.Dictionary`2[TKey,TValue].Add (TKey key, TValue value) [0x00000] in <1eb9db207454431c84a47bcd81e79c37>:0 
  at System.Linq.Enumerable.ToDictionary[TSource,TKey] (TSource[] source, System.Func`2[T,TResult] keySelector, System.Collections.Generic.IEqualityComparer`1[T] comparer) [0x0001c] in <6faa6124236442759eb396cfbfdad508>:0 
  at System.Linq.Enumerable.ToDictionary[TSource,TKey] (System.Collections.Generic.IEnumerable`1[T] source, System.Func`2[T,TResult] keySelector, System.Collections.Generic.IEqualityComparer`1[T] comparer) [0x00043] in <6faa6124236442759eb396cfbfdad508>:0 
  at System.Linq.Enumerable.ToDictionary[TSource,TKey] (System.Collections.Generic.IEnumerable`1[T] source, System.Func`2[T,TResult] keySelector) [0x00000] in <6faa6124236442759eb396cfbfdad508>:0 
  at UnityEditor.Scripting.ScriptCompilation.LoadingAssemblyDefinition.SetAllCustomScriptAssemblyReferenceJsonsContents (System.String[] paths, System.String[] contents) [0x00172] in <d9024bdc2a414b3c81b047ea3e343594>:0 
UnityEngine.DebugLogHandler:Internal_LogException_Injected(Exception, IntPtr)
UnityEngine.DebugLogHandler:Internal_LogException(Exception, Object)
UnityEngine.DebugLogHandler:LogException(Exception, Object)
UnityEngine.Logger:LogException(Exception, Object)
UnityEngine.Debug:LogException(Exception)
UnityEditor.Scripting.ScriptCompilation.EditorCompilationInterface:LogException(Exception)
UnityEditor.Scripting.ScriptCompilation.EditorCompilationInterface:EmitExceptionsAsErrors(IEnumerable`1)
UnityEditor.Scripting.ScriptCompilation.EditorCompilationInterface:SetAllCustomScriptAssemblyReferenceJsons(String[], String[])

ArgumentException: An item with the same key has already been added. Key: 7ff3712c342c8c2449b71ffa53e54e35
  at System.Collections.Generic.Dictionary`2[TKey,TValue].TryInsert (TKey key, TValue value, System.Collections.Generic.InsertionBehavior behavior) [0x0015a] in <1eb9db207454431c84a47bcd81e79c37>:0 
  at System.Collections.Generic.Dictionary`2[TKey,TValue].Add (TKey key, TValue value) [0x00000] in <1eb9db207454431c84a47bcd81e79c37>:0 
  at System.Linq.Enumerable.ToDictionary[TSource,TKey] (TSource[] source, System.Func`2[T,TResult] keySelector, System.Collections.Generic.IEqualityComparer`1[T] comparer) [0x0001c] in <6faa6124236442759eb396cfbfdad508>:0 
  at System.Linq.Enumerable.ToDictionary[TSource,TKey] (System.Collections.Generic.IEnumerable`1[T] source, System.Func`2[T,TResult] keySelector, System.Collections.Generic.IEqualityComparer`1[T] comparer) [0x00043] in <6faa6124236442759eb396cfbfdad508>:0 
  at System.Linq.Enumerable.ToDictionary[TSource,TKey] (System.Collections.Generic.IEnumerable`1[T] source, System.Func`2[T,TResult] keySelector) [0x00000] in <6faa6124236442759eb396cfbfdad508>:0 
  at UnityEditor.Scripting.ScriptCompilation.LoadingAssemblyDefinition.SetAllCustomScriptAssemblyReferenceJsonsContents (System.String[] paths, System.String[] contents) [0x00172] in <d9024bdc2a414b3c81b047ea3e343594>:0 
UnityEngine.DebugLogHandler:Internal_LogException_Injected(Exception, IntPtr)
UnityEngine.DebugLogHandler:Internal_LogException(Exception, Object)
UnityEngine.DebugLogHandler:LogException(Exception, Object)
UnityEngine.Logger:LogException(Exception, Object)
UnityEngine.Debug:LogException(Exception)
UnityEditor.Scripting.ScriptCompilation.EditorCompilationInterface:LogException(Exception)
UnityEditor.Scripting.ScriptCompilation.EditorCompilationInterface:EmitExceptionsAsErrors(IEnumerable`1)
UnityEditor.Scripting.ScriptCompilation.EditorCompilationInterface:SetAllCustomScriptAssemblyReferenceJsons(String[], String[])

ArgumentException: An item with the same key has already been added. Key: 7ff3712c342c8c2449b71ffa53e54e35
  at System.Collections.Generic.Dictionary`2[TKey,TValue].TryInsert (TKey key, TValue value, System.Collections.Generic.InsertionBehavior behavior) [0x0015a] in <1eb9db207454431c84a47bcd81e79c37>:0 
  at System.Collections.Generic.Dictionary`2[TKey,TValue].Add (TKey key, TValue value) [0x00000] in <1eb9db207454431c84a47bcd81e79c37>:0 
  at System.Linq.Enumerable.ToDictionary[TSource,TKey,TElement] (TSource[] source, System.Func`2[T,TResult] keySelector, System.Func`2[T,TResult] elementSelector, System.Collections.Generic.IEqualityComparer`1[T] comparer) [0x00029] in <6faa6124236442759eb396cfbfdad508>:0 
  at System.Linq.Enumerable.ToDictionary[TSource,TKey,TElement] (System.Collections.Generic.IEnumerable`1[T] source, System.Func`2[T,TResult] keySelector, System.Func`2[T,TResult] elementSelector, System.Collections.Generic.IEqualityComparer`1[T] comparer) [0x00051] in <6faa6124236442759eb396cfbfdad508>:0 
  at System.Linq.Enumerable.ToDictionary[TSource,TKey,TElement] (System.Collections.Generic.IEnumerable`1[T] source, System.Func`2[T,TResult] keySelector, System.Func`2[T,TResult] elementSelector) [0x00000] in <6faa6124236442759eb396cfbfdad508>:0 
  at UnityEditor.Scripting.ScriptCompilation.AssemblyGraphBuilder.Initialize (System.Collections.Generic.IReadOnlyCollection`1[T] assemblies, System.Collections.Generic.IReadOnlyCollection`1[T] customScriptAssemblyReferences) [0x00046] in <d9024bdc2a414b3c81b047ea3e343594>:0 
  at UnityEditor.Scripting.ScriptCompilation.AssemblyGraphBuilderFactory.GetOrCreate (System.String projectPath, System.Collections.Generic.IReadOnlyCollection`1[T] assemblies, System.Collections.Generic.IReadOnlyCollection`1[T] customScriptAssemblyReferences) [0x00038] in <d9024bdc2a414b3c81b047ea3e343594>:0 
  at UnityEditor.Scripting.ScriptCompilation.EditorCompilation.GetAssemblyGraphBuilder () [0x00027] in <d9024bdc2a414b3c81b047ea3e343594>:0 
  at UnityEditor.Scripting.ScriptCompilation.EditorCompilation.SetAllScripts (System.String[] allScripts) [0x0000d] in <d9024bdc2a414b3c81b047ea3e343594>:0 
  at UnityEditor.Scripting.ScriptCompilation.EditorCompilationInterface.SetAllScripts (System.String[] allScripts) [0x00006] in <d9024bdc2a414b3c81b047ea3e343594>:0 

Begin MonoManager ReloadAssembly
[Licensing::Client] Successfully resolved entitlement details
DirectoryNotFoundException: Could not find a part of the path "C:\Users\Nasho's Laptop\BaroodProject\Packages\com.unity.dt.app-ui\Runtime\MVVM\SourceGenerators\netstandard2.0\MVVMSourceGenerators.dll".
  at System.IO.FileStream..ctor (System.String path, System.IO.FileMode mode, System.IO.FileAccess access, System.IO.FileShare share, System.Int32 bufferSize, System.Boolean anonymous, System.IO.FileOptions options) [0x00164] in <1eb9db207454431c84a47bcd81e79c37>:0 
  at System.IO.FileStream..ctor (System.String path, System.IO.FileMode mode, System.IO.FileAccess access, System.IO.FileShare share) [0x00000] in <1eb9db207454431c84a47bcd81e79c37>:0 
  at (wrapper remoting-invoke-with-check) System.IO.FileStream..ctor(string,System.IO.FileMode,System.IO.FileAccess,System.IO.FileShare)
  at Mono.Cecil.ModuleDefinition.GetFileStream (System.String fileName, System.IO.FileMode mode, System.IO.FileAccess access, System.IO.FileShare share) [0x00006] in <4e339395f8074c75847e518298d9c5fd>:0 
  at Mono.Cecil.ModuleDefinition.ReadModule (System.String fileName, Mono.Cecil.ReaderParameters parameters) [0x00008] in <4e339395f8074c75847e518298d9c5fd>:0 
  at Mono.Cecil.AssemblyDefinition.ReadAssembly (System.String fileName, Mono.Cecil.ReaderParameters parameters) [0x00000] in <4e339395f8074c75847e518298d9c5fd>:0 
  at UnityEditor.AssemblyValidation.ValidateRoslynAnalyzers (System.String[] analyzerPaths) [0x00025] in <d9024bdc2a414b3c81b047ea3e343594>:0 

Symbol file LoadedFromMemory is not a mono symbol file
- Loaded All Assemblies, in  3.213 seconds
ArgumentException: An item with the same key has already been added. Key: 7ff3712c342c8c2449b71ffa53e54e35
  at System.Collections.Generic.Dictionary`2[TKey,TValue].TryInsert (TKey key, TValue value, System.Collections.Generic.InsertionBehavior behavior) [0x0015a] in <1eb9db207454431c84a47bcd81e79c37>:0 
  at System.Collections.Generic.Dictionary`2[TKey,TValue].Add (TKey key, TValue value) [0x00000] in <1eb9db207454431c84a47bcd81e79c37>:0 
  at System.Linq.Enumerable.ToDictionary[TSource,TKey] (TSource[] source, System.Func`2[T,TResult] keySelector, System.Collections.Generic.IEqualityComparer`1[T] comparer) [0x0001c] in <6faa6124236442759eb396cfbfdad508>:0 
  at System.Linq.Enumerable.ToDictionary[TSource,TKey] (System.Collections.Generic.IEnumerable`1[T] source, System.Func`2[T,TResult] keySelector, System.Collections.Generic.IEqualityComparer`1[T] comparer) [0x00043] in <6faa6124236442759eb396cfbfdad508>:0 
  at System.Linq.Enumerable.ToDictionary[TSource,TKey] (System.Collections.Generic.IEnumerable`1[T] source, System.Func`2[T,TResult] keySelector) [0x00000] in <6faa6124236442759eb396cfbfdad508>:0 
  at UnityEditor.Scripting.ScriptCompilation.LoadingAssemblyDefinition.SetAllCustomScriptAssemblyReferenceJsonsContents (System.String[] paths, System.String[] contents) [0x00172] in <d9024bdc2a414b3c81b047ea3e343594>:0 
UnityEngine.DebugLogHandler:Internal_LogException_Injected(Exception, IntPtr)
UnityEngine.DebugLogHandler:Internal_LogException(Exception, Object)
UnityEngine.DebugLogHandler:LogException(Exception, Object)
UnityEngine.Logger:LogException(Exception, Object)
UnityEngine.Debug:LogException(Exception)
UnityEditor.Scripting.ScriptCompilation.EditorCompilationInterface:LogException(Exception)
UnityEditor.Scripting.ScriptCompilation.EditorCompilationInterface:EmitExceptionsAsErrors(IEnumerable`1)
UnityEditor.Scripting.ScriptCompilation.EditorCompilationInterface:SetAllCustomScriptAssemblyReferenceJsons(String[], String[])

ArgumentException: An item with the same key has already been added. Key: 7ff3712c342c8c2449b71ffa53e54e35
  at System.Collections.Generic.Dictionary`2[TKey,TValue].TryInsert (TKey key, TValue value, System.Collections.Generic.InsertionBehavior behavior) [0x0015a] in <1eb9db207454431c84a47bcd81e79c37>:0 
  at System.Collections.Generic.Dictionary`2[TKey,TValue].Add (TKey key, TValue value) [0x00000] in <1eb9db207454431c84a47bcd81e79c37>:0 
  at System.Linq.Enumerable.ToDictionary[TSource,TKey] (TSource[] source, System.Func`2[T,TResult] keySelector, System.Collections.Generic.IEqualityComparer`1[T] comparer) [0x0001c] in <6faa6124236442759eb396cfbfdad508>:0 
  at System.Linq.Enumerable.ToDictionary[TSource,TKey] (System.Collections.Generic.IEnumerable`1[T] source, System.Func`2[T,TResult] keySelector, System.Collections.Generic.IEqualityComparer`1[T] comparer) [0x00043] in <6faa6124236442759eb396cfbfdad508>:0 
  at System.Linq.Enumerable.ToDictionary[TSource,TKey] (System.Collections.Generic.IEnumerable`1[T] source, System.Func`2[T,TResult] keySelector) [0x00000] in <6faa6124236442759eb396cfbfdad508>:0 
  at UnityEditor.Scripting.ScriptCompilation.LoadingAssemblyDefinition.SetAllCustomScriptAssemblyReferenceJsonsContents (System.String[] paths, System.String[] contents) [0x00172] in <d9024bdc2a414b3c81b047ea3e343594>:0 
UnityEngine.DebugLogHandler:Internal_LogException_Injected(Exception, IntPtr)
UnityEngine.DebugLogHandler:Internal_LogException(Exception, Object)
UnityEngine.DebugLogHandler:LogException(Exception, Object)
UnityEngine.Logger:LogException(Exception, Object)
UnityEngine.Debug:LogException(Exception)
UnityEditor.Scripting.ScriptCompilation.EditorCompilationInterface:LogException(Exception)
UnityEditor.Scripting.ScriptCompilation.EditorCompilationInterface:EmitExceptionsAsErrors(IEnumerable`1)
UnityEditor.Scripting.ScriptCompilation.EditorCompilationInterface:SetAllCustomScriptAssemblyReferenceJsons(String[], String[])

ArgumentException: An item with the same key has already been added. Key: 7ff3712c342c8c2449b71ffa53e54e35
  at System.Collections.Generic.Dictionary`2[TKey,TValue].TryInsert (TKey key, TValue value, System.Collections.Generic.InsertionBehavior behavior) [0x0015a] in <1eb9db207454431c84a47bcd81e79c37>:0 
  at System.Collections.Generic.Dictionary`2[TKey,TValue].Add (TKey key, TValue value) [0x00000] in <1eb9db207454431c84a47bcd81e79c37>:0 
  at System.Linq.Enumerable.ToDictionary[TSource,TKey] (TSource[] source, System.Func`2[T,TResult] keySelector, System.Collections.Generic.IEqualityComparer`1[T] comparer) [0x0001c] in <6faa6124236442759eb396cfbfdad508>:0 
  at System.Linq.Enumerable.ToDictionary[TSource,TKey] (System.Collections.Generic.IEnumerable`1[T] source, System.Func`2[T,TResult] keySelector, System.Collections.Generic.IEqualityComparer`1[T] comparer) [0x00043] in <6faa6124236442759eb396cfbfdad508>:0 
  at System.Linq.Enumerable.ToDictionary[TSource,TKey] (System.Collections.Generic.IEnumerable`1[T] source, System.Func`2[T,TResult] keySelector) [0x00000] in <6faa6124236442759eb396cfbfdad508>:0 
  at UnityEditor.Scripting.ScriptCompilation.LoadingAssemblyDefinition.SetAllCustomScriptAssemblyReferenceJsonsContents (System.String[] paths, System.String[] contents) [0x00172] in <d9024bdc2a414b3c81b047ea3e343594>:0 
UnityEngine.DebugLogHandler:Internal_LogException_Injected(Exception, IntPtr)
UnityEngine.DebugLogHandler:Internal_LogException(Exception, Object)
UnityEngine.DebugLogHandler:LogException(Exception, Object)
UnityEngine.Logger:LogException(Exception, Object)
UnityEngine.Debug:LogException(Exception)
UnityEditor.Scripting.ScriptCompilation.EditorCompilationInterface:LogException(Exception)
UnityEditor.Scripting.ScriptCompilation.EditorCompilationInterface:EmitExceptionsAsErrors(IEnumerable`1)
UnityEditor.Scripting.ScriptCompilation.EditorCompilationInterface:SetAllCustomScriptAssemblyReferenceJsons(String[], String[])

ArgumentException: An item with the same key has already been added. Key: 7ff3712c342c8c2449b71ffa53e54e35
  at System.Collections.Generic.Dictionary`2[TKey,TValue].TryInsert (TKey key, TValue value, System.Collections.Generic.InsertionBehavior behavior) [0x0015a] in <1eb9db207454431c84a47bcd81e79c37>:0 
  at System.Collections.Generic.Dictionary`2[TKey,TValue].Add (TKey key, TValue value) [0x00000] in <1eb9db207454431c84a47bcd81e79c37>:0 
  at System.Linq.Enumerable.ToDictionary[TSource,TKey] (TSource[] source, System.Func`2[T,TResult] keySelector, System.Collections.Generic.IEqualityComparer`1[T] comparer) [0x0001c] in <6faa6124236442759eb396cfbfdad508>:0 
  at System.Linq.Enumerable.ToDictionary[TSource,TKey] (System.Collections.Generic.IEnumerable`1[T] source, System.Func`2[T,TResult] keySelector, System.Collections.Generic.IEqualityComparer`1[T] comparer) [0x00043] in <6faa6124236442759eb396cfbfdad508>:0 
  at System.Linq.Enumerable.ToDictionary[TSource,TKey] (System.Collections.Generic.IEnumerable`1[T] source, System.Func`2[T,TResult] keySelector) [0x00000] in <6faa6124236442759eb396cfbfdad508>:0 
  at UnityEditor.Scripting.ScriptCompilation.LoadingAssemblyDefinition.SetAllCustomScriptAssemblyReferenceJsonsContents (System.String[] paths, System.String[] contents) [0x00172] in <d9024bdc2a414b3c81b047ea3e343594>:0 
UnityEngine.DebugLogHandler:Internal_LogException_Injected(Exception, IntPtr)
UnityEngine.DebugLogHandler:Internal_LogException(Exception, Object)
UnityEngine.DebugLogHandler:LogException(Exception, Object)
UnityEngine.Logger:LogException(Exception, Object)
UnityEngine.Debug:LogException(Exception)
UnityEditor.Scripting.ScriptCompilation.EditorCompilationInterface:LogException(Exception)
UnityEditor.Scripting.ScriptCompilation.EditorCompilationInterface:EmitExceptionsAsErrors(IEnumerable`1)
UnityEditor.Scripting.ScriptCompilation.EditorCompilationInterface:SetAllCustomScriptAssemblyReferenceJsons(String[], String[])

ArgumentException: An item with the same key has already been added. Key: 7ff3712c342c8c2449b71ffa53e54e35
  at System.Collections.Generic.Dictionary`2[TKey,TValue].TryInsert (TKey key, TValue value, System.Collections.Generic.InsertionBehavior behavior) [0x0015a] in <1eb9db207454431c84a47bcd81e79c37>:0 
  at System.Collections.Generic.Dictionary`2[TKey,TValue].Add (TKey key, TValue value) [0x00000] in <1eb9db207454431c84a47bcd81e79c37>:0 
  at System.Linq.Enumerable.ToDictionary[TSource,TKey] (TSource[] source, System.Func`2[T,TResult] keySelector, System.Collections.Generic.IEqualityComparer`1[T] comparer) [0x0001c] in <6faa6124236442759eb396cfbfdad508>:0 
  at System.Linq.Enumerable.ToDictionary[TSource,TKey] (System.Collections.Generic.IEnumerable`1[T] source, System.Func`2[T,TResult] keySelector, System.Collections.Generic.IEqualityComparer`1[T] comparer) [0x00043] in <6faa6124236442759eb396cfbfdad508>:0 
  at System.Linq.Enumerable.ToDictionary[TSource,TKey] (System.Collections.Generic.IEnumerable`1[T] source, System.Func`2[T,TResult] keySelector) [0x00000] in <6faa6124236442759eb396cfbfdad508>:0 
  at UnityEditor.Scripting.ScriptCompilation.LoadingAssemblyDefinition.SetAllCustomScriptAssemblyReferenceJsonsContents (System.String[] paths, System.String[] contents) [0x00172] in <d9024bdc2a414b3c81b047ea3e343594>:0 
UnityEngine.DebugLogHandler:Internal_LogException_Injected(Exception, IntPtr)
UnityEngine.DebugLogHandler:Internal_LogException(Exception, Object)
UnityEngine.DebugLogHandler:LogException(Exception, Object)
UnityEngine.Logger:LogException(Exception, Object)
UnityEngine.Debug:LogException(Exception)
UnityEditor.Scripting.ScriptCompilation.EditorCompilationInterface:LogException(Exception)
UnityEditor.Scripting.ScriptCompilation.EditorCompilationInterface:EmitExceptionsAsErrors(IEnumerable`1)
UnityEditor.Scripting.ScriptCompilation.EditorCompilationInterface:SetAllCustomScriptAssemblyReferenceJsons(String[], String[])

ArgumentException: An item with the same key has already been added. Key: 7ff3712c342c8c2449b71ffa53e54e35
  at System.Collections.Generic.Dictionary`2[TKey,TValue].TryInsert (TKey key, TValue value, System.Collections.Generic.InsertionBehavior behavior) [0x0015a] in <1eb9db207454431c84a47bcd81e79c37>:0 
  at System.Collections.Generic.Dictionary`2[TKey,TValue].Add (TKey key, TValue value) [0x00000] in <1eb9db207454431c84a47bcd81e79c37>:0 
  at System.Linq.Enumerable.ToDictionary[TSource,TKey] (TSource[] source, System.Func`2[T,TResult] keySelector, System.Collections.Generic.IEqualityComparer`1[T] comparer) [0x0001c] in <6faa6124236442759eb396cfbfdad508>:0 
  at System.Linq.Enumerable.ToDictionary[TSource,TKey] (System.Collections.Generic.IEnumerable`1[T] source, System.Func`2[T,TResult] keySelector, System.Collections.Generic.IEqualityComparer`1[T] comparer) [0x00043] in <6faa6124236442759eb396cfbfdad508>:0 
  at System.Linq.Enumerable.ToDictionary[TSource,TKey] (System.Collections.Generic.IEnumerable`1[T] source, System.Func`2[T,TResult] keySelector) [0x00000] in <6faa6124236442759eb396cfbfdad508>:0 
  at UnityEditor.Scripting.ScriptCompilation.LoadingAssemblyDefinition.SetAllCustomScriptAssemblyReferenceJsonsContents (System.String[] paths, System.String[] contents) [0x00172] in <d9024bdc2a414b3c81b047ea3e343594>:0 
UnityEngine.DebugLogHandler:Internal_LogException_Injected(Exception, IntPtr)
UnityEngine.DebugLogHandler:Internal_LogException(Exception, Object)
UnityEngine.DebugLogHandler:LogException(Exception, Object)
UnityEngine.Logger:LogException(Exception, Object)
UnityEngine.Debug:LogException(Exception)
UnityEditor.Scripting.ScriptCompilation.EditorCompilationInterface:LogException(Exception)
UnityEditor.Scripting.ScriptCompilation.EditorCompilationInterface:EmitExceptionsAsErrors(IEnumerable`1)
UnityEditor.Scripting.ScriptCompilation.EditorCompilationInterface:SetAllCustomScriptAssemblyReferenceJsons(String[], String[])

ArgumentException: An item with the same key has already been added. Key: 7ff3712c342c8c2449b71ffa53e54e35
  at System.Collections.Generic.Dictionary`2[TKey,TValue].TryInsert (TKey key, TValue value, System.Collections.Generic.InsertionBehavior behavior) [0x0015a] in <1eb9db207454431c84a47bcd81e79c37>:0 
  at System.Collections.Generic.Dictionary`2[TKey,TValue].Add (TKey key, TValue value) [0x00000] in <1eb9db207454431c84a47bcd81e79c37>:0 
  at System.Linq.Enumerable.ToDictionary[TSource,TKey] (TSource[] source, System.Func`2[T,TResult] keySelector, System.Collections.Generic.IEqualityComparer`1[T] comparer) [0x0001c] in <6faa6124236442759eb396cfbfdad508>:0 
  at System.Linq.Enumerable.ToDictionary[TSource,TKey] (System.Collections.Generic.IEnumerable`1[T] source, System.Func`2[T,TResult] keySelector, System.Collections.Generic.IEqualityComparer`1[T] comparer) [0x00043] in <6faa6124236442759eb396cfbfdad508>:0 
  at System.Linq.Enumerable.ToDictionary[TSource,TKey] (System.Collections.Generic.IEnumerable`1[T] source, System.Func`2[T,TResult] keySelector) [0x00000] in <6faa6124236442759eb396cfbfdad508>:0 
  at UnityEditor.Scripting.ScriptCompilation.LoadingAssemblyDefinition.SetAllCustomScriptAssemblyReferenceJsonsContents (System.String[] paths, System.String[] contents) [0x00172] in <d9024bdc2a414b3c81b047ea3e343594>:0 
UnityEngine.DebugLogHandler:Internal_LogException_Injected(Exception, IntPtr)
UnityEngine.DebugLogHandler:Internal_LogException(Exception, Object)
UnityEngine.DebugLogHandler:LogException(Exception, Object)
UnityEngine.Logger:LogException(Exception, Object)
UnityEngine.Debug:LogException(Exception)
UnityEditor.Scripting.ScriptCompilation.EditorCompilationInterface:LogException(Exception)
UnityEditor.Scripting.ScriptCompilation.EditorCompilationInterface:EmitExceptionsAsErrors(IEnumerable`1)
UnityEditor.Scripting.ScriptCompilation.EditorCompilationInterface:SetAllCustomScriptAssemblyReferenceJsons(String[], String[])

ArgumentException: An item with the same key has already been added. Key: 7ff3712c342c8c2449b71ffa53e54e35
  at System.Collections.Generic.Dictionary`2[TKey,TValue].TryInsert (TKey key, TValue value, System.Collections.Generic.InsertionBehavior behavior) [0x0015a] in <1eb9db207454431c84a47bcd81e79c37>:0 
  at System.Collections.Generic.Dictionary`2[TKey,TValue].Add (TKey key, TValue value) [0x00000] in <1eb9db207454431c84a47bcd81e79c37>:0 
  at System.Linq.Enumerable.ToDictionary[TSource,TKey,TElement] (TSource[] source, System.Func`2[T,TResult] keySelector, System.Func`2[T,TResult] elementSelector, System.Collections.Generic.IEqualityComparer`1[T] comparer) [0x00029] in <6faa6124236442759eb396cfbfdad508>:0 
  at System.Linq.Enumerable.ToDictionary[TSource,TKey,TElement] (System.Collections.Generic.IEnumerable`1[T] source, System.Func`2[T,TResult] keySelector, System.Func`2[T,TResult] elementSelector, System.Collections.Generic.IEqualityComparer`1[T] comparer) [0x00051] in <6faa6124236442759eb396cfbfdad508>:0 
  at System.Linq.Enumerable.ToDictionary[TSource,TKey,TElement] (System.Collections.Generic.IEnumerable`1[T] source, System.Func`2[T,TResult] keySelector, System.Func`2[T,TResult] elementSelector) [0x00000] in <6faa6124236442759eb396cfbfdad508>:0 
  at UnityEditor.Scripting.ScriptCompilation.AssemblyGraphBuilder.Initialize (System.Collections.Generic.IReadOnlyCollection`1[T] assemblies, System.Collections.Generic.IReadOnlyCollection`1[T] customScriptAssemblyReferences) [0x00046] in <d9024bdc2a414b3c81b047ea3e343594>:0 
  at UnityEditor.Scripting.ScriptCompilation.AssemblyGraphBuilderFactory.GetOrCreate (System.String projectPath, System.Collections.Generic.IReadOnlyCollection`1[T] assemblies, System.Collections.Generic.IReadOnlyCollection`1[T] customScriptAssemblyReferences) [0x00038] in <d9024bdc2a414b3c81b047ea3e343594>:0 
  at UnityEditor.Scripting.ScriptCompilation.EditorCompilation.GetAssemblyGraphBuilder () [0x00027] in <d9024bdc2a414b3c81b047ea3e343594>:0 
  at UnityEditor.Scripting.ScriptCompilation.EditorCompilation.SetAllScripts (System.String[] allScripts) [0x0000d] in <d9024bdc2a414b3c81b047ea3e343594>:0 
  at UnityEditor.Scripting.ScriptCompilation.EditorCompilationInterface.SetAllScripts (System.String[] allScripts) [0x00006] in <d9024bdc2a414b3c81b047ea3e343594>:0 

Refreshing native plugins compatible for Editor in 4.58 ms, found 3 plugins.
Assertion failed on expression: 'pred(*previous, *i)'
Assertion failed on expression: 'pred(*previous, *i)'
Assertion failed on expression: 'pred(*previous, *i)'
Assertion failed on expression: 'pred(*previous, *i)'
Assertion failed on expression: 'pred(*previous, *i)'
Assertion failed on expression: 'pred(*previous, *i)'
Assertion failed on expression: 'pred(*previous, *i)'
Assertion failed on expression: 'pred(*previous, *i)'
Assertion failed on expression: 'pred(*previous, *i)'
Assertion failed on expression: 'pred(*previous, *i)'
Assertion failed on expression: 'pred(*previous, *i)'
Assertion failed on expression: 'pred(*previous, *i)'
Assertion failed on expression: 'pred(*previous, *i)'
Assertion failed on expression: 'pred(*previous, *i)'
Assertion failed on expression: 'pred(*previous, *i)'
Assertion failed on expression: 'pred(*previous, *i)'
Assertion failed on expression: 'pred(*previous, *i)'
Assertion failed on expression: 'pred(*previous, *i)'
Assertion failed on expression: 'pred(*previous, *i)'
Assertion failed on expression: 'pred(*previous, *i)'
Assertion failed on expression: 'pred(*previous, *i)'
Assertion failed on expression: 'pred(*previous, *i)'
Assertion failed on expression: 'pred(*previous, *i)'
Assertion failed on expression: 'pred(*previous, *i)'
Assertion failed on expression: 'pred(*previous, *i)'
Assertion failed on expression: 'pred(*previous, *i)'
Assertion failed on expression: 'pred(*previous, *i)'
Assertion failed on expression: 'pred(*previous, *i)'
Assertion failed on expression: 'pred(*previous, *i)'
Assertion failed on expression: 'pred(*previous, *i)'
Assertion failed on expression: 'pred(*previous, *i)'
Assertion failed on expression: 'pred(*previous, *i)'
Assertion failed on expression: 'pred(*previous, *i)'
Assertion failed on expression: 'pred(*previous, *i)'
Assertion failed on expression: 'pred(*previous, *i)'
Assertion failed on expression: 'pred(*previous, *i)'
Assertion failed on expression: 'pred(*previous, *i)'
Assertion failed on expression: 'pred(*previous, *i)'
Assertion failed on expression: 'pred(*previous, *i)'
Assertion failed on expression: 'pred(*previous, *i)'
Assertion failed on expression: 'pred(*previous, *i)'
Assertion failed on expression: 'pred(*previous, *i)'
Assertion failed on expression: 'pred(*previous, *i)'
Assertion failed on expression: 'pred(*previous, *i)'
Assertion failed on expression: 'pred(*previous, *i)'
Assertion failed on expression: 'pred(*previous, *i)'
Native extension for WindowsStandalone target not found
Native extension for WebGL target not found
ArgumentException: An item with the same key has already been added. Key: 7ff3712c342c8c2449b71ffa53e54e35
  at System.Collections.Generic.Dictionary`2[TKey,TValue].TryInsert (TKey key, TValue value, System.Collections.Generic.InsertionBehavior behavior) [0x0015a] in <1eb9db207454431c84a47bcd81e79c37>:0 
  at System.Collections.Generic.Dictionary`2[TKey,TValue].Add (TKey key, TValue value) [0x00000] in <1eb9db207454431c84a47bcd81e79c37>:0 
  at System.Linq.Enumerable.ToDictionary[TSource,TKey] (TSource[] source, System.Func`2[T,TResult] keySelector, System.Collections.Generic.IEqualityComparer`1[T] comparer) [0x0001c] in <6faa6124236442759eb396cfbfdad508>:0 
  at System.Linq.Enumerable.ToDictionary[TSource,TKey] (System.Collections.Generic.IEnumerable`1[T] source, System.Func`2[T,TResult] keySelector, System.Collections.Generic.IEqualityComparer`1[T] comparer) [0x00043] in <6faa6124236442759eb396cfbfdad508>:0 
  at System.Linq.Enumerable.ToDictionary[TSource,TKey] (System.Collections.Generic.IEnumerable`1[T] source, System.Func`2[T,TResult] keySelector) [0x00000] in <6faa6124236442759eb396cfbfdad508>:0 
  at UnityEditor.Scripting.ScriptCompilation.LoadingAssemblyDefinition.SetAllCustomScriptAssemblyReferenceJsonsContents (System.String[] paths, System.String[] contents) [0x00172] in <d9024bdc2a414b3c81b047ea3e343594>:0 
UnityEngine.DebugLogHandler:Internal_LogException_Injected(Exception, IntPtr)
UnityEngine.DebugLogHandler:Internal_LogException(Exception, Object)
UnityEngine.DebugLogHandler:LogException(Exception, Object)
UnityEngine.Logger:LogException(Exception, Object)
UnityEngine.Debug:LogException(Exception)
UnityEditor.Scripting.ScriptCompilation.EditorCompilationInterface:LogException(Exception)
UnityEditor.Scripting.ScriptCompilation.EditorCompilationInterface:EmitExceptionsAsErrors(IEnumerable`1)
UnityEditor.Scripting.ScriptCompilation.EditorCompilationInterface:SetAllCustomScriptAssemblyReferenceJsons(String[], String[])

ArgumentException: An item with the same key has already been added. Key: 7ff3712c342c8c2449b71ffa53e54e35
  at System.Collections.Generic.Dictionary`2[TKey,TValue].TryInsert (TKey key, TValue value, System.Collections.Generic.InsertionBehavior behavior) [0x0015a] in <1eb9db207454431c84a47bcd81e79c37>:0 
  at System.Collections.Generic.Dictionary`2[TKey,TValue].Add (TKey key, TValue value) [0x00000] in <1eb9db207454431c84a47bcd81e79c37>:0 
  at System.Linq.Enumerable.ToDictionary[TSource,TKey] (TSource[] source, System.Func`2[T,TResult] keySelector, System.Collections.Generic.IEqualityComparer`1[T] comparer) [0x0001c] in <6faa6124236442759eb396cfbfdad508>:0 
  at System.Linq.Enumerable.ToDictionary[TSource,TKey] (System.Collections.Generic.IEnumerable`1[T] source, System.Func`2[T,TResult] keySelector, System.Collections.Generic.IEqualityComparer`1[T] comparer) [0x00043] in <6faa6124236442759eb396cfbfdad508>:0 
  at System.Linq.Enumerable.ToDictionary[TSource,TKey] (System.Collections.Generic.IEnumerable`1[T] source, System.Func`2[T,TResult] keySelector) [0x00000] in <6faa6124236442759eb396cfbfdad508>:0 
  at UnityEditor.Scripting.ScriptCompilation.LoadingAssemblyDefinition.SetAllCustomScriptAssemblyReferenceJsonsContents (System.String[] paths, System.String[] contents) [0x00172] in <d9024bdc2a414b3c81b047ea3e343594>:0 
UnityEngine.DebugLogHandler:Internal_LogException_Injected(Exception, IntPtr)
UnityEngine.DebugLogHandler:Internal_LogException(Exception, Object)
UnityEngine.DebugLogHandler:LogException(Exception, Object)
UnityEngine.Logger:LogException(Exception, Object)
UnityEngine.Debug:LogException(Exception)
UnityEditor.Scripting.ScriptCompilation.EditorCompilationInterface:LogException(Exception)
UnityEditor.Scripting.ScriptCompilation.EditorCompilationInterface:EmitExceptionsAsErrors(IEnumerable`1)
UnityEditor.Scripting.ScriptCompilation.EditorCompilationInterface:SetAllCustomScriptAssemblyReferenceJsons(String[], String[])

ArgumentException: An item with the same key has already been added. Key: 7ff3712c342c8c2449b71ffa53e54e35
  at System.Collections.Generic.Dictionary`2[TKey,TValue].TryInsert (TKey key, TValue value, System.Collections.Generic.InsertionBehavior behavior) [0x0015a] in <1eb9db207454431c84a47bcd81e79c37>:0 
  at System.Collections.Generic.Dictionary`2[TKey,TValue].Add (TKey key, TValue value) [0x00000] in <1eb9db207454431c84a47bcd81e79c37>:0 
  at System.Linq.Enumerable.ToDictionary[TSource,TKey] (TSource[] source, System.Func`2[T,TResult] keySelector, System.Collections.Generic.IEqualityComparer`1[T] comparer) [0x0001c] in <6faa6124236442759eb396cfbfdad508>:0 
  at System.Linq.Enumerable.ToDictionary[TSource,TKey] (System.Collections.Generic.IEnumerable`1[T] source, System.Func`2[T,TResult] keySelector, System.Collections.Generic.IEqualityComparer`1[T] comparer) [0x00043] in <6faa6124236442759eb396cfbfdad508>:0 
  at System.Linq.Enumerable.ToDictionary[TSource,TKey] (System.Collections.Generic.IEnumerable`1[T] source, System.Func`2[T,TResult] keySelector) [0x00000] in <6faa6124236442759eb396cfbfdad508>:0 
  at UnityEditor.Scripting.ScriptCompilation.LoadingAssemblyDefinition.SetAllCustomScriptAssemblyReferenceJsonsContents (System.String[] paths, System.String[] contents) [0x00172] in <d9024bdc2a414b3c81b047ea3e343594>:0 
UnityEngine.DebugLogHandler:Internal_LogException_Injected(Exception, IntPtr)
UnityEngine.DebugLogHandler:Internal_LogException(Exception, Object)
UnityEngine.DebugLogHandler:LogException(Exception, Object)
UnityEngine.Logger:LogException(Exception, Object)
UnityEngine.Debug:LogException(Exception)
UnityEditor.Scripting.ScriptCompilation.EditorCompilationInterface:LogException(Exception)
UnityEditor.Scripting.ScriptCompilation.EditorCompilationInterface:EmitExceptionsAsErrors(IEnumerable`1)
UnityEditor.Scripting.ScriptCompilation.EditorCompilationInterface:SetAllCustomScriptAssemblyReferenceJsons(String[], String[])

ArgumentException: An item with the same key has already been added. Key: 7ff3712c342c8c2449b71ffa53e54e35
  at System.Collections.Generic.Dictionary`2[TKey,TValue].TryInsert (TKey key, TValue value, System.Collections.Generic.InsertionBehavior behavior) [0x0015a] in <1eb9db207454431c84a47bcd81e79c37>:0 
  at System.Collections.Generic.Dictionary`2[TKey,TValue].Add (TKey key, TValue value) [0x00000] in <1eb9db207454431c84a47bcd81e79c37>:0 
  at System.Linq.Enumerable.ToDictionary[TSource,TKey] (TSource[] source, System.Func`2[T,TResult] keySelector, System.Collections.Generic.IEqualityComparer`1[T] comparer) [0x0001c] in <6faa6124236442759eb396cfbfdad508>:0 
  at System.Linq.Enumerable.ToDictionary[TSource,TKey] (System.Collections.Generic.IEnumerable`1[T] source, System.Func`2[T,TResult] keySelector, System.Collections.Generic.IEqualityComparer`1[T] comparer) [0x00043] in <6faa6124236442759eb396cfbfdad508>:0 
  at System.Linq.Enumerable.ToDictionary[TSource,TKey] (System.Collections.Generic.IEnumerable`1[T] source, System.Func`2[T,TResult] keySelector) [0x00000] in <6faa6124236442759eb396cfbfdad508>:0 
  at UnityEditor.Scripting.ScriptCompilation.LoadingAssemblyDefinition.SetAllCustomScriptAssemblyReferenceJsonsContents (System.String[] paths, System.String[] contents) [0x00172] in <d9024bdc2a414b3c81b047ea3e343594>:0 
UnityEngine.DebugLogHandler:Internal_LogException_Injected(Exception, IntPtr)
UnityEngine.DebugLogHandler:Internal_LogException(Exception, Object)
UnityEngine.DebugLogHandler:LogException(Exception, Object)
UnityEngine.Logger:LogException(Exception, Object)
UnityEngine.Debug:LogException(Exception)
UnityEditor.Scripting.ScriptCompilation.EditorCompilationInterface:LogException(Exception)
UnityEditor.Scripting.ScriptCompilation.EditorCompilationInterface:EmitExceptionsAsErrors(IEnumerable`1)
UnityEditor.Scripting.ScriptCompilation.EditorCompilationInterface:SetAllCustomScriptAssemblyReferenceJsons(String[], String[])

ArgumentException: An item with the same key has already been added. Key: 7ff3712c342c8c2449b71ffa53e54e35
  at System.Collections.Generic.Dictionary`2[TKey,TValue].TryInsert (TKey key, TValue value, System.Collections.Generic.InsertionBehavior behavior) [0x0015a] in <1eb9db207454431c84a47bcd81e79c37>:0 
  at System.Collections.Generic.Dictionary`2[TKey,TValue].Add (TKey key, TValue value) [0x00000] in <1eb9db207454431c84a47bcd81e79c37>:0 
  at System.Linq.Enumerable.ToDictionary[TSource,TKey] (TSource[] source, System.Func`2[T,TResult] keySelector, System.Collections.Generic.IEqualityComparer`1[T] comparer) [0x0001c] in <6faa6124236442759eb396cfbfdad508>:0 
  at System.Linq.Enumerable.ToDictionary[TSource,TKey] (System.Collections.Generic.IEnumerable`1[T] source, System.Func`2[T,TResult] keySelector, System.Collections.Generic.IEqualityComparer`1[T] comparer) [0x00043] in <6faa6124236442759eb396cfbfdad508>:0 
  at System.Linq.Enumerable.ToDictionary[TSource,TKey] (System.Collections.Generic.IEnumerable`1[T] source, System.Func`2[T,TResult] keySelector) [0x00000] in <6faa6124236442759eb396cfbfdad508>:0 
  at UnityEditor.Scripting.ScriptCompilation.LoadingAssemblyDefinition.SetAllCustomScriptAssemblyReferenceJsonsContents (System.String[] paths, System.String[] contents) [0x00172] in <d9024bdc2a414b3c81b047ea3e343594>:0 
UnityEngine.DebugLogHandler:Internal_LogException_Injected(Exception, IntPtr)
UnityEngine.DebugLogHandler:Internal_LogException(Exception, Object)
UnityEngine.DebugLogHandler:LogException(Exception, Object)
UnityEngine.Logger:LogException(Exception, Object)
UnityEngine.Debug:LogException(Exception)
UnityEditor.Scripting.ScriptCompilation.EditorCompilationInterface:LogException(Exception)
UnityEditor.Scripting.ScriptCompilation.EditorCompilationInterface:EmitExceptionsAsErrors(IEnumerable`1)
UnityEditor.Scripting.ScriptCompilation.EditorCompilationInterface:SetAllCustomScriptAssemblyReferenceJsons(String[], String[])

ArgumentException: An item with the same key has already been added. Key: 7ff3712c342c8c2449b71ffa53e54e35
  at System.Collections.Generic.Dictionary`2[TKey,TValue].TryInsert (TKey key, TValue value, System.Collections.Generic.InsertionBehavior behavior) [0x0015a] in <1eb9db207454431c84a47bcd81e79c37>:0 
  at System.Collections.Generic.Dictionary`2[TKey,TValue].Add (TKey key, TValue value) [0x00000] in <1eb9db207454431c84a47bcd81e79c37>:0 
  at System.Linq.Enumerable.ToDictionary[TSource,TKey] (TSource[] source, System.Func`2[T,TResult] keySelector, System.Collections.Generic.IEqualityComparer`1[T] comparer) [0x0001c] in <6faa6124236442759eb396cfbfdad508>:0 
  at System.Linq.Enumerable.ToDictionary[TSource,TKey] (System.Collections.Generic.IEnumerable`1[T] source, System.Func`2[T,TResult] keySelector, System.Collections.Generic.IEqualityComparer`1[T] comparer) [0x00043] in <6faa6124236442759eb396cfbfdad508>:0 
  at System.Linq.Enumerable.ToDictionary[TSource,TKey] (System.Collections.Generic.IEnumerable`1[T] source, System.Func`2[T,TResult] keySelector) [0x00000] in <6faa6124236442759eb396cfbfdad508>:0 
  at UnityEditor.Scripting.ScriptCompilation.LoadingAssemblyDefinition.SetAllCustomScriptAssemblyReferenceJsonsContents (System.String[] paths, System.String[] contents) [0x00172] in <d9024bdc2a414b3c81b047ea3e343594>:0 
UnityEngine.DebugLogHandler:Internal_LogException_Injected(Exception, IntPtr)
UnityEngine.DebugLogHandler:Internal_LogException(Exception, Object)
UnityEngine.DebugLogHandler:LogException(Exception, Object)
UnityEngine.Logger:LogException(Exception, Object)
UnityEngine.Debug:LogException(Exception)
UnityEditor.Scripting.ScriptCompilation.EditorCompilationInterface:LogException(Exception)
UnityEditor.Scripting.ScriptCompilation.EditorCompilationInterface:EmitExceptionsAsErrors(IEnumerable`1)
UnityEditor.Scripting.ScriptCompilation.EditorCompilationInterface:SetAllCustomScriptAssemblyReferenceJsons(String[], String[])

ArgumentException: An item with the same key has already been added. Key: 7ff3712c342c8c2449b71ffa53e54e35
  at System.Collections.Generic.Dictionary`2[TKey,TValue].TryInsert (TKey key, TValue value, System.Collections.Generic.InsertionBehavior behavior) [0x0015a] in <1eb9db207454431c84a47bcd81e79c37>:0 
  at System.Collections.Generic.Dictionary`2[TKey,TValue].Add (TKey key, TValue value) [0x00000] in <1eb9db207454431c84a47bcd81e79c37>:0 
  at System.Linq.Enumerable.ToDictionary[TSource,TKey] (TSource[] source, System.Func`2[T,TResult] keySelector, System.Collections.Generic.IEqualityComparer`1[T] comparer) [0x0001c] in <6faa6124236442759eb396cfbfdad508>:0 
  at System.Linq.Enumerable.ToDictionary[TSource,TKey] (System.Collections.Generic.IEnumerable`1[T] source, System.Func`2[T,TResult] keySelector, System.Collections.Generic.IEqualityComparer`1[T] comparer) [0x00043] in <6faa6124236442759eb396cfbfdad508>:0 
  at System.Linq.Enumerable.ToDictionary[TSource,TKey] (System.Collections.Generic.IEnumerable`1[T] source, System.Func`2[T,TResult] keySelector) [0x00000] in <6faa6124236442759eb396cfbfdad508>:0 
  at UnityEditor.Scripting.ScriptCompilation.LoadingAssemblyDefinition.SetAllCustomScriptAssemblyReferenceJsonsContents (System.String[] paths, System.String[] contents) [0x00172] in <d9024bdc2a414b3c81b047ea3e343594>:0 
UnityEngine.DebugLogHandler:Internal_LogException_Injected(Exception, IntPtr)
UnityEngine.DebugLogHandler:Internal_LogException(Exception, Object)
UnityEngine.DebugLogHandler:LogException(Exception, Object)
UnityEngine.Logger:LogException(Exception, Object)
UnityEngine.Debug:LogException(Exception)
UnityEditor.Scripting.ScriptCompilation.EditorCompilationInterface:LogException(Exception)
UnityEditor.Scripting.ScriptCompilation.EditorCompilationInterface:EmitExceptionsAsErrors(IEnumerable`1)
UnityEditor.Scripting.ScriptCompilation.EditorCompilationInterface:SetAllCustomScriptAssemblyReferenceJsons(String[], String[])

ArgumentException: An item with the same key has already been added. Key: 7ff3712c342c8c2449b71ffa53e54e35
  at System.Collections.Generic.Dictionary`2[TKey,TValue].TryInsert (TKey key, TValue value, System.Collections.Generic.InsertionBehavior behavior) [0x0015a] in <1eb9db207454431c84a47bcd81e79c37>:0 
  at System.Collections.Generic.Dictionary`2[TKey,TValue].Add (TKey key, TValue value) [0x00000] in <1eb9db207454431c84a47bcd81e79c37>:0 
  at System.Linq.Enumerable.ToDictionary[TSource,TKey,TElement] (TSource[] source, System.Func`2[T,TResult] keySelector, System.Func`2[T,TResult] elementSelector, System.Collections.Generic.IEqualityComparer`1[T] comparer) [0x00029] in <6faa6124236442759eb396cfbfdad508>:0 
  at System.Linq.Enumerable.ToDictionary[TSource,TKey,TElement] (System.Collections.Generic.IEnumerable`1[T] source, System.Func`2[T,TResult] keySelector, System.Func`2[T,TResult] elementSelector, System.Collections.Generic.IEqualityComparer`1[T] comparer) [0x00051] in <6faa6124236442759eb396cfbfdad508>:0 
  at System.Linq.Enumerable.ToDictionary[TSource,TKey,TElement] (System.Collections.Generic.IEnumerable`1[T] source, System.Func`2[T,TResult] keySelector, System.Func`2[T,TResult] elementSelector) [0x00000] in <6faa6124236442759eb396cfbfdad508>:0 
  at UnityEditor.Scripting.ScriptCompilation.AssemblyGraphBuilder.Initialize (System.Collections.Generic.IReadOnlyCollection`1[T] assemblies, System.Collections.Generic.IReadOnlyCollection`1[T] customScriptAssemblyReferences) [0x00046] in <d9024bdc2a414b3c81b047ea3e343594>:0 
  at UnityEditor.Scripting.ScriptCompilation.AssemblyGraphBuilderFactory.GetOrCreate (System.String projectPath, System.Collections.Generic.IReadOnlyCollection`1[T] assemblies, System.Collections.Generic.IReadOnlyCollection`1[T] customScriptAssemblyReferences) [0x00038] in <d9024bdc2a414b3c81b047ea3e343594>:0 
  at UnityEditor.Scripting.ScriptCompilation.EditorCompilation.GetAssemblyGraphBuilder () [0x00027] in <d9024bdc2a414b3c81b047ea3e343594>:0 
  at UnityEditor.Scripting.ScriptCompilation.EditorCompilation.SetAllScripts (System.String[] allScripts) [0x0000d] in <d9024bdc2a414b3c81b047ea3e343594>:0 
  at UnityEditor.Scripting.ScriptCompilation.EditorCompilationInterface.SetAllScripts (System.String[] allScripts) [0x00006] in <d9024bdc2a414b3c81b047ea3e343594>:0 

[Package Manager] Failed to launch server process. Reason: Unity was launched with the -noUpm command-line argument
[Package Manager] Unable to send message (not connected to server process).
[Package Manager] Cannot connect to Unity Package Manager local server
[Package Manager] Failed to launch server process. Reason: Unity was launched with the -noUpm command-line argument
[Package Manager] Unable to send message (not connected to server process).
[Package Manager] Cannot connect to Unity Package Manager local server
Mono: successfully reloaded assembly
- Finished resetting the current domain, in  1.178 seconds
Domain Reload Profiling: 4396ms
	BeginReloadAssembly (819ms)
		ExecutionOrderSort (1ms)
		DisableScriptedObjects (38ms)
		BackupInstance (0ms)
		ReleaseScriptingObjects (2ms)
		CreateAndSetChildDomain (349ms)
	RebuildCommonClasses (49ms)
	RebuildNativeTypeToScriptingClass (19ms)
	initialDomainReloadingComplete (51ms)
	LoadAllAssembliesAndSetupDomain (2280ms)
		LoadAssemblies (2119ms)
		RebuildTransferFunctionScriptingTraits (0ms)
		AnalyzeDomain (409ms)
			TypeCache.Refresh (53ms)
				TypeCache.ScanAssembly (2ms)
			BuildScriptInfoCaches (327ms)
			ResolveRequiredComponents (17ms)
	FinalizeReload (1178ms)
		ReleaseScriptCaches (0ms)
		RebuildScriptCaches (0ms)
		SetupLoadedEditorAssemblies (900ms)
			LogAssemblyErrors (0ms)
			InitializePlatformSupportModulesInManaged (4ms)
			SetLoadedEditorAssemblies (6ms)
			BeforeProcessingInitializeOnLoad (240ms)
			ProcessInitializeOnLoadAttributes (493ms)
			ProcessInitializeOnLoadMethodAttributes (149ms)
			AfterProcessingInitializeOnLoad (8ms)
			EditorAssembliesLoaded (1ms)
		ExecutionOrderSort2 (0ms)
		AwakeInstancesAfterBackupRestoration (32ms)
Refreshing native plugins compatible for Editor in 2.92 ms, found 3 plugins.
Preloading 0 native plugins for Editor in 0.00 ms.
Unloading 18 Unused Serialized files (Serialized files now loaded: 0)
Unloading 7066 unused Assets / (4.6 MB). Loaded Objects now: 7930.
Memory consumption went from 165.5 MB to 160.8 MB.
Total: 13.512500 ms (FindLiveObjects: 0.913800 ms CreateObjectMapping: 0.781300 ms MarkObjects: 8.205700 ms  DeleteObjects: 3.608700 ms)

Prepare: number of updated asset objects reloaded= 0
========================================================================
Received Prepare
ArgumentException: An item with the same key has already been added. Key: 7ff3712c342c8c2449b71ffa53e54e35
  at System.Collections.Generic.Dictionary`2[TKey,TValue].TryInsert (TKey key, TValue value, System.Collections.Generic.InsertionBehavior behavior) [0x0015a] in <1eb9db207454431c84a47bcd81e79c37>:0 
  at System.Collections.Generic.Dictionary`2[TKey,TValue].Add (TKey key, TValue value) [0x00000] in <1eb9db207454431c84a47bcd81e79c37>:0 
  at System.Linq.Enumerable.ToDictionary[TSource,TKey] (TSource[] source, System.Func`2[T,TResult] keySelector, System.Collections.Generic.IEqualityComparer`1[T] comparer) [0x0001c] in <6faa6124236442759eb396cfbfdad508>:0 
  at System.Linq.Enumerable.ToDictionary[TSource,TKey] (System.Collections.Generic.IEnumerable`1[T] source, System.Func`2[T,TResult] keySelector, System.Collections.Generic.IEqualityComparer`1[T] comparer) [0x00043] in <6faa6124236442759eb396cfbfdad508>:0 
  at System.Linq.Enumerable.ToDictionary[TSource,TKey] (System.Collections.Generic.IEnumerable`1[T] source, System.Func`2[T,TResult] keySelector) [0x00000] in <6faa6124236442759eb396cfbfdad508>:0 
  at UnityEditor.Scripting.ScriptCompilation.LoadingAssemblyDefinition.SetAllCustomScriptAssemblyReferenceJsonsContents (System.String[] paths, System.String[] contents) [0x00172] in <d9024bdc2a414b3c81b047ea3e343594>:0 
UnityEngine.DebugLogHandler:Internal_LogException_Injected(Exception, IntPtr)
UnityEngine.DebugLogHandler:Internal_LogException(Exception, Object)
UnityEngine.DebugLogHandler:LogException(Exception, Object)
UnityEngine.Logger:LogException(Exception, Object)
UnityEngine.Debug:LogException(Exception)
UnityEditor.Scripting.ScriptCompilation.EditorCompilationInterface:LogException(Exception)
UnityEditor.Scripting.ScriptCompilation.EditorCompilationInterface:EmitExceptionsAsErrors(IEnumerable`1)
UnityEditor.Scripting.ScriptCompilation.EditorCompilationInterface:SetAllCustomScriptAssemblyReferenceJsons(String[], String[])

ArgumentException: An item with the same key has already been added. Key: 7ff3712c342c8c2449b71ffa53e54e35
  at System.Collections.Generic.Dictionary`2[TKey,TValue].TryInsert (TKey key, TValue value, System.Collections.Generic.InsertionBehavior behavior) [0x0015a] in <1eb9db207454431c84a47bcd81e79c37>:0 
  at System.Collections.Generic.Dictionary`2[TKey,TValue].Add (TKey key, TValue value) [0x00000] in <1eb9db207454431c84a47bcd81e79c37>:0 
  at System.Linq.Enumerable.ToDictionary[TSource,TKey] (TSource[] source, System.Func`2[T,TResult] keySelector, System.Collections.Generic.IEqualityComparer`1[T] comparer) [0x0001c] in <6faa6124236442759eb396cfbfdad508>:0 
  at System.Linq.Enumerable.ToDictionary[TSource,TKey] (System.Collections.Generic.IEnumerable`1[T] source, System.Func`2[T,TResult] keySelector, System.Collections.Generic.IEqualityComparer`1[T] comparer) [0x00043] in <6faa6124236442759eb396cfbfdad508>:0 
  at System.Linq.Enumerable.ToDictionary[TSource,TKey] (System.Collections.Generic.IEnumerable`1[T] source, System.Func`2[T,TResult] keySelector) [0x00000] in <6faa6124236442759eb396cfbfdad508>:0 
  at UnityEditor.Scripting.ScriptCompilation.LoadingAssemblyDefinition.SetAllCustomScriptAssemblyReferenceJsonsContents (System.String[] paths, System.String[] contents) [0x00172] in <d9024bdc2a414b3c81b047ea3e343594>:0 
UnityEngine.DebugLogHandler:Internal_LogException_Injected(Exception, IntPtr)
UnityEngine.DebugLogHandler:Internal_LogException(Exception, Object)
UnityEngine.DebugLogHandler:LogException(Exception, Object)
UnityEngine.Logger:LogException(Exception, Object)
UnityEngine.Debug:LogException(Exception)
UnityEditor.Scripting.ScriptCompilation.EditorCompilationInterface:LogException(Exception)
UnityEditor.Scripting.ScriptCompilation.EditorCompilationInterface:EmitExceptionsAsErrors(IEnumerable`1)
UnityEditor.Scripting.ScriptCompilation.EditorCompilationInterface:SetAllCustomScriptAssemblyReferenceJsons(String[], String[])

ArgumentException: An item with the same key has already been added. Key: 7ff3712c342c8c2449b71ffa53e54e35
  at System.Collections.Generic.Dictionary`2[TKey,TValue].TryInsert (TKey key, TValue value, System.Collections.Generic.InsertionBehavior behavior) [0x0015a] in <1eb9db207454431c84a47bcd81e79c37>:0 
  at System.Collections.Generic.Dictionary`2[TKey,TValue].Add (TKey key, TValue value) [0x00000] in <1eb9db207454431c84a47bcd81e79c37>:0 
  at System.Linq.Enumerable.ToDictionary[TSource,TKey] (TSource[] source, System.Func`2[T,TResult] keySelector, System.Collections.Generic.IEqualityComparer`1[T] comparer) [0x0001c] in <6faa6124236442759eb396cfbfdad508>:0 
  at System.Linq.Enumerable.ToDictionary[TSource,TKey] (System.Collections.Generic.IEnumerable`1[T] source, System.Func`2[T,TResult] keySelector, System.Collections.Generic.IEqualityComparer`1[T] comparer) [0x00043] in <6faa6124236442759eb396cfbfdad508>:0 
  at System.Linq.Enumerable.ToDictionary[TSource,TKey] (System.Collections.Generic.IEnumerable`1[T] source, System.Func`2[T,TResult] keySelector) [0x00000] in <6faa6124236442759eb396cfbfdad508>:0 
  at UnityEditor.Scripting.ScriptCompilation.LoadingAssemblyDefinition.SetAllCustomScriptAssemblyReferenceJsonsContents (System.String[] paths, System.String[] contents) [0x00172] in <d9024bdc2a414b3c81b047ea3e343594>:0 
UnityEngine.DebugLogHandler:Internal_LogException_Injected(Exception, IntPtr)
UnityEngine.DebugLogHandler:Internal_LogException(Exception, Object)
UnityEngine.DebugLogHandler:LogException(Exception, Object)
UnityEngine.Logger:LogException(Exception, Object)
UnityEngine.Debug:LogException(Exception)
UnityEditor.Scripting.ScriptCompilation.EditorCompilationInterface:LogException(Exception)
UnityEditor.Scripting.ScriptCompilation.EditorCompilationInterface:EmitExceptionsAsErrors(IEnumerable`1)
UnityEditor.Scripting.ScriptCompilation.EditorCompilationInterface:SetAllCustomScriptAssemblyReferenceJsons(String[], String[])

ArgumentException: An item with the same key has already been added. Key: 7ff3712c342c8c2449b71ffa53e54e35
  at System.Collections.Generic.Dictionary`2[TKey,TValue].TryInsert (TKey key, TValue value, System.Collections.Generic.InsertionBehavior behavior) [0x0015a] in <1eb9db207454431c84a47bcd81e79c37>:0 
  at System.Collections.Generic.Dictionary`2[TKey,TValue].Add (TKey key, TValue value) [0x00000] in <1eb9db207454431c84a47bcd81e79c37>:0 
  at System.Linq.Enumerable.ToDictionary[TSource,TKey] (TSource[] source, System.Func`2[T,TResult] keySelector, System.Collections.Generic.IEqualityComparer`1[T] comparer) [0x0001c] in <6faa6124236442759eb396cfbfdad508>:0 
  at System.Linq.Enumerable.ToDictionary[TSource,TKey] (System.Collections.Generic.IEnumerable`1[T] source, System.Func`2[T,TResult] keySelector, System.Collections.Generic.IEqualityComparer`1[T] comparer) [0x00043] in <6faa6124236442759eb396cfbfdad508>:0 
  at System.Linq.Enumerable.ToDictionary[TSource,TKey] (System.Collections.Generic.IEnumerable`1[T] source, System.Func`2[T,TResult] keySelector) [0x00000] in <6faa6124236442759eb396cfbfdad508>:0 
  at UnityEditor.Scripting.ScriptCompilation.LoadingAssemblyDefinition.SetAllCustomScriptAssemblyReferenceJsonsContents (System.String[] paths, System.String[] contents) [0x00172] in <d9024bdc2a414b3c81b047ea3e343594>:0 
UnityEngine.DebugLogHandler:Internal_LogException_Injected(Exception, IntPtr)
UnityEngine.DebugLogHandler:Internal_LogException(Exception, Object)
UnityEngine.DebugLogHandler:LogException(Exception, Object)
UnityEngine.Logger:LogException(Exception, Object)
UnityEngine.Debug:LogException(Exception)
UnityEditor.Scripting.ScriptCompilation.EditorCompilationInterface:LogException(Exception)
UnityEditor.Scripting.ScriptCompilation.EditorCompilationInterface:EmitExceptionsAsErrors(IEnumerable`1)
UnityEditor.Scripting.ScriptCompilation.EditorCompilationInterface:SetAllCustomScriptAssemblyReferenceJsons(String[], String[])

ArgumentException: An item with the same key has already been added. Key: 7ff3712c342c8c2449b71ffa53e54e35
  at System.Collections.Generic.Dictionary`2[TKey,TValue].TryInsert (TKey key, TValue value, System.Collections.Generic.InsertionBehavior behavior) [0x0015a] in <1eb9db207454431c84a47bcd81e79c37>:0 
  at System.Collections.Generic.Dictionary`2[TKey,TValue].Add (TKey key, TValue value) [0x00000] in <1eb9db207454431c84a47bcd81e79c37>:0 
  at System.Linq.Enumerable.ToDictionary[TSource,TKey] (TSource[] source, System.Func`2[T,TResult] keySelector, System.Collections.Generic.IEqualityComparer`1[T] comparer) [0x0001c] in <6faa6124236442759eb396cfbfdad508>:0 
  at System.Linq.Enumerable.ToDictionary[TSource,TKey] (System.Collections.Generic.IEnumerable`1[T] source, System.Func`2[T,TResult] keySelector, System.Collections.Generic.IEqualityComparer`1[T] comparer) [0x00043] in <6faa6124236442759eb396cfbfdad508>:0 
  at System.Linq.Enumerable.ToDictionary[TSource,TKey] (System.Collections.Generic.IEnumerable`1[T] source, System.Func`2[T,TResult] keySelector) [0x00000] in <6faa6124236442759eb396cfbfdad508>:0 
  at UnityEditor.Scripting.ScriptCompilation.LoadingAssemblyDefinition.SetAllCustomScriptAssemblyReferenceJsonsContents (System.String[] paths, System.String[] contents) [0x00172] in <d9024bdc2a414b3c81b047ea3e343594>:0 
UnityEngine.DebugLogHandler:Internal_LogException_Injected(Exception, IntPtr)
UnityEngine.DebugLogHandler:Internal_LogException(Exception, Object)
UnityEngine.DebugLogHandler:LogException(Exception, Object)
UnityEngine.Logger:LogException(Exception, Object)
UnityEngine.Debug:LogException(Exception)
UnityEditor.Scripting.ScriptCompilation.EditorCompilationInterface:LogException(Exception)
UnityEditor.Scripting.ScriptCompilation.EditorCompilationInterface:EmitExceptionsAsErrors(IEnumerable`1)
UnityEditor.Scripting.ScriptCompilation.EditorCompilationInterface:SetAllCustomScriptAssemblyReferenceJsons(String[], String[])

ArgumentException: An item with the same key has already been added. Key: 7ff3712c342c8c2449b71ffa53e54e35
  at System.Collections.Generic.Dictionary`2[TKey,TValue].TryInsert (TKey key, TValue value, System.Collections.Generic.InsertionBehavior behavior) [0x0015a] in <1eb9db207454431c84a47bcd81e79c37>:0 
  at System.Collections.Generic.Dictionary`2[TKey,TValue].Add (TKey key, TValue value) [0x00000] in <1eb9db207454431c84a47bcd81e79c37>:0 
  at System.Linq.Enumerable.ToDictionary[TSource,TKey] (TSource[] source, System.Func`2[T,TResult] keySelector, System.Collections.Generic.IEqualityComparer`1[T] comparer) [0x0001c] in <6faa6124236442759eb396cfbfdad508>:0 
  at System.Linq.Enumerable.ToDictionary[TSource,TKey] (System.Collections.Generic.IEnumerable`1[T] source, System.Func`2[T,TResult] keySelector, System.Collections.Generic.IEqualityComparer`1[T] comparer) [0x00043] in <6faa6124236442759eb396cfbfdad508>:0 
  at System.Linq.Enumerable.ToDictionary[TSource,TKey] (System.Collections.Generic.IEnumerable`1[T] source, System.Func`2[T,TResult] keySelector) [0x00000] in <6faa6124236442759eb396cfbfdad508>:0 
  at UnityEditor.Scripting.ScriptCompilation.LoadingAssemblyDefinition.SetAllCustomScriptAssemblyReferenceJsonsContents (System.String[] paths, System.String[] contents) [0x00172] in <d9024bdc2a414b3c81b047ea3e343594>:0 
UnityEngine.DebugLogHandler:Internal_LogException_Injected(Exception, IntPtr)
UnityEngine.DebugLogHandler:Internal_LogException(Exception, Object)
UnityEngine.DebugLogHandler:LogException(Exception, Object)
UnityEngine.Logger:LogException(Exception, Object)
UnityEngine.Debug:LogException(Exception)
UnityEditor.Scripting.ScriptCompilation.EditorCompilationInterface:LogException(Exception)
UnityEditor.Scripting.ScriptCompilation.EditorCompilationInterface:EmitExceptionsAsErrors(IEnumerable`1)
UnityEditor.Scripting.ScriptCompilation.EditorCompilationInterface:SetAllCustomScriptAssemblyReferenceJsons(String[], String[])

ArgumentException: An item with the same key has already been added. Key: 7ff3712c342c8c2449b71ffa53e54e35
  at System.Collections.Generic.Dictionary`2[TKey,TValue].TryInsert (TKey key, TValue value, System.Collections.Generic.InsertionBehavior behavior) [0x0015a] in <1eb9db207454431c84a47bcd81e79c37>:0 
  at System.Collections.Generic.Dictionary`2[TKey,TValue].Add (TKey key, TValue value) [0x00000] in <1eb9db207454431c84a47bcd81e79c37>:0 
  at System.Linq.Enumerable.ToDictionary[TSource,TKey] (TSource[] source, System.Func`2[T,TResult] keySelector, System.Collections.Generic.IEqualityComparer`1[T] comparer) [0x0001c] in <6faa6124236442759eb396cfbfdad508>:0 
  at System.Linq.Enumerable.ToDictionary[TSource,TKey] (System.Collections.Generic.IEnumerable`1[T] source, System.Func`2[T,TResult] keySelector, System.Collections.Generic.IEqualityComparer`1[T] comparer) [0x00043] in <6faa6124236442759eb396cfbfdad508>:0 
  at System.Linq.Enumerable.ToDictionary[TSource,TKey] (System.Collections.Generic.IEnumerable`1[T] source, System.Func`2[T,TResult] keySelector) [0x00000] in <6faa6124236442759eb396cfbfdad508>:0 
  at UnityEditor.Scripting.ScriptCompilation.LoadingAssemblyDefinition.SetAllCustomScriptAssemblyReferenceJsonsContents (System.String[] paths, System.String[] contents) [0x00172] in <d9024bdc2a414b3c81b047ea3e343594>:0 
UnityEngine.DebugLogHandler:Internal_LogException_Injected(Exception, IntPtr)
UnityEngine.DebugLogHandler:Internal_LogException(Exception, Object)
UnityEngine.DebugLogHandler:LogException(Exception, Object)
UnityEngine.Logger:LogException(Exception, Object)
UnityEngine.Debug:LogException(Exception)
UnityEditor.Scripting.ScriptCompilation.EditorCompilationInterface:LogException(Exception)
UnityEditor.Scripting.ScriptCompilation.EditorCompilationInterface:EmitExceptionsAsErrors(IEnumerable`1)
UnityEditor.Scripting.ScriptCompilation.EditorCompilationInterface:SetAllCustomScriptAssemblyReferenceJsons(String[], String[])

ArgumentException: An item with the same key has already been added. Key: 7ff3712c342c8c2449b71ffa53e54e35
  at System.Collections.Generic.Dictionary`2[TKey,TValue].TryInsert (TKey key, TValue value, System.Collections.Generic.InsertionBehavior behavior) [0x0015a] in <1eb9db207454431c84a47bcd81e79c37>:0 
  at System.Collections.Generic.Dictionary`2[TKey,TValue].Add (TKey key, TValue value) [0x00000] in <1eb9db207454431c84a47bcd81e79c37>:0 
  at System.Linq.Enumerable.ToDictionary[TSource,TKey,TElement] (TSource[] source, System.Func`2[T,TResult] keySelector, System.Func`2[T,TResult] elementSelector, System.Collections.Generic.IEqualityComparer`1[T] comparer) [0x00029] in <6faa6124236442759eb396cfbfdad508>:0 
  at System.Linq.Enumerable.ToDictionary[TSource,TKey,TElement] (System.Collections.Generic.IEnumerable`1[T] source, System.Func`2[T,TResult] keySelector, System.Func`2[T,TResult] elementSelector, System.Collections.Generic.IEqualityComparer`1[T] comparer) [0x00051] in <6faa6124236442759eb396cfbfdad508>:0 
  at System.Linq.Enumerable.ToDictionary[TSource,TKey,TElement] (System.Collections.Generic.IEnumerable`1[T] source, System.Func`2[T,TResult] keySelector, System.Func`2[T,TResult] elementSelector) [0x00000] in <6faa6124236442759eb396cfbfdad508>:0 
  at UnityEditor.Scripting.ScriptCompilation.AssemblyGraphBuilder.Initialize (System.Collections.Generic.IReadOnlyCollection`1[T] assemblies, System.Collections.Generic.IReadOnlyCollection`1[T] customScriptAssemblyReferences) [0x00046] in <d9024bdc2a414b3c81b047ea3e343594>:0 
  at UnityEditor.Scripting.ScriptCompilation.AssemblyGraphBuilderFactory.GetOrCreate (System.String projectPath, System.Collections.Generic.IReadOnlyCollection`1[T] assemblies, System.Collections.Generic.IReadOnlyCollection`1[T] customScriptAssemblyReferences) [0x00038] in <d9024bdc2a414b3c81b047ea3e343594>:0 
  at UnityEditor.Scripting.ScriptCompilation.EditorCompilation.GetAssemblyGraphBuilder () [0x00027] in <d9024bdc2a414b3c81b047ea3e343594>:0 
  at UnityEditor.Scripting.ScriptCompilation.EditorCompilation.SetAllScripts (System.String[] allScripts) [0x0000d] in <d9024bdc2a414b3c81b047ea3e343594>:0 
  at UnityEditor.Scripting.ScriptCompilation.EditorCompilationInterface.SetAllScripts (System.String[] allScripts) [0x00006] in <d9024bdc2a414b3c81b047ea3e343594>:0 

ArgumentException: An item with the same key has already been added. Key: 7ff3712c342c8c2449b71ffa53e54e35
  at System.Collections.Generic.Dictionary`2[TKey,TValue].TryInsert (TKey key, TValue value, System.Collections.Generic.InsertionBehavior behavior) [0x0015a] in <1eb9db207454431c84a47bcd81e79c37>:0 
  at System.Collections.Generic.Dictionary`2[TKey,TValue].Add (TKey key, TValue value) [0x00000] in <1eb9db207454431c84a47bcd81e79c37>:0 
  at System.Linq.Enumerable.ToDictionary[TSource,TKey] (TSource[] source, System.Func`2[T,TResult] keySelector, System.Collections.Generic.IEqualityComparer`1[T] comparer) [0x0001c] in <6faa6124236442759eb396cfbfdad508>:0 
  at System.Linq.Enumerable.ToDictionary[TSource,TKey] (System.Collections.Generic.IEnumerable`1[T] source, System.Func`2[T,TResult] keySelector, System.Collections.Generic.IEqualityComparer`1[T] comparer) [0x00043] in <6faa6124236442759eb396cfbfdad508>:0 
  at System.Linq.Enumerable.ToDictionary[TSource,TKey] (System.Collections.Generic.IEnumerable`1[T] source, System.Func`2[T,TResult] keySelector) [0x00000] in <6faa6124236442759eb396cfbfdad508>:0 
  at UnityEditor.Scripting.ScriptCompilation.LoadingAssemblyDefinition.SetAllCustomScriptAssemblyReferenceJsonsContents (System.String[] paths, System.String[] contents) [0x00172] in <d9024bdc2a414b3c81b047ea3e343594>:0 
UnityEngine.DebugLogHandler:Internal_LogException_Injected(Exception, IntPtr)
UnityEngine.DebugLogHandler:Internal_LogException(Exception, Object)
UnityEngine.DebugLogHandler:LogException(Exception, Object)
UnityEngine.Logger:LogException(Exception, Object)
UnityEngine.Debug:LogException(Exception)
UnityEditor.Scripting.ScriptCompilation.EditorCompilationInterface:LogException(Exception)
UnityEditor.Scripting.ScriptCompilation.EditorCompilationInterface:EmitExceptionsAsErrors(IEnumerable`1)
UnityEditor.Scripting.ScriptCompilation.EditorCompilationInterface:SetAllCustomScriptAssemblyReferenceJsons(String[], String[])

ArgumentException: An item with the same key has already been added. Key: 7ff3712c342c8c2449b71ffa53e54e35
  at System.Collections.Generic.Dictionary`2[TKey,TValue].TryInsert (TKey key, TValue value, System.Collections.Generic.InsertionBehavior behavior) [0x0015a] in <1eb9db207454431c84a47bcd81e79c37>:0 
  at System.Collections.Generic.Dictionary`2[TKey,TValue].Add (TKey key, TValue value) [0x00000] in <1eb9db207454431c84a47bcd81e79c37>:0 
  at System.Linq.Enumerable.ToDictionary[TSource,TKey] (TSource[] source, System.Func`2[T,TResult] keySelector, System.Collections.Generic.IEqualityComparer`1[T] comparer) [0x0001c] in <6faa6124236442759eb396cfbfdad508>:0 
  at System.Linq.Enumerable.ToDictionary[TSource,TKey] (System.Collections.Generic.IEnumerable`1[T] source, System.Func`2[T,TResult] keySelector, System.Collections.Generic.IEqualityComparer`1[T] comparer) [0x00043] in <6faa6124236442759eb396cfbfdad508>:0 
  at System.Linq.Enumerable.ToDictionary[TSource,TKey] (System.Collections.Generic.IEnumerable`1[T] source, System.Func`2[T,TResult] keySelector) [0x00000] in <6faa6124236442759eb396cfbfdad508>:0 
  at UnityEditor.Scripting.ScriptCompilation.LoadingAssemblyDefinition.SetAllCustomScriptAssemblyReferenceJsonsContents (System.String[] paths, System.String[] contents) [0x00172] in <d9024bdc2a414b3c81b047ea3e343594>:0 
UnityEngine.DebugLogHandler:Internal_LogException_Injected(Exception, IntPtr)
UnityEngine.DebugLogHandler:Internal_LogException(Exception, Object)
UnityEngine.DebugLogHandler:LogException(Exception, Object)
UnityEngine.Logger:LogException(Exception, Object)
UnityEngine.Debug:LogException(Exception)
UnityEditor.Scripting.ScriptCompilation.EditorCompilationInterface:LogException(Exception)
UnityEditor.Scripting.ScriptCompilation.EditorCompilationInterface:EmitExceptionsAsErrors(IEnumerable`1)
UnityEditor.Scripting.ScriptCompilation.EditorCompilationInterface:SetAllCustomScriptAssemblyReferenceJsons(String[], String[])

ArgumentException: An item with the same key has already been added. Key: 7ff3712c342c8c2449b71ffa53e54e35
  at System.Collections.Generic.Dictionary`2[TKey,TValue].TryInsert (TKey key, TValue value, System.Collections.Generic.InsertionBehavior behavior) [0x0015a] in <1eb9db207454431c84a47bcd81e79c37>:0 
  at System.Collections.Generic.Dictionary`2[TKey,TValue].Add (TKey key, TValue value) [0x00000] in <1eb9db207454431c84a47bcd81e79c37>:0 
  at System.Linq.Enumerable.ToDictionary[TSource,TKey] (TSource[] source, System.Func`2[T,TResult] keySelector, System.Collections.Generic.IEqualityComparer`1[T] comparer) [0x0001c] in <6faa6124236442759eb396cfbfdad508>:0 
  at System.Linq.Enumerable.ToDictionary[TSource,TKey] (System.Collections.Generic.IEnumerable`1[T] source, System.Func`2[T,TResult] keySelector, System.Collections.Generic.IEqualityComparer`1[T] comparer) [0x00043] in <6faa6124236442759eb396cfbfdad508>:0 
  at System.Linq.Enumerable.ToDictionary[TSource,TKey] (System.Collections.Generic.IEnumerable`1[T] source, System.Func`2[T,TResult] keySelector) [0x00000] in <6faa6124236442759eb396cfbfdad508>:0 
  at UnityEditor.Scripting.ScriptCompilation.LoadingAssemblyDefinition.SetAllCustomScriptAssemblyReferenceJsonsContents (System.String[] paths, System.String[] contents) [0x00172] in <d9024bdc2a414b3c81b047ea3e343594>:0 
UnityEngine.DebugLogHandler:Internal_LogException_Injected(Exception, IntPtr)
UnityEngine.DebugLogHandler:Internal_LogException(Exception, Object)
UnityEngine.DebugLogHandler:LogException(Exception, Object)
UnityEngine.Logger:LogException(Exception, Object)
UnityEngine.Debug:LogException(Exception)
UnityEditor.Scripting.ScriptCompilation.EditorCompilationInterface:LogException(Exception)
UnityEditor.Scripting.ScriptCompilation.EditorCompilationInterface:EmitExceptionsAsErrors(IEnumerable`1)
UnityEditor.Scripting.ScriptCompilation.EditorCompilationInterface:SetAllCustomScriptAssemblyReferenceJsons(String[], String[])

ArgumentException: An item with the same key has already been added. Key: 7ff3712c342c8c2449b71ffa53e54e35
  at System.Collections.Generic.Dictionary`2[TKey,TValue].TryInsert (TKey key, TValue value, System.Collections.Generic.InsertionBehavior behavior) [0x0015a] in <1eb9db207454431c84a47bcd81e79c37>:0 
  at System.Collections.Generic.Dictionary`2[TKey,TValue].Add (TKey key, TValue value) [0x00000] in <1eb9db207454431c84a47bcd81e79c37>:0 
  at System.Linq.Enumerable.ToDictionary[TSource,TKey] (TSource[] source, System.Func`2[T,TResult] keySelector, System.Collections.Generic.IEqualityComparer`1[T] comparer) [0x0001c] in <6faa6124236442759eb396cfbfdad508>:0 
  at System.Linq.Enumerable.ToDictionary[TSource,TKey] (System.Collections.Generic.IEnumerable`1[T] source, System.Func`2[T,TResult] keySelector, System.Collections.Generic.IEqualityComparer`1[T] comparer) [0x00043] in <6faa6124236442759eb396cfbfdad508>:0 
  at System.Linq.Enumerable.ToDictionary[TSource,TKey] (System.Collections.Generic.IEnumerable`1[T] source, System.Func`2[T,TResult] keySelector) [0x00000] in <6faa6124236442759eb396cfbfdad508>:0 
  at UnityEditor.Scripting.ScriptCompilation.LoadingAssemblyDefinition.SetAllCustomScriptAssemblyReferenceJsonsContents (System.String[] paths, System.String[] contents) [0x00172] in <d9024bdc2a414b3c81b047ea3e343594>:0 
UnityEngine.DebugLogHandler:Internal_LogException_Injected(Exception, IntPtr)
UnityEngine.DebugLogHandler:Internal_LogException(Exception, Object)
UnityEngine.DebugLogHandler:LogException(Exception, Object)
UnityEngine.Logger:LogException(Exception, Object)
UnityEngine.Debug:LogException(Exception)
UnityEditor.Scripting.ScriptCompilation.EditorCompilationInterface:LogException(Exception)
UnityEditor.Scripting.ScriptCompilation.EditorCompilationInterface:EmitExceptionsAsErrors(IEnumerable`1)
UnityEditor.Scripting.ScriptCompilation.EditorCompilationInterface:SetAllCustomScriptAssemblyReferenceJsons(String[], String[])

ArgumentException: An item with the same key has already been added. Key: 7ff3712c342c8c2449b71ffa53e54e35
  at System.Collections.Generic.Dictionary`2[TKey,TValue].TryInsert (TKey key, TValue value, System.Collections.Generic.InsertionBehavior behavior) [0x0015a] in <1eb9db207454431c84a47bcd81e79c37>:0 
  at System.Collections.Generic.Dictionary`2[TKey,TValue].Add (TKey key, TValue value) [0x00000] in <1eb9db207454431c84a47bcd81e79c37>:0 
  at System.Linq.Enumerable.ToDictionary[TSource,TKey] (TSource[] source, System.Func`2[T,TResult] keySelector, System.Collections.Generic.IEqualityComparer`1[T] comparer) [0x0001c] in <6faa6124236442759eb396cfbfdad508>:0 
  at System.Linq.Enumerable.ToDictionary[TSource,TKey] (System.Collections.Generic.IEnumerable`1[T] source, System.Func`2[T,TResult] keySelector, System.Collections.Generic.IEqualityComparer`1[T] comparer) [0x00043] in <6faa6124236442759eb396cfbfdad508>:0 
  at System.Linq.Enumerable.ToDictionary[TSource,TKey] (System.Collections.Generic.IEnumerable`1[T] source, System.Func`2[T,TResult] keySelector) [0x00000] in <6faa6124236442759eb396cfbfdad508>:0 
  at UnityEditor.Scripting.ScriptCompilation.LoadingAssemblyDefinition.SetAllCustomScriptAssemblyReferenceJsonsContents (System.String[] paths, System.String[] contents) [0x00172] in <d9024bdc2a414b3c81b047ea3e343594>:0 
UnityEngine.DebugLogHandler:Internal_LogException_Injected(Exception, IntPtr)
UnityEngine.DebugLogHandler:Internal_LogException(Exception, Object)
UnityEngine.DebugLogHandler:LogException(Exception, Object)
UnityEngine.Logger:LogException(Exception, Object)
UnityEngine.Debug:LogException(Exception)
UnityEditor.Scripting.ScriptCompilation.EditorCompilationInterface:LogException(Exception)
UnityEditor.Scripting.ScriptCompilation.EditorCompilationInterface:EmitExceptionsAsErrors(IEnumerable`1)
UnityEditor.Scripting.ScriptCompilation.EditorCompilationInterface:SetAllCustomScriptAssemblyReferenceJsons(String[], String[])

ArgumentException: An item with the same key has already been added. Key: 7ff3712c342c8c2449b71ffa53e54e35
  at System.Collections.Generic.Dictionary`2[TKey,TValue].TryInsert (TKey key, TValue value, System.Collections.Generic.InsertionBehavior behavior) [0x0015a] in <1eb9db207454431c84a47bcd81e79c37>:0 
  at System.Collections.Generic.Dictionary`2[TKey,TValue].Add (TKey key, TValue value) [0x00000] in <1eb9db207454431c84a47bcd81e79c37>:0 
  at System.Linq.Enumerable.ToDictionary[TSource,TKey] (TSource[] source, System.Func`2[T,TResult] keySelector, System.Collections.Generic.IEqualityComparer`1[T] comparer) [0x0001c] in <6faa6124236442759eb396cfbfdad508>:0 
  at System.Linq.Enumerable.ToDictionary[TSource,TKey] (System.Collections.Generic.IEnumerable`1[T] source, System.Func`2[T,TResult] keySelector, System.Collections.Generic.IEqualityComparer`1[T] comparer) [0x00043] in <6faa6124236442759eb396cfbfdad508>:0 
  at System.Linq.Enumerable.ToDictionary[TSource,TKey] (System.Collections.Generic.IEnumerable`1[T] source, System.Func`2[T,TResult] keySelector) [0x00000] in <6faa6124236442759eb396cfbfdad508>:0 
  at UnityEditor.Scripting.ScriptCompilation.LoadingAssemblyDefinition.SetAllCustomScriptAssemblyReferenceJsonsContents (System.String[] paths, System.String[] contents) [0x00172] in <d9024bdc2a414b3c81b047ea3e343594>:0 
UnityEngine.DebugLogHandler:Internal_LogException_Injected(Exception, IntPtr)
UnityEngine.DebugLogHandler:Internal_LogException(Exception, Object)
UnityEngine.DebugLogHandler:LogException(Exception, Object)
UnityEngine.Logger:LogException(Exception, Object)
UnityEngine.Debug:LogException(Exception)
UnityEditor.Scripting.ScriptCompilation.EditorCompilationInterface:LogException(Exception)
UnityEditor.Scripting.ScriptCompilation.EditorCompilationInterface:EmitExceptionsAsErrors(IEnumerable`1)
UnityEditor.Scripting.ScriptCompilation.EditorCompilationInterface:SetAllCustomScriptAssemblyReferenceJsons(String[], String[])

ArgumentException: An item with the same key has already been added. Key: 7ff3712c342c8c2449b71ffa53e54e35
  at System.Collections.Generic.Dictionary`2[TKey,TValue].TryInsert (TKey key, TValue value, System.Collections.Generic.InsertionBehavior behavior) [0x0015a] in <1eb9db207454431c84a47bcd81e79c37>:0 
  at System.Collections.Generic.Dictionary`2[TKey,TValue].Add (TKey key, TValue value) [0x00000] in <1eb9db207454431c84a47bcd81e79c37>:0 
  at System.Linq.Enumerable.ToDictionary[TSource,TKey] (TSource[] source, System.Func`2[T,TResult] keySelector, System.Collections.Generic.IEqualityComparer`1[T] comparer) [0x0001c] in <6faa6124236442759eb396cfbfdad508>:0 
  at System.Linq.Enumerable.ToDictionary[TSource,TKey] (System.Collections.Generic.IEnumerable`1[T] source, System.Func`2[T,TResult] keySelector, System.Collections.Generic.IEqualityComparer`1[T] comparer) [0x00043] in <6faa6124236442759eb396cfbfdad508>:0 
  at System.Linq.Enumerable.ToDictionary[TSource,TKey] (System.Collections.Generic.IEnumerable`1[T] source, System.Func`2[T,TResult] keySelector) [0x00000] in <6faa6124236442759eb396cfbfdad508>:0 
  at UnityEditor.Scripting.ScriptCompilation.LoadingAssemblyDefinition.SetAllCustomScriptAssemblyReferenceJsonsContents (System.String[] paths, System.String[] contents) [0x00172] in <d9024bdc2a414b3c81b047ea3e343594>:0 
UnityEngine.DebugLogHandler:Internal_LogException_Injected(Exception, IntPtr)
UnityEngine.DebugLogHandler:Internal_LogException(Exception, Object)
UnityEngine.DebugLogHandler:LogException(Exception, Object)
UnityEngine.Logger:LogException(Exception, Object)
UnityEngine.Debug:LogException(Exception)
UnityEditor.Scripting.ScriptCompilation.EditorCompilationInterface:LogException(Exception)
UnityEditor.Scripting.ScriptCompilation.EditorCompilationInterface:EmitExceptionsAsErrors(IEnumerable`1)
UnityEditor.Scripting.ScriptCompilation.EditorCompilationInterface:SetAllCustomScriptAssemblyReferenceJsons(String[], String[])

ArgumentException: An item with the same key has already been added. Key: 7ff3712c342c8c2449b71ffa53e54e35
  at System.Collections.Generic.Dictionary`2[TKey,TValue].TryInsert (TKey key, TValue value, System.Collections.Generic.InsertionBehavior behavior) [0x0015a] in <1eb9db207454431c84a47bcd81e79c37>:0 
  at System.Collections.Generic.Dictionary`2[TKey,TValue].Add (TKey key, TValue value) [0x00000] in <1eb9db207454431c84a47bcd81e79c37>:0 
  at System.Linq.Enumerable.ToDictionary[TSource,TKey,TElement] (TSource[] source, System.Func`2[T,TResult] keySelector, System.Func`2[T,TResult] elementSelector, System.Collections.Generic.IEqualityComparer`1[T] comparer) [0x00029] in <6faa6124236442759eb396cfbfdad508>:0 
  at System.Linq.Enumerable.ToDictionary[TSource,TKey,TElement] (System.Collections.Generic.IEnumerable`1[T] source, System.Func`2[T,TResult] keySelector, System.Func`2[T,TResult] elementSelector, System.Collections.Generic.IEqualityComparer`1[T] comparer) [0x00051] in <6faa6124236442759eb396cfbfdad508>:0 
  at System.Linq.Enumerable.ToDictionary[TSource,TKey,TElement] (System.Collections.Generic.IEnumerable`1[T] source, System.Func`2[T,TResult] keySelector, System.Func`2[T,TResult] elementSelector) [0x00000] in <6faa6124236442759eb396cfbfdad508>:0 
  at UnityEditor.Scripting.ScriptCompilation.AssemblyGraphBuilder.Initialize (System.Collections.Generic.IReadOnlyCollection`1[T] assemblies, System.Collections.Generic.IReadOnlyCollection`1[T] customScriptAssemblyReferences) [0x00046] in <d9024bdc2a414b3c81b047ea3e343594>:0 
  at UnityEditor.Scripting.ScriptCompilation.AssemblyGraphBuilderFactory.GetOrCreate (System.String projectPath, System.Collections.Generic.IReadOnlyCollection`1[T] assemblies, System.Collections.Generic.IReadOnlyCollection`1[T] customScriptAssemblyReferences) [0x00038] in <d9024bdc2a414b3c81b047ea3e343594>:0 
  at UnityEditor.Scripting.ScriptCompilation.EditorCompilation.GetAssemblyGraphBuilder () [0x00027] in <d9024bdc2a414b3c81b047ea3e343594>:0 
  at UnityEditor.Scripting.ScriptCompilation.EditorCompilation.SetAllScripts (System.String[] allScripts) [0x0000d] in <d9024bdc2a414b3c81b047ea3e343594>:0 
  at UnityEditor.Scripting.ScriptCompilation.EditorCompilationInterface.SetAllScripts (System.String[] allScripts) [0x00006] in <d9024bdc2a414b3c81b047ea3e343594>:0 

Begin MonoManager ReloadAssembly
DirectoryNotFoundException: Could not find a part of the path "C:\Users\Nasho's Laptop\BaroodProject\Packages\com.unity.dt.app-ui\Runtime\MVVM\SourceGenerators\netstandard2.0\MVVMSourceGenerators.dll".
  at System.IO.FileStream..ctor (System.String path, System.IO.FileMode mode, System.IO.FileAccess access, System.IO.FileShare share, System.Int32 bufferSize, System.Boolean anonymous, System.IO.FileOptions options) [0x00164] in <1eb9db207454431c84a47bcd81e79c37>:0 
  at System.IO.FileStream..ctor (System.String path, System.IO.FileMode mode, System.IO.FileAccess access, System.IO.FileShare share) [0x00000] in <1eb9db207454431c84a47bcd81e79c37>:0 
  at (wrapper remoting-invoke-with-check) System.IO.FileStream..ctor(string,System.IO.FileMode,System.IO.FileAccess,System.IO.FileShare)
  at Mono.Cecil.ModuleDefinition.GetFileStream (System.String fileName, System.IO.FileMode mode, System.IO.FileAccess access, System.IO.FileShare share) [0x00006] in <4e339395f8074c75847e518298d9c5fd>:0 
  at Mono.Cecil.ModuleDefinition.ReadModule (System.String fileName, Mono.Cecil.ReaderParameters parameters) [0x00008] in <4e339395f8074c75847e518298d9c5fd>:0 
  at Mono.Cecil.AssemblyDefinition.ReadAssembly (System.String fileName, Mono.Cecil.ReaderParameters parameters) [0x00000] in <4e339395f8074c75847e518298d9c5fd>:0 
  at UnityEditor.AssemblyValidation.ValidateRoslynAnalyzers (System.String[] analyzerPaths) [0x00025] in <d9024bdc2a414b3c81b047ea3e343594>:0 

Symbol file LoadedFromMemory is not a mono symbol file
- Loaded All Assemblies, in  1.004 seconds
ArgumentException: An item with the same key has already been added. Key: 7ff3712c342c8c2449b71ffa53e54e35
  at System.Collections.Generic.Dictionary`2[TKey,TValue].TryInsert (TKey key, TValue value, System.Collections.Generic.InsertionBehavior behavior) [0x0015a] in <1eb9db207454431c84a47bcd81e79c37>:0 
  at System.Collections.Generic.Dictionary`2[TKey,TValue].Add (TKey key, TValue value) [0x00000] in <1eb9db207454431c84a47bcd81e79c37>:0 
  at System.Linq.Enumerable.ToDictionary[TSource,TKey] (TSource[] source, System.Func`2[T,TResult] keySelector, System.Collections.Generic.IEqualityComparer`1[T] comparer) [0x0001c] in <6faa6124236442759eb396cfbfdad508>:0 
  at System.Linq.Enumerable.ToDictionary[TSource,TKey] (System.Collections.Generic.IEnumerable`1[T] source, System.Func`2[T,TResult] keySelector, System.Collections.Generic.IEqualityComparer`1[T] comparer) [0x00043] in <6faa6124236442759eb396cfbfdad508>:0 
  at System.Linq.Enumerable.ToDictionary[TSource,TKey] (System.Collections.Generic.IEnumerable`1[T] source, System.Func`2[T,TResult] keySelector) [0x00000] in <6faa6124236442759eb396cfbfdad508>:0 
  at UnityEditor.Scripting.ScriptCompilation.LoadingAssemblyDefinition.SetAllCustomScriptAssemblyReferenceJsonsContents (System.String[] paths, System.String[] contents) [0x00172] in <d9024bdc2a414b3c81b047ea3e343594>:0 
UnityEngine.DebugLogHandler:Internal_LogException_Injected(Exception, IntPtr)
UnityEngine.DebugLogHandler:Internal_LogException(Exception, Object)
UnityEngine.DebugLogHandler:LogException(Exception, Object)
UnityEngine.Logger:LogException(Exception, Object)
UnityEngine.Debug:LogException(Exception)
UnityEditor.Scripting.ScriptCompilation.EditorCompilationInterface:LogException(Exception)
UnityEditor.Scripting.ScriptCompilation.EditorCompilationInterface:EmitExceptionsAsErrors(IEnumerable`1)
UnityEditor.Scripting.ScriptCompilation.EditorCompilationInterface:SetAllCustomScriptAssemblyReferenceJsons(String[], String[])

ArgumentException: An item with the same key has already been added. Key: 7ff3712c342c8c2449b71ffa53e54e35
  at System.Collections.Generic.Dictionary`2[TKey,TValue].TryInsert (TKey key, TValue value, System.Collections.Generic.InsertionBehavior behavior) [0x0015a] in <1eb9db207454431c84a47bcd81e79c37>:0 
  at System.Collections.Generic.Dictionary`2[TKey,TValue].Add (TKey key, TValue value) [0x00000] in <1eb9db207454431c84a47bcd81e79c37>:0 
  at System.Linq.Enumerable.ToDictionary[TSource,TKey] (TSource[] source, System.Func`2[T,TResult] keySelector, System.Collections.Generic.IEqualityComparer`1[T] comparer) [0x0001c] in <6faa6124236442759eb396cfbfdad508>:0 
  at System.Linq.Enumerable.ToDictionary[TSource,TKey] (System.Collections.Generic.IEnumerable`1[T] source, System.Func`2[T,TResult] keySelector, System.Collections.Generic.IEqualityComparer`1[T] comparer) [0x00043] in <6faa6124236442759eb396cfbfdad508>:0 
  at System.Linq.Enumerable.ToDictionary[TSource,TKey] (System.Collections.Generic.IEnumerable`1[T] source, System.Func`2[T,TResult] keySelector) [0x00000] in <6faa6124236442759eb396cfbfdad508>:0 
  at UnityEditor.Scripting.ScriptCompilation.LoadingAssemblyDefinition.SetAllCustomScriptAssemblyReferenceJsonsContents (System.String[] paths, System.String[] contents) [0x00172] in <d9024bdc2a414b3c81b047ea3e343594>:0 
UnityEngine.DebugLogHandler:Internal_LogException_Injected(Exception, IntPtr)
UnityEngine.DebugLogHandler:Internal_LogException(Exception, Object)
UnityEngine.DebugLogHandler:LogException(Exception, Object)
UnityEngine.Logger:LogException(Exception, Object)
UnityEngine.Debug:LogException(Exception)
UnityEditor.Scripting.ScriptCompilation.EditorCompilationInterface:LogException(Exception)
UnityEditor.Scripting.ScriptCompilation.EditorCompilationInterface:EmitExceptionsAsErrors(IEnumerable`1)
UnityEditor.Scripting.ScriptCompilation.EditorCompilationInterface:SetAllCustomScriptAssemblyReferenceJsons(String[], String[])

ArgumentException: An item with the same key has already been added. Key: 7ff3712c342c8c2449b71ffa53e54e35
  at System.Collections.Generic.Dictionary`2[TKey,TValue].TryInsert (TKey key, TValue value, System.Collections.Generic.InsertionBehavior behavior) [0x0015a] in <1eb9db207454431c84a47bcd81e79c37>:0 
  at System.Collections.Generic.Dictionary`2[TKey,TValue].Add (TKey key, TValue value) [0x00000] in <1eb9db207454431c84a47bcd81e79c37>:0 
  at System.Linq.Enumerable.ToDictionary[TSource,TKey] (TSource[] source, System.Func`2[T,TResult] keySelector, System.Collections.Generic.IEqualityComparer`1[T] comparer) [0x0001c] in <6faa6124236442759eb396cfbfdad508>:0 
  at System.Linq.Enumerable.ToDictionary[TSource,TKey] (System.Collections.Generic.IEnumerable`1[T] source, System.Func`2[T,TResult] keySelector, System.Collections.Generic.IEqualityComparer`1[T] comparer) [0x00043] in <6faa6124236442759eb396cfbfdad508>:0 
  at System.Linq.Enumerable.ToDictionary[TSource,TKey] (System.Collections.Generic.IEnumerable`1[T] source, System.Func`2[T,TResult] keySelector) [0x00000] in <6faa6124236442759eb396cfbfdad508>:0 
  at UnityEditor.Scripting.ScriptCompilation.LoadingAssemblyDefinition.SetAllCustomScriptAssemblyReferenceJsonsContents (System.String[] paths, System.String[] contents) [0x00172] in <d9024bdc2a414b3c81b047ea3e343594>:0 
UnityEngine.DebugLogHandler:Internal_LogException_Injected(Exception, IntPtr)
UnityEngine.DebugLogHandler:Internal_LogException(Exception, Object)
UnityEngine.DebugLogHandler:LogException(Exception, Object)
UnityEngine.Logger:LogException(Exception, Object)
UnityEngine.Debug:LogException(Exception)
UnityEditor.Scripting.ScriptCompilation.EditorCompilationInterface:LogException(Exception)
UnityEditor.Scripting.ScriptCompilation.EditorCompilationInterface:EmitExceptionsAsErrors(IEnumerable`1)
UnityEditor.Scripting.ScriptCompilation.EditorCompilationInterface:SetAllCustomScriptAssemblyReferenceJsons(String[], String[])

ArgumentException: An item with the same key has already been added. Key: 7ff3712c342c8c2449b71ffa53e54e35
  at System.Collections.Generic.Dictionary`2[TKey,TValue].TryInsert (TKey key, TValue value, System.Collections.Generic.InsertionBehavior behavior) [0x0015a] in <1eb9db207454431c84a47bcd81e79c37>:0 
  at System.Collections.Generic.Dictionary`2[TKey,TValue].Add (TKey key, TValue value) [0x00000] in <1eb9db207454431c84a47bcd81e79c37>:0 
  at System.Linq.Enumerable.ToDictionary[TSource,TKey] (TSource[] source, System.Func`2[T,TResult] keySelector, System.Collections.Generic.IEqualityComparer`1[T] comparer) [0x0001c] in <6faa6124236442759eb396cfbfdad508>:0 
  at System.Linq.Enumerable.ToDictionary[TSource,TKey] (System.Collections.Generic.IEnumerable`1[T] source, System.Func`2[T,TResult] keySelector, System.Collections.Generic.IEqualityComparer`1[T] comparer) [0x00043] in <6faa6124236442759eb396cfbfdad508>:0 
  at System.Linq.Enumerable.ToDictionary[TSource,TKey] (System.Collections.Generic.IEnumerable`1[T] source, System.Func`2[T,TResult] keySelector) [0x00000] in <6faa6124236442759eb396cfbfdad508>:0 
  at UnityEditor.Scripting.ScriptCompilation.LoadingAssemblyDefinition.SetAllCustomScriptAssemblyReferenceJsonsContents (System.String[] paths, System.String[] contents) [0x00172] in <d9024bdc2a414b3c81b047ea3e343594>:0 
UnityEngine.DebugLogHandler:Internal_LogException_Injected(Exception, IntPtr)
UnityEngine.DebugLogHandler:Internal_LogException(Exception, Object)
UnityEngine.DebugLogHandler:LogException(Exception, Object)
UnityEngine.Logger:LogException(Exception, Object)
UnityEngine.Debug:LogException(Exception)
UnityEditor.Scripting.ScriptCompilation.EditorCompilationInterface:LogException(Exception)
UnityEditor.Scripting.ScriptCompilation.EditorCompilationInterface:EmitExceptionsAsErrors(IEnumerable`1)
UnityEditor.Scripting.ScriptCompilation.EditorCompilationInterface:SetAllCustomScriptAssemblyReferenceJsons(String[], String[])

ArgumentException: An item with the same key has already been added. Key: 7ff3712c342c8c2449b71ffa53e54e35
  at System.Collections.Generic.Dictionary`2[TKey,TValue].TryInsert (TKey key, TValue value, System.Collections.Generic.InsertionBehavior behavior) [0x0015a] in <1eb9db207454431c84a47bcd81e79c37>:0 
  at System.Collections.Generic.Dictionary`2[TKey,TValue].Add (TKey key, TValue value) [0x00000] in <1eb9db207454431c84a47bcd81e79c37>:0 
  at System.Linq.Enumerable.ToDictionary[TSource,TKey] (TSource[] source, System.Func`2[T,TResult] keySelector, System.Collections.Generic.IEqualityComparer`1[T] comparer) [0x0001c] in <6faa6124236442759eb396cfbfdad508>:0 
  at System.Linq.Enumerable.ToDictionary[TSource,TKey] (System.Collections.Generic.IEnumerable`1[T] source, System.Func`2[T,TResult] keySelector, System.Collections.Generic.IEqualityComparer`1[T] comparer) [0x00043] in <6faa6124236442759eb396cfbfdad508>:0 
  at System.Linq.Enumerable.ToDictionary[TSource,TKey] (System.Collections.Generic.IEnumerable`1[T] source, System.Func`2[T,TResult] keySelector) [0x00000] in <6faa6124236442759eb396cfbfdad508>:0 
  at UnityEditor.Scripting.ScriptCompilation.LoadingAssemblyDefinition.SetAllCustomScriptAssemblyReferenceJsonsContents (System.String[] paths, System.String[] contents) [0x00172] in <d9024bdc2a414b3c81b047ea3e343594>:0 
UnityEngine.DebugLogHandler:Internal_LogException_Injected(Exception, IntPtr)
UnityEngine.DebugLogHandler:Internal_LogException(Exception, Object)
UnityEngine.DebugLogHandler:LogException(Exception, Object)
UnityEngine.Logger:LogException(Exception, Object)
UnityEngine.Debug:LogException(Exception)
UnityEditor.Scripting.ScriptCompilation.EditorCompilationInterface:LogException(Exception)
UnityEditor.Scripting.ScriptCompilation.EditorCompilationInterface:EmitExceptionsAsErrors(IEnumerable`1)
UnityEditor.Scripting.ScriptCompilation.EditorCompilationInterface:SetAllCustomScriptAssemblyReferenceJsons(String[], String[])

ArgumentException: An item with the same key has already been added. Key: 7ff3712c342c8c2449b71ffa53e54e35
  at System.Collections.Generic.Dictionary`2[TKey,TValue].TryInsert (TKey key, TValue value, System.Collections.Generic.InsertionBehavior behavior) [0x0015a] in <1eb9db207454431c84a47bcd81e79c37>:0 
  at System.Collections.Generic.Dictionary`2[TKey,TValue].Add (TKey key, TValue value) [0x00000] in <1eb9db207454431c84a47bcd81e79c37>:0 
  at System.Linq.Enumerable.ToDictionary[TSource,TKey] (TSource[] source, System.Func`2[T,TResult] keySelector, System.Collections.Generic.IEqualityComparer`1[T] comparer) [0x0001c] in <6faa6124236442759eb396cfbfdad508>:0 
  at System.Linq.Enumerable.ToDictionary[TSource,TKey] (System.Collections.Generic.IEnumerable`1[T] source, System.Func`2[T,TResult] keySelector, System.Collections.Generic.IEqualityComparer`1[T] comparer) [0x00043] in <6faa6124236442759eb396cfbfdad508>:0 
  at System.Linq.Enumerable.ToDictionary[TSource,TKey] (System.Collections.Generic.IEnumerable`1[T] source, System.Func`2[T,TResult] keySelector) [0x00000] in <6faa6124236442759eb396cfbfdad508>:0 
  at UnityEditor.Scripting.ScriptCompilation.LoadingAssemblyDefinition.SetAllCustomScriptAssemblyReferenceJsonsContents (System.String[] paths, System.String[] contents) [0x00172] in <d9024bdc2a414b3c81b047ea3e343594>:0 
UnityEngine.DebugLogHandler:Internal_LogException_Injected(Exception, IntPtr)
UnityEngine.DebugLogHandler:Internal_LogException(Exception, Object)
UnityEngine.DebugLogHandler:LogException(Exception, Object)
UnityEngine.Logger:LogException(Exception, Object)
UnityEngine.Debug:LogException(Exception)
UnityEditor.Scripting.ScriptCompilation.EditorCompilationInterface:LogException(Exception)
UnityEditor.Scripting.ScriptCompilation.EditorCompilationInterface:EmitExceptionsAsErrors(IEnumerable`1)
UnityEditor.Scripting.ScriptCompilation.EditorCompilationInterface:SetAllCustomScriptAssemblyReferenceJsons(String[], String[])

ArgumentException: An item with the same key has already been added. Key: 7ff3712c342c8c2449b71ffa53e54e35
  at System.Collections.Generic.Dictionary`2[TKey,TValue].TryInsert (TKey key, TValue value, System.Collections.Generic.InsertionBehavior behavior) [0x0015a] in <1eb9db207454431c84a47bcd81e79c37>:0 
  at System.Collections.Generic.Dictionary`2[TKey,TValue].Add (TKey key, TValue value) [0x00000] in <1eb9db207454431c84a47bcd81e79c37>:0 
  at System.Linq.Enumerable.ToDictionary[TSource,TKey] (TSource[] source, System.Func`2[T,TResult] keySelector, System.Collections.Generic.IEqualityComparer`1[T] comparer) [0x0001c] in <6faa6124236442759eb396cfbfdad508>:0 
  at System.Linq.Enumerable.ToDictionary[TSource,TKey] (System.Collections.Generic.IEnumerable`1[T] source, System.Func`2[T,TResult] keySelector, System.Collections.Generic.IEqualityComparer`1[T] comparer) [0x00043] in <6faa6124236442759eb396cfbfdad508>:0 
  at System.Linq.Enumerable.ToDictionary[TSource,TKey] (System.Collections.Generic.IEnumerable`1[T] source, System.Func`2[T,TResult] keySelector) [0x00000] in <6faa6124236442759eb396cfbfdad508>:0 
  at UnityEditor.Scripting.ScriptCompilation.LoadingAssemblyDefinition.SetAllCustomScriptAssemblyReferenceJsonsContents (System.String[] paths, System.String[] contents) [0x00172] in <d9024bdc2a414b3c81b047ea3e343594>:0 
UnityEngine.DebugLogHandler:Internal_LogException_Injected(Exception, IntPtr)
UnityEngine.DebugLogHandler:Internal_LogException(Exception, Object)
UnityEngine.DebugLogHandler:LogException(Exception, Object)
UnityEngine.Logger:LogException(Exception, Object)
UnityEngine.Debug:LogException(Exception)
UnityEditor.Scripting.ScriptCompilation.EditorCompilationInterface:LogException(Exception)
UnityEditor.Scripting.ScriptCompilation.EditorCompilationInterface:EmitExceptionsAsErrors(IEnumerable`1)
UnityEditor.Scripting.ScriptCompilation.EditorCompilationInterface:SetAllCustomScriptAssemblyReferenceJsons(String[], String[])

ArgumentException: An item with the same key has already been added. Key: 7ff3712c342c8c2449b71ffa53e54e35
  at System.Collections.Generic.Dictionary`2[TKey,TValue].TryInsert (TKey key, TValue value, System.Collections.Generic.InsertionBehavior behavior) [0x0015a] in <1eb9db207454431c84a47bcd81e79c37>:0 
  at System.Collections.Generic.Dictionary`2[TKey,TValue].Add (TKey key, TValue value) [0x00000] in <1eb9db207454431c84a47bcd81e79c37>:0 
  at System.Linq.Enumerable.ToDictionary[TSource,TKey,TElement] (TSource[] source, System.Func`2[T,TResult] keySelector, System.Func`2[T,TResult] elementSelector, System.Collections.Generic.IEqualityComparer`1[T] comparer) [0x00029] in <6faa6124236442759eb396cfbfdad508>:0 
  at System.Linq.Enumerable.ToDictionary[TSource,TKey,TElement] (System.Collections.Generic.IEnumerable`1[T] source, System.Func`2[T,TResult] keySelector, System.Func`2[T,TResult] elementSelector, System.Collections.Generic.IEqualityComparer`1[T] comparer) [0x00051] in <6faa6124236442759eb396cfbfdad508>:0 
  at System.Linq.Enumerable.ToDictionary[TSource,TKey,TElement] (System.Collections.Generic.IEnumerable`1[T] source, System.Func`2[T,TResult] keySelector, System.Func`2[T,TResult] elementSelector) [0x00000] in <6faa6124236442759eb396cfbfdad508>:0 
  at UnityEditor.Scripting.ScriptCompilation.AssemblyGraphBuilder.Initialize (System.Collections.Generic.IReadOnlyCollection`1[T] assemblies, System.Collections.Generic.IReadOnlyCollection`1[T] customScriptAssemblyReferences) [0x00046] in <d9024bdc2a414b3c81b047ea3e343594>:0 
  at UnityEditor.Scripting.ScriptCompilation.AssemblyGraphBuilderFactory.GetOrCreate (System.String projectPath, System.Collections.Generic.IReadOnlyCollection`1[T] assemblies, System.Collections.Generic.IReadOnlyCollection`1[T] customScriptAssemblyReferences) [0x00038] in <d9024bdc2a414b3c81b047ea3e343594>:0 
  at UnityEditor.Scripting.ScriptCompilation.EditorCompilation.GetAssemblyGraphBuilder () [0x00027] in <d9024bdc2a414b3c81b047ea3e343594>:0 
  at UnityEditor.Scripting.ScriptCompilation.EditorCompilation.SetAllScripts (System.String[] allScripts) [0x0000d] in <d9024bdc2a414b3c81b047ea3e343594>:0 
  at UnityEditor.Scripting.ScriptCompilation.EditorCompilationInterface.SetAllScripts (System.String[] allScripts) [0x00006] in <d9024bdc2a414b3c81b047ea3e343594>:0 

Refreshing native plugins compatible for Editor in 1.25 ms, found 3 plugins.
Assertion failed on expression: 'pred(*previous, *i)'
Assertion failed on expression: 'pred(*previous, *i)'
Assertion failed on expression: 'pred(*previous, *i)'
Assertion failed on expression: 'pred(*previous, *i)'
Assertion failed on expression: 'pred(*previous, *i)'
Assertion failed on expression: 'pred(*previous, *i)'
Assertion failed on expression: 'pred(*previous, *i)'
Assertion failed on expression: 'pred(*previous, *i)'
Assertion failed on expression: 'pred(*previous, *i)'
Assertion failed on expression: 'pred(*previous, *i)'
Assertion failed on expression: 'pred(*previous, *i)'
Assertion failed on expression: 'pred(*previous, *i)'
Assertion failed on expression: 'pred(*previous, *i)'
Assertion failed on expression: 'pred(*previous, *i)'
Assertion failed on expression: 'pred(*previous, *i)'
Assertion failed on expression: 'pred(*previous, *i)'
Assertion failed on expression: 'pred(*previous, *i)'
Assertion failed on expression: 'pred(*previous, *i)'
Assertion failed on expression: 'pred(*previous, *i)'
Assertion failed on expression: 'pred(*previous, *i)'
Assertion failed on expression: 'pred(*previous, *i)'
Assertion failed on expression: 'pred(*previous, *i)'
Assertion failed on expression: 'pred(*previous, *i)'
Assertion failed on expression: 'pred(*previous, *i)'
Assertion failed on expression: 'pred(*previous, *i)'
Assertion failed on expression: 'pred(*previous, *i)'
Assertion failed on expression: 'pred(*previous, *i)'
Assertion failed on expression: 'pred(*previous, *i)'
Assertion failed on expression: 'pred(*previous, *i)'
Assertion failed on expression: 'pred(*previous, *i)'
Assertion failed on expression: 'pred(*previous, *i)'
Assertion failed on expression: 'pred(*previous, *i)'
Assertion failed on expression: 'pred(*previous, *i)'
Assertion failed on expression: 'pred(*previous, *i)'
Assertion failed on expression: 'pred(*previous, *i)'
Assertion failed on expression: 'pred(*previous, *i)'
Assertion failed on expression: 'pred(*previous, *i)'
Assertion failed on expression: 'pred(*previous, *i)'
Assertion failed on expression: 'pred(*previous, *i)'
Assertion failed on expression: 'pred(*previous, *i)'
Assertion failed on expression: 'pred(*previous, *i)'
Assertion failed on expression: 'pred(*previous, *i)'
Assertion failed on expression: 'pred(*previous, *i)'
Assertion failed on expression: 'pred(*previous, *i)'
Assertion failed on expression: 'pred(*previous, *i)'
Assertion failed on expression: 'pred(*previous, *i)'
Native extension for WindowsStandalone target not found
Native extension for WebGL target not found
ArgumentException: An item with the same key has already been added. Key: 7ff3712c342c8c2449b71ffa53e54e35
  at System.Collections.Generic.Dictionary`2[TKey,TValue].TryInsert (TKey key, TValue value, System.Collections.Generic.InsertionBehavior behavior) [0x0015a] in <1eb9db207454431c84a47bcd81e79c37>:0 
  at System.Collections.Generic.Dictionary`2[TKey,TValue].Add (TKey key, TValue value) [0x00000] in <1eb9db207454431c84a47bcd81e79c37>:0 
  at System.Linq.Enumerable.ToDictionary[TSource,TKey] (TSource[] source, System.Func`2[T,TResult] keySelector, System.Collections.Generic.IEqualityComparer`1[T] comparer) [0x0001c] in <6faa6124236442759eb396cfbfdad508>:0 
  at System.Linq.Enumerable.ToDictionary[TSource,TKey] (System.Collections.Generic.IEnumerable`1[T] source, System.Func`2[T,TResult] keySelector, System.Collections.Generic.IEqualityComparer`1[T] comparer) [0x00043] in <6faa6124236442759eb396cfbfdad508>:0 
  at System.Linq.Enumerable.ToDictionary[TSource,TKey] (System.Collections.Generic.IEnumerable`1[T] source, System.Func`2[T,TResult] keySelector) [0x00000] in <6faa6124236442759eb396cfbfdad508>:0 
  at UnityEditor.Scripting.ScriptCompilation.LoadingAssemblyDefinition.SetAllCustomScriptAssemblyReferenceJsonsContents (System.String[] paths, System.String[] contents) [0x00172] in <d9024bdc2a414b3c81b047ea3e343594>:0 
UnityEngine.DebugLogHandler:Internal_LogException_Injected(Exception, IntPtr)
UnityEngine.DebugLogHandler:Internal_LogException(Exception, Object)
UnityEngine.DebugLogHandler:LogException(Exception, Object)
UnityEngine.Logger:LogException(Exception, Object)
UnityEngine.Debug:LogException(Exception)
UnityEditor.Scripting.ScriptCompilation.EditorCompilationInterface:LogException(Exception)
UnityEditor.Scripting.ScriptCompilation.EditorCompilationInterface:EmitExceptionsAsErrors(IEnumerable`1)
UnityEditor.Scripting.ScriptCompilation.EditorCompilationInterface:SetAllCustomScriptAssemblyReferenceJsons(String[], String[])

ArgumentException: An item with the same key has already been added. Key: 7ff3712c342c8c2449b71ffa53e54e35
  at System.Collections.Generic.Dictionary`2[TKey,TValue].TryInsert (TKey key, TValue value, System.Collections.Generic.InsertionBehavior behavior) [0x0015a] in <1eb9db207454431c84a47bcd81e79c37>:0 
  at System.Collections.Generic.Dictionary`2[TKey,TValue].Add (TKey key, TValue value) [0x00000] in <1eb9db207454431c84a47bcd81e79c37>:0 
  at System.Linq.Enumerable.ToDictionary[TSource,TKey] (TSource[] source, System.Func`2[T,TResult] keySelector, System.Collections.Generic.IEqualityComparer`1[T] comparer) [0x0001c] in <6faa6124236442759eb396cfbfdad508>:0 
  at System.Linq.Enumerable.ToDictionary[TSource,TKey] (System.Collections.Generic.IEnumerable`1[T] source, System.Func`2[T,TResult] keySelector, System.Collections.Generic.IEqualityComparer`1[T] comparer) [0x00043] in <6faa6124236442759eb396cfbfdad508>:0 
  at System.Linq.Enumerable.ToDictionary[TSource,TKey] (System.Collections.Generic.IEnumerable`1[T] source, System.Func`2[T,TResult] keySelector) [0x00000] in <6faa6124236442759eb396cfbfdad508>:0 
  at UnityEditor.Scripting.ScriptCompilation.LoadingAssemblyDefinition.SetAllCustomScriptAssemblyReferenceJsonsContents (System.String[] paths, System.String[] contents) [0x00172] in <d9024bdc2a414b3c81b047ea3e343594>:0 
UnityEngine.DebugLogHandler:Internal_LogException_Injected(Exception, IntPtr)
UnityEngine.DebugLogHandler:Internal_LogException(Exception, Object)
UnityEngine.DebugLogHandler:LogException(Exception, Object)
UnityEngine.Logger:LogException(Exception, Object)
UnityEngine.Debug:LogException(Exception)
UnityEditor.Scripting.ScriptCompilation.EditorCompilationInterface:LogException(Exception)
UnityEditor.Scripting.ScriptCompilation.EditorCompilationInterface:EmitExceptionsAsErrors(IEnumerable`1)
UnityEditor.Scripting.ScriptCompilation.EditorCompilationInterface:SetAllCustomScriptAssemblyReferenceJsons(String[], String[])

ArgumentException: An item with the same key has already been added. Key: 7ff3712c342c8c2449b71ffa53e54e35
  at System.Collections.Generic.Dictionary`2[TKey,TValue].TryInsert (TKey key, TValue value, System.Collections.Generic.InsertionBehavior behavior) [0x0015a] in <1eb9db207454431c84a47bcd81e79c37>:0 
  at System.Collections.Generic.Dictionary`2[TKey,TValue].Add (TKey key, TValue value) [0x00000] in <1eb9db207454431c84a47bcd81e79c37>:0 
  at System.Linq.Enumerable.ToDictionary[TSource,TKey] (TSource[] source, System.Func`2[T,TResult] keySelector, System.Collections.Generic.IEqualityComparer`1[T] comparer) [0x0001c] in <6faa6124236442759eb396cfbfdad508>:0 
  at System.Linq.Enumerable.ToDictionary[TSource,TKey] (System.Collections.Generic.IEnumerable`1[T] source, System.Func`2[T,TResult] keySelector, System.Collections.Generic.IEqualityComparer`1[T] comparer) [0x00043] in <6faa6124236442759eb396cfbfdad508>:0 
  at System.Linq.Enumerable.ToDictionary[TSource,TKey] (System.Collections.Generic.IEnumerable`1[T] source, System.Func`2[T,TResult] keySelector) [0x00000] in <6faa6124236442759eb396cfbfdad508>:0 
  at UnityEditor.Scripting.ScriptCompilation.LoadingAssemblyDefinition.SetAllCustomScriptAssemblyReferenceJsonsContents (System.String[] paths, System.String[] contents) [0x00172] in <d9024bdc2a414b3c81b047ea3e343594>:0 
UnityEngine.DebugLogHandler:Internal_LogException_Injected(Exception, IntPtr)
UnityEngine.DebugLogHandler:Internal_LogException(Exception, Object)
UnityEngine.DebugLogHandler:LogException(Exception, Object)
UnityEngine.Logger:LogException(Exception, Object)
UnityEngine.Debug:LogException(Exception)
UnityEditor.Scripting.ScriptCompilation.EditorCompilationInterface:LogException(Exception)
UnityEditor.Scripting.ScriptCompilation.EditorCompilationInterface:EmitExceptionsAsErrors(IEnumerable`1)
UnityEditor.Scripting.ScriptCompilation.EditorCompilationInterface:SetAllCustomScriptAssemblyReferenceJsons(String[], String[])

ArgumentException: An item with the same key has already been added. Key: 7ff3712c342c8c2449b71ffa53e54e35
  at System.Collections.Generic.Dictionary`2[TKey,TValue].TryInsert (TKey key, TValue value, System.Collections.Generic.InsertionBehavior behavior) [0x0015a] in <1eb9db207454431c84a47bcd81e79c37>:0 
  at System.Collections.Generic.Dictionary`2[TKey,TValue].Add (TKey key, TValue value) [0x00000] in <1eb9db207454431c84a47bcd81e79c37>:0 
  at System.Linq.Enumerable.ToDictionary[TSource,TKey] (TSource[] source, System.Func`2[T,TResult] keySelector, System.Collections.Generic.IEqualityComparer`1[T] comparer) [0x0001c] in <6faa6124236442759eb396cfbfdad508>:0 
  at System.Linq.Enumerable.ToDictionary[TSource,TKey] (System.Collections.Generic.IEnumerable`1[T] source, System.Func`2[T,TResult] keySelector, System.Collections.Generic.IEqualityComparer`1[T] comparer) [0x00043] in <6faa6124236442759eb396cfbfdad508>:0 
  at System.Linq.Enumerable.ToDictionary[TSource,TKey] (System.Collections.Generic.IEnumerable`1[T] source, System.Func`2[T,TResult] keySelector) [0x00000] in <6faa6124236442759eb396cfbfdad508>:0 
  at UnityEditor.Scripting.ScriptCompilation.LoadingAssemblyDefinition.SetAllCustomScriptAssemblyReferenceJsonsContents (System.String[] paths, System.String[] contents) [0x00172] in <d9024bdc2a414b3c81b047ea3e343594>:0 
UnityEngine.DebugLogHandler:Internal_LogException_Injected(Exception, IntPtr)
UnityEngine.DebugLogHandler:Internal_LogException(Exception, Object)
UnityEngine.DebugLogHandler:LogException(Exception, Object)
UnityEngine.Logger:LogException(Exception, Object)
UnityEngine.Debug:LogException(Exception)
UnityEditor.Scripting.ScriptCompilation.EditorCompilationInterface:LogException(Exception)
UnityEditor.Scripting.ScriptCompilation.EditorCompilationInterface:EmitExceptionsAsErrors(IEnumerable`1)
UnityEditor.Scripting.ScriptCompilation.EditorCompilationInterface:SetAllCustomScriptAssemblyReferenceJsons(String[], String[])

ArgumentException: An item with the same key has already been added. Key: 7ff3712c342c8c2449b71ffa53e54e35
  at System.Collections.Generic.Dictionary`2[TKey,TValue].TryInsert (TKey key, TValue value, System.Collections.Generic.InsertionBehavior behavior) [0x0015a] in <1eb9db207454431c84a47bcd81e79c37>:0 
  at System.Collections.Generic.Dictionary`2[TKey,TValue].Add (TKey key, TValue value) [0x00000] in <1eb9db207454431c84a47bcd81e79c37>:0 
  at System.Linq.Enumerable.ToDictionary[TSource,TKey] (TSource[] source, System.Func`2[T,TResult] keySelector, System.Collections.Generic.IEqualityComparer`1[T] comparer) [0x0001c] in <6faa6124236442759eb396cfbfdad508>:0 
  at System.Linq.Enumerable.ToDictionary[TSource,TKey] (System.Collections.Generic.IEnumerable`1[T] source, System.Func`2[T,TResult] keySelector, System.Collections.Generic.IEqualityComparer`1[T] comparer) [0x00043] in <6faa6124236442759eb396cfbfdad508>:0 
  at System.Linq.Enumerable.ToDictionary[TSource,TKey] (System.Collections.Generic.IEnumerable`1[T] source, System.Func`2[T,TResult] keySelector) [0x00000] in <6faa6124236442759eb396cfbfdad508>:0 
  at UnityEditor.Scripting.ScriptCompilation.LoadingAssemblyDefinition.SetAllCustomScriptAssemblyReferenceJsonsContents (System.String[] paths, System.String[] contents) [0x00172] in <d9024bdc2a414b3c81b047ea3e343594>:0 
UnityEngine.DebugLogHandler:Internal_LogException_Injected(Exception, IntPtr)
UnityEngine.DebugLogHandler:Internal_LogException(Exception, Object)
UnityEngine.DebugLogHandler:LogException(Exception, Object)
UnityEngine.Logger:LogException(Exception, Object)
UnityEngine.Debug:LogException(Exception)
UnityEditor.Scripting.ScriptCompilation.EditorCompilationInterface:LogException(Exception)
UnityEditor.Scripting.ScriptCompilation.EditorCompilationInterface:EmitExceptionsAsErrors(IEnumerable`1)
UnityEditor.Scripting.ScriptCompilation.EditorCompilationInterface:SetAllCustomScriptAssemblyReferenceJsons(String[], String[])

ArgumentException: An item with the same key has already been added. Key: 7ff3712c342c8c2449b71ffa53e54e35
  at System.Collections.Generic.Dictionary`2[TKey,TValue].TryInsert (TKey key, TValue value, System.Collections.Generic.InsertionBehavior behavior) [0x0015a] in <1eb9db207454431c84a47bcd81e79c37>:0 
  at System.Collections.Generic.Dictionary`2[TKey,TValue].Add (TKey key, TValue value) [0x00000] in <1eb9db207454431c84a47bcd81e79c37>:0 
  at System.Linq.Enumerable.ToDictionary[TSource,TKey] (TSource[] source, System.Func`2[T,TResult] keySelector, System.Collections.Generic.IEqualityComparer`1[T] comparer) [0x0001c] in <6faa6124236442759eb396cfbfdad508>:0 
  at System.Linq.Enumerable.ToDictionary[TSource,TKey] (System.Collections.Generic.IEnumerable`1[T] source, System.Func`2[T,TResult] keySelector, System.Collections.Generic.IEqualityComparer`1[T] comparer) [0x00043] in <6faa6124236442759eb396cfbfdad508>:0 
  at System.Linq.Enumerable.ToDictionary[TSource,TKey] (System.Collections.Generic.IEnumerable`1[T] source, System.Func`2[T,TResult] keySelector) [0x00000] in <6faa6124236442759eb396cfbfdad508>:0 
  at UnityEditor.Scripting.ScriptCompilation.LoadingAssemblyDefinition.SetAllCustomScriptAssemblyReferenceJsonsContents (System.String[] paths, System.String[] contents) [0x00172] in <d9024bdc2a414b3c81b047ea3e343594>:0 
UnityEngine.DebugLogHandler:Internal_LogException_Injected(Exception, IntPtr)
UnityEngine.DebugLogHandler:Internal_LogException(Exception, Object)
UnityEngine.DebugLogHandler:LogException(Exception, Object)
UnityEngine.Logger:LogException(Exception, Object)
UnityEngine.Debug:LogException(Exception)
UnityEditor.Scripting.ScriptCompilation.EditorCompilationInterface:LogException(Exception)
UnityEditor.Scripting.ScriptCompilation.EditorCompilationInterface:EmitExceptionsAsErrors(IEnumerable`1)
UnityEditor.Scripting.ScriptCompilation.EditorCompilationInterface:SetAllCustomScriptAssemblyReferenceJsons(String[], String[])

ArgumentException: An item with the same key has already been added. Key: 7ff3712c342c8c2449b71ffa53e54e35
  at System.Collections.Generic.Dictionary`2[TKey,TValue].TryInsert (TKey key, TValue value, System.Collections.Generic.InsertionBehavior behavior) [0x0015a] in <1eb9db207454431c84a47bcd81e79c37>:0 
  at System.Collections.Generic.Dictionary`2[TKey,TValue].Add (TKey key, TValue value) [0x00000] in <1eb9db207454431c84a47bcd81e79c37>:0 
  at System.Linq.Enumerable.ToDictionary[TSource,TKey] (TSource[] source, System.Func`2[T,TResult] keySelector, System.Collections.Generic.IEqualityComparer`1[T] comparer) [0x0001c] in <6faa6124236442759eb396cfbfdad508>:0 
  at System.Linq.Enumerable.ToDictionary[TSource,TKey] (System.Collections.Generic.IEnumerable`1[T] source, System.Func`2[T,TResult] keySelector, System.Collections.Generic.IEqualityComparer`1[T] comparer) [0x00043] in <6faa6124236442759eb396cfbfdad508>:0 
  at System.Linq.Enumerable.ToDictionary[TSource,TKey] (System.Collections.Generic.IEnumerable`1[T] source, System.Func`2[T,TResult] keySelector) [0x00000] in <6faa6124236442759eb396cfbfdad508>:0 
  at UnityEditor.Scripting.ScriptCompilation.LoadingAssemblyDefinition.SetAllCustomScriptAssemblyReferenceJsonsContents (System.String[] paths, System.String[] contents) [0x00172] in <d9024bdc2a414b3c81b047ea3e343594>:0 
UnityEngine.DebugLogHandler:Internal_LogException_Injected(Exception, IntPtr)
UnityEngine.DebugLogHandler:Internal_LogException(Exception, Object)
UnityEngine.DebugLogHandler:LogException(Exception, Object)
UnityEngine.Logger:LogException(Exception, Object)
UnityEngine.Debug:LogException(Exception)
UnityEditor.Scripting.ScriptCompilation.EditorCompilationInterface:LogException(Exception)
UnityEditor.Scripting.ScriptCompilation.EditorCompilationInterface:EmitExceptionsAsErrors(IEnumerable`1)
UnityEditor.Scripting.ScriptCompilation.EditorCompilationInterface:SetAllCustomScriptAssemblyReferenceJsons(String[], String[])

ArgumentException: An item with the same key has already been added. Key: 7ff3712c342c8c2449b71ffa53e54e35
  at System.Collections.Generic.Dictionary`2[TKey,TValue].TryInsert (TKey key, TValue value, System.Collections.Generic.InsertionBehavior behavior) [0x0015a] in <1eb9db207454431c84a47bcd81e79c37>:0 
  at System.Collections.Generic.Dictionary`2[TKey,TValue].Add (TKey key, TValue value) [0x00000] in <1eb9db207454431c84a47bcd81e79c37>:0 
  at System.Linq.Enumerable.ToDictionary[TSource,TKey,TElement] (TSource[] source, System.Func`2[T,TResult] keySelector, System.Func`2[T,TResult] elementSelector, System.Collections.Generic.IEqualityComparer`1[T] comparer) [0x00029] in <6faa6124236442759eb396cfbfdad508>:0 
  at System.Linq.Enumerable.ToDictionary[TSource,TKey,TElement] (System.Collections.Generic.IEnumerable`1[T] source, System.Func`2[T,TResult] keySelector, System.Func`2[T,TResult] elementSelector, System.Collections.Generic.IEqualityComparer`1[T] comparer) [0x00051] in <6faa6124236442759eb396cfbfdad508>:0 
  at System.Linq.Enumerable.ToDictionary[TSource,TKey,TElement] (System.Collections.Generic.IEnumerable`1[T] source, System.Func`2[T,TResult] keySelector, System.Func`2[T,TResult] elementSelector) [0x00000] in <6faa6124236442759eb396cfbfdad508>:0 
  at UnityEditor.Scripting.ScriptCompilation.AssemblyGraphBuilder.Initialize (System.Collections.Generic.IReadOnlyCollection`1[T] assemblies, System.Collections.Generic.IReadOnlyCollection`1[T] customScriptAssemblyReferences) [0x00046] in <d9024bdc2a414b3c81b047ea3e343594>:0 
  at UnityEditor.Scripting.ScriptCompilation.AssemblyGraphBuilderFactory.GetOrCreate (System.String projectPath, System.Collections.Generic.IReadOnlyCollection`1[T] assemblies, System.Collections.Generic.IReadOnlyCollection`1[T] customScriptAssemblyReferences) [0x00038] in <d9024bdc2a414b3c81b047ea3e343594>:0 
  at UnityEditor.Scripting.ScriptCompilation.EditorCompilation.GetAssemblyGraphBuilder () [0x00027] in <d9024bdc2a414b3c81b047ea3e343594>:0 
  at UnityEditor.Scripting.ScriptCompilation.EditorCompilation.SetAllScripts (System.String[] allScripts) [0x0000d] in <d9024bdc2a414b3c81b047ea3e343594>:0 
  at UnityEditor.Scripting.ScriptCompilation.EditorCompilationInterface.SetAllScripts (System.String[] allScripts) [0x00006] in <d9024bdc2a414b3c81b047ea3e343594>:0 

[Package Manager] Failed to launch server process. Reason: Unity was launched with the -noUpm command-line argument
[Package Manager] Unable to send message (not connected to server process).
[Package Manager] Cannot connect to Unity Package Manager local server
[Package Manager] Failed to launch server process. Reason: Unity was launched with the -noUpm command-line argument
[Package Manager] Unable to send message (not connected to server process).
[Package Manager] Cannot connect to Unity Package Manager local server
Mono: successfully reloaded assembly
- Finished resetting the current domain, in  0.981 seconds
Domain Reload Profiling: 1985ms
	BeginReloadAssembly (256ms)
		ExecutionOrderSort (0ms)
		DisableScriptedObjects (8ms)
		BackupInstance (0ms)
		ReleaseScriptingObjects (0ms)
		CreateAndSetChildDomain (65ms)
	RebuildCommonClasses (38ms)
	RebuildNativeTypeToScriptingClass (16ms)
	initialDomainReloadingComplete (38ms)
	LoadAllAssembliesAndSetupDomain (655ms)
		LoadAssemblies (488ms)
		RebuildTransferFunctionScriptingTraits (0ms)
		AnalyzeDomain (270ms)
			TypeCache.Refresh (10ms)
				TypeCache.ScanAssembly (0ms)
			BuildScriptInfoCaches (246ms)
			ResolveRequiredComponents (9ms)
	FinalizeReload (982ms)
		ReleaseScriptCaches (0ms)
		RebuildScriptCaches (0ms)
		SetupLoadedEditorAssemblies (775ms)
			LogAssemblyErrors (0ms)
			InitializePlatformSupportModulesInManaged (4ms)
			SetLoadedEditorAssemblies (8ms)
			BeforeProcessingInitializeOnLoad (222ms)
			ProcessInitializeOnLoadAttributes (389ms)
			ProcessInitializeOnLoadMethodAttributes (143ms)
			AfterProcessingInitializeOnLoad (8ms)
			EditorAssembliesLoaded (0ms)
		ExecutionOrderSort2 (0ms)
		AwakeInstancesAfterBackupRestoration (25ms)
Refreshing native plugins compatible for Editor in 1.90 ms, found 3 plugins.
Preloading 0 native plugins for Editor in 0.00 ms.
Unloading 18 Unused Serialized files (Serialized files now loaded: 0)
Unloading 7066 unused Assets / (4.7 MB). Loaded Objects now: 7933.
Memory consumption went from 165.6 MB to 160.9 MB.
Total: 15.649200 ms (FindLiveObjects: 1.876700 ms CreateObjectMapping: 0.761500 ms MarkObjects: 8.692000 ms  DeleteObjects: 4.316500 ms)

Prepare: number of updated asset objects reloaded= 0
========================================================================
Received Import Request.
  Time since last request: 216.978919 seconds.
  path: Assets/Scripts/InventoryUI.cs
  artifactKey: Guid(1eb5aebec7481f740b82011bcc26fea1) Importer(2089858483,b0f066a214c2f5e87bad3c948f4d605d)
Start importing Assets/Scripts/InventoryUI.cs using Guid(1eb5aebec7481f740b82011bcc26fea1) Importer(2089858483,b0f066a214c2f5e87bad3c948f4d605d) (ScriptedImporter) -> (artifact id: '480c356185377442ecf8cc5b48ba1b69') in 0.1760052 seconds
Number of updated asset objects reloaded before import = 0Number of asset objects unloaded after import = 0

========================================================================
Received Import Request.
  Time since last request: 170.554947 seconds.
  path: Packages/com.unity.ai.generators/Modules/Unity.AI.Animate/Motion/Runtime/Prefabs/Actors/biped_v0/Biped_Humanoid.prefab
  artifactKey: Guid(6b5144c3946c43f5a98ff69196c6ec57) Importer(815301076,1909f56bfc062723c751e8b465ee728b)
Start importing Packages/com.unity.ai.generators/Modules/Unity.AI.Animate/Motion/Runtime/Prefabs/Actors/biped_v0/Biped_Humanoid.prefab using Guid(6b5144c3946c43f5a98ff69196c6ec57) Importer(815301076,1909f56bfc062723c751e8b465ee728b) (PreviewImporter) -> (artifact id: '0796fcc1299de901e6500cf05e7ff312') in 0.0704767 seconds
Number of updated asset objects reloaded before import = 0Number of asset objects unloaded after import = 284

========================================================================
Received Import Request.
  Time since last request: 0.000033 seconds.
  path: Packages/com.unity.render-pipelines.core/Runtime/Debugging/Prefabs/Widgets/DebugUIColor.prefab
  artifactKey: Guid(77c185820dd1a464eac89cae3abccddf) Importer(815301076,1909f56bfc062723c751e8b465ee728b)
Start importing Packages/com.unity.render-pipelines.core/Runtime/Debugging/Prefabs/Widgets/DebugUIColor.prefab using Guid(77c185820dd1a464eac89cae3abccddf) Importer(815301076,1909f56bfc062723c751e8b465ee728b) (PreviewImporter) -> (artifact id: 'b11cc7ab196a8b20d4fb6ba9dbd48c2c') in 0.053862 seconds
Number of updated asset objects reloaded before import = 0Number of asset objects unloaded after import = 82

========================================================================
Received Import Request.
  Time since last request: 0.000027 seconds.
  path: Packages/com.unity.render-pipelines.core/Runtime/Debugging/Prefabs/Widgets/DebugUIEnumHistory.prefab
  artifactKey: Guid(b2da6b27df236b144b3516ed8e7d36ac) Importer(815301076,1909f56bfc062723c751e8b465ee728b)
Start importing Packages/com.unity.render-pipelines.core/Runtime/Debugging/Prefabs/Widgets/DebugUIEnumHistory.prefab using Guid(b2da6b27df236b144b3516ed8e7d36ac) Importer(815301076,1909f56bfc062723c751e8b465ee728b) (PreviewImporter) -> (artifact id: '05a1caef45ce936f7a0db455afc642fd') in 0.0068833 seconds
Number of updated asset objects reloaded before import = 0Number of asset objects unloaded after import = 15

========================================================================
Received Import Request.
  Time since last request: 0.000037 seconds.
  path: Packages/com.unity.render-pipelines.core/Runtime/Debugging/Prefabs/Widgets/DebugUIGroup.prefab
  artifactKey: Guid(38a07789c9e87004dad98c2909f58369) Importer(815301076,1909f56bfc062723c751e8b465ee728b)
Start importing Packages/com.unity.render-pipelines.core/Runtime/Debugging/Prefabs/Widgets/DebugUIGroup.prefab using Guid(38a07789c9e87004dad98c2909f58369) Importer(815301076,1909f56bfc062723c751e8b465ee728b) (PreviewImporter) -> (artifact id: '2428f3c028a73ab1291087c95d3b9e2a') in 0.0040309 seconds
Number of updated asset objects reloaded before import = 0Number of asset objects unloaded after import = 23

========================================================================
Received Import Request.
  Time since last request: 0.000031 seconds.
  path: Packages/com.unity.render-pipelines.core/Runtime/Debugging/Prefabs/Resources/DebugUIPersistentCanvas.prefab
  artifactKey: Guid(f6b1a0fe75d5009449cf55ae76220e2b) Importer(815301076,1909f56bfc062723c751e8b465ee728b)
Start importing Packages/com.unity.render-pipelines.core/Runtime/Debugging/Prefabs/Resources/DebugUIPersistentCanvas.prefab using Guid(f6b1a0fe75d5009449cf55ae76220e2b) Importer(815301076,1909f56bfc062723c751e8b465ee728b) (PreviewImporter) -> (artifact id: '9ad1cc4be9f6c10f4206913e1c790803') in 0.0094057 seconds
Number of updated asset objects reloaded before import = 0Number of asset objects unloaded after import = 29

========================================================================
Received Import Request.
  Time since last request: 0.000032 seconds.
  path: Packages/com.unity.render-pipelines.core/Runtime/Debugging/Prefabs/Widgets/DebugUIValueTuple.prefab
  artifactKey: Guid(a2148203dd960814ca5db0c293ceda35) Importer(815301076,1909f56bfc062723c751e8b465ee728b)
Start importing Packages/com.unity.render-pipelines.core/Runtime/Debugging/Prefabs/Widgets/DebugUIValueTuple.prefab using Guid(a2148203dd960814ca5db0c293ceda35) Importer(815301076,1909f56bfc062723c751e8b465ee728b) (PreviewImporter) -> (artifact id: '1183f3278c9489e5382e0d4c1871746a') in 0.005543 seconds
Number of updated asset objects reloaded before import = 0Number of asset objects unloaded after import = 15

========================================================================
Received Import Request.
  Time since last request: 0.000041 seconds.
  path: Packages/com.unity.render-pipelines.core/Runtime/Debugging/Prefabs/Widgets/DebugUIObjectPopupField.prefab
  artifactKey: Guid(48fb043c850cadc4a883b53785e14c6e) Importer(815301076,1909f56bfc062723c751e8b465ee728b)
Start importing Packages/com.unity.render-pipelines.core/Runtime/Debugging/Prefabs/Widgets/DebugUIObjectPopupField.prefab using Guid(48fb043c850cadc4a883b53785e14c6e) Importer(815301076,1909f56bfc062723c751e8b465ee728b) (PreviewImporter) -> (artifact id: '41e877bb3a47e188f80ce322cb45e842') in 0.0101459 seconds
Number of updated asset objects reloaded before import = 0Number of asset objects unloaded after import = 27

========================================================================
Received Import Request.
  Time since last request: 0.000023 seconds.
  path: Packages/com.unity.render-pipelines.core/Runtime/Debugging/Prefabs/Widgets/DebugUIValuePersistent.prefab
  artifactKey: Guid(8778e6b26b51c6a4999b94d7cacd8b5d) Importer(815301076,1909f56bfc062723c751e8b465ee728b)
Start importing Packages/com.unity.render-pipelines.core/Runtime/Debugging/Prefabs/Widgets/DebugUIValuePersistent.prefab using Guid(8778e6b26b51c6a4999b94d7cacd8b5d) Importer(815301076,1909f56bfc062723c751e8b465ee728b) (PreviewImporter) -> (artifact id: '352c2be32b1a98a706d8133975c58b93') in 0.0038576 seconds
Number of updated asset objects reloaded before import = 0Number of asset objects unloaded after import = 15

========================================================================
Received Import Request.
  Time since last request: 0.000051 seconds.
  path: Packages/com.unity.render-pipelines.core/Runtime/Debugging/Prefabs/Widgets/DebugUIVector3.prefab
  artifactKey: Guid(94afea5f242d72547979595ba963f335) Importer(815301076,1909f56bfc062723c751e8b465ee728b)
Start importing Packages/com.unity.render-pipelines.core/Runtime/Debugging/Prefabs/Widgets/DebugUIVector3.prefab using Guid(94afea5f242d72547979595ba963f335) Importer(815301076,1909f56bfc062723c751e8b465ee728b) (PreviewImporter) -> (artifact id: '3205db402c8d2abeda03dfea45ca790d') in 0.0065185 seconds
Number of updated asset objects reloaded before import = 0Number of asset objects unloaded after import = 67

========================================================================
Received Import Request.
  Time since last request: 0.000064 seconds.
  path: Packages/com.unity.render-pipelines.core/Runtime/Debugging/Prefabs/Widgets/DebugUIMessageBox.prefab
  artifactKey: Guid(10a25524b0986f9488b430e2829bbbe8) Importer(815301076,1909f56bfc062723c751e8b465ee728b)
Start importing Packages/com.unity.render-pipelines.core/Runtime/Debugging/Prefabs/Widgets/DebugUIMessageBox.prefab using Guid(10a25524b0986f9488b430e2829bbbe8) Importer(815301076,1909f56bfc062723c751e8b465ee728b) (PreviewImporter) -> (artifact id: '1d7611ebc47432a4b831c5b15977bab5') in 0.0048508 seconds
Number of updated asset objects reloaded before import = 0Number of asset objects unloaded after import = 15

========================================================================
Received Import Request.
  Time since last request: 0.000023 seconds.
  path: Packages/com.unity.render-pipelines.core/Runtime/Debugging/Prefabs/Widgets/DebugUIToggleHistory.prefab
  artifactKey: Guid(5088d0220f0c4df439cf06c5c270eacb) Importer(815301076,1909f56bfc062723c751e8b465ee728b)
Start importing Packages/com.unity.render-pipelines.core/Runtime/Debugging/Prefabs/Widgets/DebugUIToggleHistory.prefab using Guid(5088d0220f0c4df439cf06c5c270eacb) Importer(815301076,1909f56bfc062723c751e8b465ee728b) (PreviewImporter) -> (artifact id: '5df32211ae8a63860215779848194adf') in 0.0238853 seconds
Number of updated asset objects reloaded before import = 0Number of asset objects unloaded after import = 24

========================================================================
Received Import Request.
  Time since last request: 0.000025 seconds.
  path: Packages/com.unity.render-pipelines.core/Runtime/Debugging/Prefabs/Widgets/DebugUIObjectList.prefab
  artifactKey: Guid(ad83bc56407925d44a77a5bd01cd6783) Importer(815301076,1909f56bfc062723c751e8b465ee728b)
Start importing Packages/com.unity.render-pipelines.core/Runtime/Debugging/Prefabs/Widgets/DebugUIObjectList.prefab using Guid(ad83bc56407925d44a77a5bd01cd6783) Importer(815301076,1909f56bfc062723c751e8b465ee728b) (PreviewImporter) -> (artifact id: 'd043569c1651f17c5d7dc384ceaa614c') in 0.0062217 seconds
Number of updated asset objects reloaded before import = 0Number of asset objects unloaded after import = 27

========================================================================
Received Import Request.
  Time since last request: 0.000032 seconds.
  path: Packages/com.unity.render-pipelines.core/Runtime/Debugging/Prefabs/Widgets/DebugUIObject.prefab
  artifactKey: Guid(a87cfaef648f17c41b568e842e068c51) Importer(815301076,1909f56bfc062723c751e8b465ee728b)
Start importing Packages/com.unity.render-pipelines.core/Runtime/Debugging/Prefabs/Widgets/DebugUIObject.prefab using Guid(a87cfaef648f17c41b568e842e068c51) Importer(815301076,1909f56bfc062723c751e8b465ee728b) (PreviewImporter) -> (artifact id: '14c1d7937bdc666e832c2da18bb7e939') in 0.0059767 seconds
Number of updated asset objects reloaded before import = 0Number of asset objects unloaded after import = 15

========================================================================
Received Import Request.
  Time since last request: 0.000045 seconds.
  path: Packages/com.unity.render-pipelines.core/Runtime/Debugging/Prefabs/Widgets/DebugUIPanel.prefab
  artifactKey: Guid(daa46a58178a6ad41ae1ddc2dc7f856d) Importer(815301076,1909f56bfc062723c751e8b465ee728b)
Start importing Packages/com.unity.render-pipelines.core/Runtime/Debugging/Prefabs/Widgets/DebugUIPanel.prefab using Guid(daa46a58178a6ad41ae1ddc2dc7f856d) Importer(815301076,1909f56bfc062723c751e8b465ee728b) (PreviewImporter) -> (artifact id: '3186f1346264e5cfed942b2d565a57a4') in 0.0124257 seconds
Number of updated asset objects reloaded before import = 0Number of asset objects unloaded after import = 98

========================================================================
Received Import Request.
  Time since last request: 0.000027 seconds.
  path: Packages/com.unity.render-pipelines.core/Runtime/Debugging/Prefabs/Widgets/DebugUIUIntField.prefab
  artifactKey: Guid(f22bcc84a5f4a1944b075a2c4ac71493) Importer(815301076,1909f56bfc062723c751e8b465ee728b)
Start importing Packages/com.unity.render-pipelines.core/Runtime/Debugging/Prefabs/Widgets/DebugUIUIntField.prefab using Guid(f22bcc84a5f4a1944b075a2c4ac71493) Importer(815301076,1909f56bfc062723c751e8b465ee728b) (PreviewImporter) -> (artifact id: 'a4680621008939e8e7f2f37ef08c6f5f') in 0.0058921 seconds
Number of updated asset objects reloaded before import = 0Number of asset objects unloaded after import = 37

========================================================================
Received Import Request.
  Time since last request: 0.000028 seconds.
  path: Packages/com.unity.render-pipelines.core/Runtime/Debugging/Prefabs/Widgets/DebugUIValue.prefab
  artifactKey: Guid(dc0f88987826e6e48b1fe9c7c2b53a53) Importer(815301076,1909f56bfc062723c751e8b465ee728b)
Start importing Packages/com.unity.render-pipelines.core/Runtime/Debugging/Prefabs/Widgets/DebugUIValue.prefab using Guid(dc0f88987826e6e48b1fe9c7c2b53a53) Importer(815301076,1909f56bfc062723c751e8b465ee728b) (PreviewImporter) -> (artifact id: 'd98d2aaea28e0a6e27eba2a8d5cb5712') in 0.0047861 seconds
Number of updated asset objects reloaded before import = 0Number of asset objects unloaded after import = 15

========================================================================
Received Import Request.
  Time since last request: 0.000053 seconds.
  path: Packages/com.unity.render-pipelines.core/Runtime/Debugging/Prefabs/Widgets/DebugUIIntField.prefab
  artifactKey: Guid(ae00bb75e0cd5b04b8fe7fb4ab662629) Importer(815301076,1909f56bfc062723c751e8b465ee728b)
Start importing Packages/com.unity.render-pipelines.core/Runtime/Debugging/Prefabs/Widgets/DebugUIIntField.prefab using Guid(ae00bb75e0cd5b04b8fe7fb4ab662629) Importer(815301076,1909f56bfc062723c751e8b465ee728b) (PreviewImporter) -> (artifact id: '5212ca1da3881717f9cade00810a523e') in 0.0065546 seconds
Number of updated asset objects reloaded before import = 0Number of asset objects unloaded after import = 37

========================================================================
Received Import Request.
  Time since last request: 0.000030 seconds.
  path: Packages/com.unity.render-pipelines.core/Runtime/Debugging/Prefabs/Widgets/DebugUIEnumField.prefab
  artifactKey: Guid(988db55689193434fb0b3b89538f978f) Importer(815301076,1909f56bfc062723c751e8b465ee728b)
Start importing Packages/com.unity.render-pipelines.core/Runtime/Debugging/Prefabs/Widgets/DebugUIEnumField.prefab using Guid(988db55689193434fb0b3b89538f978f) Importer(815301076,1909f56bfc062723c751e8b465ee728b) (PreviewImporter) -> (artifact id: '985c2378e44f008df52d64d03e06e5bd') in 0.0041679 seconds
Number of updated asset objects reloaded before import = 0Number of asset objects unloaded after import = 27

========================================================================
Received Import Request.
  Time since last request: 0.000036 seconds.
  path: Packages/com.unity.render-pipelines.universal/Tests/Editor/Tools/Converters/ReadonlyMaterialConverter/Cube.prefab
  artifactKey: Guid(95cb9745d0f90ed4cb2976ad2147b05d) Importer(815301076,1909f56bfc062723c751e8b465ee728b)
Start importing Packages/com.unity.render-pipelines.universal/Tests/Editor/Tools/Converters/ReadonlyMaterialConverter/Cube.prefab using Guid(95cb9745d0f90ed4cb2976ad2147b05d) Importer(815301076,1909f56bfc062723c751e8b465ee728b) (PreviewImporter) -> (artifact id: 'b475cb687ea39189f552833eb77fcd9e') in 1.6951515 seconds
Number of updated asset objects reloaded before import = 0Number of asset objects unloaded after import = 7

========================================================================
Received Import Request.
  Time since last request: 197.123806 seconds.
  path: Assets/TextMesh Pro/Examples & Extras/Resources/Fonts & Materials/Anton SDF - Drop Shadow.mat
  artifactKey: Guid(749b9069dc4742c5bfa5c74644049926) Importer(815301076,1909f56bfc062723c751e8b465ee728b)
Start importing Assets/TextMesh Pro/Examples & Extras/Resources/Fonts & Materials/Anton SDF - Drop Shadow.mat using Guid(749b9069dc4742c5bfa5c74644049926) Importer(815301076,1909f56bfc062723c751e8b465ee728b) (PreviewImporter) -> (artifact id: 'e0b52fcf12fefc8c62ca314883954658') in 0.0805787 seconds
Number of updated asset objects reloaded before import = 0Number of asset objects unloaded after import = 2

========================================================================
Received Import Request.
  Time since last request: 0.000046 seconds.
  path: Assets/TextMesh Pro/Examples & Extras/Resources/Fonts & Materials/Bangers SDF Logo - URP.mat
  artifactKey: Guid(6751ce1a4611b3940812c13a6847d94f) Importer(815301076,1909f56bfc062723c751e8b465ee728b)
Start importing Assets/TextMesh Pro/Examples & Extras/Resources/Fonts & Materials/Bangers SDF Logo - URP.mat using Guid(6751ce1a4611b3940812c13a6847d94f) Importer(815301076,1909f56bfc062723c751e8b465ee728b) (PreviewImporter) -> (artifact id: '8e88df913c3d67f980e0d5923ad94d07') in 0.0183181 seconds
Number of updated asset objects reloaded before import = 0Number of asset objects unloaded after import = 4

========================================================================
Received Import Request.
  Time since last request: 0.000049 seconds.
  path: Assets/TextMesh Pro/Examples & Extras/Resources/Fonts & Materials/Roboto-Bold SDF - Drop Shadow.mat
  artifactKey: Guid(b246c4190f4e46ec9352fe15a7b09ce0) Importer(815301076,1909f56bfc062723c751e8b465ee728b)
Start importing Assets/TextMesh Pro/Examples & Extras/Resources/Fonts & Materials/Roboto-Bold SDF - Drop Shadow.mat using Guid(b246c4190f4e46ec9352fe15a7b09ce0) Importer(815301076,1909f56bfc062723c751e8b465ee728b) (PreviewImporter) -> (artifact id: '39057c95a70a7fa9b58bb13f66771e1f') in 0.0175875 seconds
Number of updated asset objects reloaded before import = 0Number of asset objects unloaded after import = 2

========================================================================
Received Import Request.
  Time since last request: 0.000031 seconds.
  path: Assets/TextMesh Pro/Examples & Extras/Resources/Fonts & Materials/Bangers SDF - Drop Shadow - 2 Pass.mat
  artifactKey: Guid(947a44964e53bf0448ff698b2a2219c0) Importer(815301076,1909f56bfc062723c751e8b465ee728b)
Start importing Assets/TextMesh Pro/Examples & Extras/Resources/Fonts & Materials/Bangers SDF - Drop Shadow - 2 Pass.mat using Guid(947a44964e53bf0448ff698b2a2219c0) Importer(815301076,1909f56bfc062723c751e8b465ee728b) (PreviewImporter) -> (artifact id: '1f5bd55bda29a463e54d5ecd4d4580f5') in 0.0326773 seconds
Number of updated asset objects reloaded before import = 0Number of asset objects unloaded after import = 2

========================================================================
Received Import Request.
  Time since last request: 0.000114 seconds.
  path: Assets/TextMesh Pro/Examples & Extras/Resources/Fonts & Materials/Bangers SDF.asset
  artifactKey: Guid(125cb55b44b24c4393181402bc6200e6) Importer(815301076,1909f56bfc062723c751e8b465ee728b)
Start importing Assets/TextMesh Pro/Examples & Extras/Resources/Fonts & Materials/Bangers SDF.asset using Guid(125cb55b44b24c4393181402bc6200e6) Importer(815301076,1909f56bfc062723c751e8b465ee728b) (PreviewImporter) -> (artifact id: 'df15cfc0f8ca7acb952aaae3c360c225') in 0.0613706 seconds
Number of updated asset objects reloaded before import = 0Number of asset objects unloaded after import = 6

========================================================================
Received Import Request.
  Time since last request: 0.000037 seconds.
  path: Assets/TextMesh Pro/Examples & Extras/Resources/Fonts & Materials/Roboto-Bold SDF - HDRP Unlit.mat
  artifactKey: Guid(2ddca8f46aa0838419d568affb0ca6b4) Importer(815301076,1909f56bfc062723c751e8b465ee728b)
Start importing Assets/TextMesh Pro/Examples & Extras/Resources/Fonts & Materials/Roboto-Bold SDF - HDRP Unlit.mat using Guid(2ddca8f46aa0838419d568affb0ca6b4) Importer(815301076,1909f56bfc062723c751e8b465ee728b) (PreviewImporter) -> (artifact id: '4e66ae831a279151b93b678c108c4036') in 0.0248611 seconds
Number of updated asset objects reloaded before import = 0Number of asset objects unloaded after import = 4

========================================================================
Received Import Request.
  Time since last request: 0.000038 seconds.
  path: Assets/TextMesh Pro/Examples & Extras/Resources/Fonts & Materials/Anton SDF - Outline.mat
  artifactKey: Guid(a00013af81304728b2be1f4309ee2433) Importer(815301076,1909f56bfc062723c751e8b465ee728b)
Start importing Assets/TextMesh Pro/Examples & Extras/Resources/Fonts & Materials/Anton SDF - Outline.mat using Guid(a00013af81304728b2be1f4309ee2433) Importer(815301076,1909f56bfc062723c751e8b465ee728b) (PreviewImporter) -> (artifact id: '418973cac653257e1be1c8ad692638fd') in 0.0166669 seconds
Number of updated asset objects reloaded before import = 0Number of asset objects unloaded after import = 2

========================================================================
Received Import Request.
  Time since last request: 0.000039 seconds.
  path: Assets/TextMesh Pro/Examples & Extras/Resources/Fonts & Materials/Bangers SDF Logo.mat
  artifactKey: Guid(f4e195ac1e204eff960149d1cb34e18c) Importer(815301076,1909f56bfc062723c751e8b465ee728b)
Start importing Assets/TextMesh Pro/Examples & Extras/Resources/Fonts & Materials/Bangers SDF Logo.mat using Guid(f4e195ac1e204eff960149d1cb34e18c) Importer(815301076,1909f56bfc062723c751e8b465ee728b) (PreviewImporter) -> (artifact id: '7e0068c9dfc76d38676b16c070abdc6f') in 0.0146936 seconds
Number of updated asset objects reloaded before import = 0Number of asset objects unloaded after import = 4

========================================================================
Received Import Request.
  Time since last request: 0.000040 seconds.
  path: Assets/TextMesh Pro/Examples & Extras/Resources/Fonts & Materials/Roboto-Bold SDF - Surface.mat
  artifactKey: Guid(e6b276ec991f467aa14ef1f3cc665993) Importer(815301076,1909f56bfc062723c751e8b465ee728b)
Start importing Assets/TextMesh Pro/Examples & Extras/Resources/Fonts & Materials/Roboto-Bold SDF - Surface.mat using Guid(e6b276ec991f467aa14ef1f3cc665993) Importer(815301076,1909f56bfc062723c751e8b465ee728b) (PreviewImporter) -> (artifact id: '76434d243843c672e50a9b4ccfd4d357') in 0.0189233 seconds
Number of updated asset objects reloaded before import = 0Number of asset objects unloaded after import = 2

Editor requested this worker to shutdown with reason: Scaling down because of idle timeout
AssetImportWorker is now disconnected from the server
Process exiting
Exiting without the bug reporter. Application will terminate with return code 0